pid,QID287_1,QID287_2,QID287_3,QID287_4,QID287_5,QID287_6,QID287_7,QID287_10,QID287_11,QID287_12,QID154,QID158,QID160_1,QID160_2,QID160_3,QID161,QID165,QID166_TEXT,QID169,QID170_TEXT,QID171,QID174,QID177,QID181_TEXT,QID184,QID191,QID192,QID195,QID203_1,QID203_2,QID203_3,QID203_4,QID203_5,QID203_6,QID288_1,QID288_2,QID288_3,QID288_4,QID289_1,QID289_2,QID289_3,QID289_4,QID291,QID196,QID290_1,QID290_2,QID290_3,QID290_4,QID290_5,QID290_6,QID290_7,QID290_10,QID290_11,QID290_12,QID9_1,QID9_2,QID9_3,QID9_4,QID9_5,QID9_6,QID9_7,QID9_8,QID9_9,QID9_10,QID9_11,QID9_12,QID9_13,QID9_14,QID9_15,QID9_16,QID9_17,QID9_18,QID9_19,QID9_20,QID9_21,QID9_22,QID9_23,QID9_24,QID9_25,QID9_26,QID9_27,QID9_28,QID9_29,QID9_30,QID9_31,QID9_32,QID9_33,QID9_34,QID9_35,QID9_36,QID9_37,QID9_38,QID9_39,QID9_40,QID162,QID163,QID164_TEXT,QID167,QID168_TEXT,QID182_TEXT,QID190,QID194,QID198_1,QID198_2,QID198_3,QID198_4,QID198_5,QID198_6,QID198_7,QID198_8,QID198_9,QID198_10,QID156,QID157,QID172,QID175,QID178,QID183,QID193,QID159_1,QID159_2,QID159_3,QID173,QID176,QID179,QID189
1,4,4,5,5,5,1,5,5,5,4,82.0,6.0,3.0,5.0,5.0,6.0,2.0,54,2.0,400,5.0,5.0,6.0,5,2.0,3.0,1.0,6.0,1.0,1.0,1.0,2.0,2.0,1.0,7,1,1,1,1,7,7,7,1,2,100.0,100.0,100.0,100.0,92.0,27.0,71.0,100.0,81.0,100.0,2,1,1,1,2,2,2,1,1,1,2,1,2,1,2,2,1,2,1,1,1,1,2,1,2,2,1,2,1,2,2,2,2,1,2,2,1,1,1,1,,,,,,,,,,,,,,,,,,,,,,,,,,,,,,,,
2,5,4,5,5,4,5,5,5,3,3,80.0,3.0,4.0,4.0,3.0,,,,,,2.0,2.0,3.0,,2.0,,1.0,,,,,,,,6,2,3,2,2,3,6,7,2,2,45.0,40.0,45.0,40.0,50.0,40.0,40.0,45.0,65.0,50.0,1,2,1,2,1,1,1,2,1,2,2,2,1,2,2,2,2,2,2,2,2,1,2,1,2,1,2,2,1,2,1,2,2,2,2,2,2,1,2,2,6.0,2.0,10,1.0,200,15,3.0,6.0,1.0,1.0,1.0,1.0,1.0,1.0,1.0,1.0,1.0,1.0,,,,,,,,,,,,,,
3,4,2,2,3,4,5,2,5,4,3,,,4.0,3.0,2.0,6.0,,,,,,,,12,,,,6.0,1.0,1.0,2.0,1.0,1.0,2.0,6,2,6,6,3,5,5,5,4,2,40.0,10.0,25.0,25.0,40.0,60.0,10.0,100.0,66.0,57.0,1,2,2,2,1,1,1,2,2,2,1,2,2,1,2,1,1,2,1,2,2,2,2,2,2,2,2,2,2,2,2,2,2,2,2,2,1,2,1,1,,1.0,22,1.0,220,,7.0,,,,,,,,,,,,61.0,3.0,2.0,5.0,6.0,1.0,2.0,,,,,,,
4,5,5,5,5,5,5,5,5,3,5,70.0,,,,,7.0,2.0,54,2.0,380,,,,,1.0,2.0,2.0,,,,,,,,7,1,1,1,1,7,7,7,4,2,50.0,50.0,63.0,59.0,52.0,55.0,50.0,90.0,50.0,76.0,2,2,1,2,2,1,2,2,2,2,1,2,2,2,2,2,2,2,2,2,1,2,1,2,2,2,2,1,2,1,2,2,2,2,2,2,2,2,2,2,,,,,,10,,6.0,1.0,1.0,1.0,1.0,1.0,1.0,1.0,1.0,1.0,1.0,,6.0,3.0,5.0,6.0,,,4.0,4.0,1.0,,,,
5,2,3,3,4,4,2,5,4,4,4,55.0,4.0,,,,,,,,,,,,,,,2.0,2.0,1.0,1.0,2.0,1.0,2.0,1.0,7,2,4,3,3,6,7,6,3,2,29.0,17.0,26.0,73.0,75.0,24.0,84.0,99.0,90.0,99.0,1,2,2,2,2,1,2,1,2,1,2,1,2,2,1,2,2,2,1,2,1,1,1,2,1,2,2,2,1,1,2,1,1,1,2,2,1,2,1,2,3.0,1.0,50,1.0,300,8,10.0,,,,,,,,,,,,,,4.0,5.0,5.0,2.0,,2.0,3.0,2.0,,,,
6,5,4,5,5,4,5,5,5,1,5,30.0,2.0,3.0,3.0,4.0,,2.0,26,2.0,550,,,,20,2.0,2.0,1.0,,1.0,1.0,1.0,1.0,2.0,2.0,7,2,2,2,5,6,7,7,3,1,80.0,65.0,80.0,75.0,80.0,65.0,65.0,85.0,40.0,70.0,2,1,2,2,2,1,1,2,2,2,2,2,2,2,1,2,2,1,2,2,2,2,1,1,2,1,2,2,2,1,2,1,2,2,2,2,1,1,2,2,5.0,,,,,,,6.0,,,,,,,,,,,,,,,,,,,,,4.0,5.0,5.0,
7,5,4,5,4,4,5,5,5,2,4,30.0,,4.0,5.0,3.0,,1.0,100,1.0,5000,,,,10,,4.0,1.0,,1.0,1.0,2.0,2.0,1.0,2.0,7,4,5,4,5,6,7,6,3,2,40.0,31.0,30.0,60.0,50.0,42.0,75.0,25.0,55.0,48.0,1,1,2,1,2,2,2,1,1,2,1,1,1,1,1,1,2,2,1,2,1,1,1,1,1,1,1,2,1,2,2,2,1,2,1,2,2,2,2,2,6.0,,,,,,,4.0,,,,,,,,,,,,3.0,1.0,4.0,5.0,1.0,,,,,,,,
8,4,3,4,4,4,3,3,4,5,4,,2.0,,,,,,,,,1.0,4.0,4.0,,,1.0,,,1.0,2.0,2.0,1.0,1.0,2.0,6,1,4,4,5,5,5,5,3,1,58.0,43.0,69.0,41.0,59.0,53.0,39.0,74.0,28.0,56.0,2,2,2,1,2,2,2,1,1,2,2,2,2,2,1,1,1,2,2,2,2,1,2,2,1,1,1,2,2,2,1,1,1,2,1,1,1,1,1,2,6.0,1.0,54,1.0,365,12,,6.0,,,,,,,,,,,70.0,,,,,1.0,2.0,4.0,3.0,3.0,,,,
9,4,4,3,5,5,2,4,5,5,2,30.0,2.0,3.0,3.0,3.0,,,,,,,,,,2.0,,,,,,,,,,7,2,6,6,3,7,6,5,1,1,40.0,50.0,30.0,50.0,70.0,35.0,80.0,75.0,80.0,60.0,2,2,2,2,1,2,1,1,1,2,1,2,2,1,2,1,1,1,1,1,2,2,1,2,1,1,2,1,1,2,2,1,2,2,2,1,2,2,2,1,5.0,1.0,15,1.0,120,10,,5.0,1.0,1.0,1.0,1.0,1.0,1.0,1.0,1.0,1.0,1.0,,,4.0,4.0,4.0,,2.0,,,,,,,4.0
10,5,5,5,5,4,5,5,5,1,1,,,2.0,1.0,1.0,5.0,2.0,48,,,,,,15,,,1.0,6.0,1.0,1.0,1.0,1.0,1.0,1.0,6,3,5,6,3,5,6,6,4,1,57.0,53.0,65.0,46.0,54.0,32.0,67.0,48.0,48.0,35.0,2,2,1,2,2,1,2,2,2,2,2,2,2,2,2,2,1,2,1,2,1,2,2,2,2,2,2,2,2,2,2,2,2,2,2,2,1,2,2,2,,,,1.0,245,,,,,,,,,,,,,,70.0,4.0,2.0,5.0,6.0,2.0,,,,,,,,6.0
11,4,3,4,5,4,1,5,3,5,5,,1.0,5.0,5.0,6.0,7.0,2.0,35,,,1.0,5.0,4.0,8,1.0,,,,1.0,1.0,1.0,2.0,1.0,2.0,5,2,1,1,1,7,7,7,2,2,34.0,5.0,47.0,41.0,46.0,22.0,100.0,50.0,97.0,94.0,1,2,1,1,1,1,1,2,2,2,2,2,2,2,1,2,2,2,2,2,2,2,2,2,2,2,2,1,2,2,2,1,2,2,2,2,2,2,2,2,,,,1.0,140,,10.0,6.0,,,,,,,,,,,95.0,,,,,,1.0,,,,,,,
12,4,4,4,5,5,4,4,5,5,5,70.0,,,,,5.0,,,1.0,1100,2.0,5.0,6.0,5,2.0,1.0,1.0,,,,,,,,7,1,6,5,2,5,5,6,3,2,61.0,56.0,71.0,79.0,79.0,34.0,77.0,78.0,84.0,67.0,1,1,2,1,2,1,1,2,1,1,1,1,1,2,2,2,2,2,1,1,2,2,2,2,2,2,1,1,1,1,2,1,1,1,1,1,2,1,2,2,,1.0,16,,,,,5.0,1.0,1.0,2.0,1.0,2.0,1.0,1.0,1.0,2.0,1.0,,5.0,,,,,,4.0,2.0,2.0,,,,
13,5,5,5,5,5,5,5,5,1,3,,,,,,6.0,,,,,,,,15,,,,,,,,,,,7,1,3,5,1,7,7,5,3,1,30.0,20.0,40.0,50.0,60.0,70.0,100.0,30.0,60.0,30.0,1,1,2,1,2,2,1,1,1,1,2,1,1,1,1,1,1,1,1,1,2,2,2,1,2,2,1,1,2,2,1,2,1,2,2,2,1,1,1,2,,1.0,45,1.0,250,,,3.0,1.0,2.0,1.0,1.0,1.0,2.0,1.0,1.0,1.0,2.0,50.0,3.0,1.0,5.0,6.0,1.0,1.0,3.0,3.0,3.0,,,,5.0
14,5,5,5,5,5,4,5,5,2,3,,3.0,,,,6.0,2.0,43,,,1.0,5.0,4.0,16,2.0,,1.0,6.0,,,,,,,6,1,4,6,2,6,5,1,3,1,78.0,71.0,78.0,82.0,82.0,73.0,80.0,80.0,20.0,71.0,1,2,2,2,2,2,1,2,1,1,2,2,2,1,2,1,2,1,1,2,2,2,2,2,2,1,1,2,2,2,2,1,2,2,2,2,2,1,1,1,,,,1.0,120,,,,1.0,1.0,1.0,1.0,1.0,1.0,1.0,1.0,1.0,1.0,70.0,,,,,,,3.0,3.0,3.0,,,,3.0
15,5,3,5,4,4,4,5,5,5,5,,4.0,4.0,4.0,3.0,,2.0,47,2.0,385,,,,,1.0,,,3.0,,,,,,,7,2,1,2,3,5,7,6,2,2,20.0,10.0,15.0,10.0,20.0,7.0,50.0,65.0,40.0,75.0,2,2,2,2,2,2,2,2,2,1,2,2,2,2,1,2,2,2,2,2,2,2,2,2,2,2,2,2,2,1,2,2,2,1,2,2,2,2,2,2,2.0,,,,,5,,,1.0,1.0,1.0,1.0,1.0,1.0,1.0,2.0,2.0,2.0,75.0,,,,,,2.0,,,,4.0,5.0,6.0,3.0
16,1,1,2,5,4,4,5,5,4,4,,2.0,2.0,2.0,5.0,2.0,,,2.0,500,,,,10,,1.0,2.0,5.0,,,,,,,7,1,7,1,2,7,5,4,1,1,26.0,15.0,54.0,79.0,73.0,72.0,69.0,69.0,58.0,69.0,1,1,2,2,1,2,2,1,2,2,2,2,2,2,2,1,2,2,1,2,1,2,1,1,1,2,2,2,2,2,1,2,2,2,2,1,2,1,2,2,,1.0,20,,,,,,1.0,1.0,1.0,1.0,1.0,1.0,1.0,1.0,1.0,1.0,70.0,,,,,1.0,,,,,3.0,5.0,6.0,
17,3,5,5,5,1,2,1,5,4,1,30.0,,,,,2.0,,,,,1.0,4.0,5.0,20,,,1.0,,1.0,1.0,1.0,1.0,1.0,1.0,7,1,1,1,1,7,7,7,1,1,25.0,59.0,70.0,66.0,7.0,53.0,29.0,89.0,54.0,0.0,2,2,2,2,2,2,2,2,2,2,2,2,2,2,2,2,2,2,2,2,2,2,2,2,2,2,2,2,2,2,2,2,2,2,2,2,2,2,2,2,,1.0,97,1.0,245,,,6.0,,,,,,,,,,,,1.0,,,,2.0,,3.0,3.0,2.0,,,,1.0
18,5,4,5,5,5,5,4,5,1,2,70.0,,4.0,3.0,3.0,,1.0,79,2.0,375,,,,,2.0,,2.0,6.0,1.0,1.0,1.0,1.0,1.0,1.0,6,1,2,2,2,6,7,7,3,1,53.0,46.0,49.0,67.0,72.0,56.0,57.0,84.0,48.0,50.0,2,2,1,1,1,1,2,2,2,2,2,2,2,1,2,1,2,2,2,2,2,2,1,2,2,2,1,1,1,2,1,2,2,2,1,1,1,2,2,1,6.0,,,,,11,,,,,,,,,,,,,,3.0,1.0,5.0,5.0,,,,,,,,,2.0
19,5,5,5,5,5,5,5,5,3,3,81.0,,,,,6.0,1.0,70,1.0,1500,,,,5,,3.0,,5.0,,,,,,,6,4,1,3,5,6,7,6,4,1,40.0,81.0,47.0,34.0,47.0,37.0,56.0,50.0,19.0,47.0,2,2,1,2,1,2,1,1,2,2,1,1,2,2,1,2,1,2,1,2,1,2,1,1,1,1,1,1,1,2,1,2,2,2,2,2,1,1,1,1,,,,,,,,,1.0,2.0,1.0,1.0,2.0,1.0,1.0,2.0,1.0,1.0,,3.0,3.0,4.0,5.0,1.0,1.0,3.0,4.0,2.0,,,,
20,4,2,4,2,4,4,4,2,4,3,75.0,5.0,,,,5.0,2.0,15,1.0,2500,,,,15,,,,5.0,1.0,1.0,1.0,1.0,1.0,1.0,6,3,6,5,2,5,6,6,3,1,40.0,30.0,50.0,40.0,50.0,55.0,65.0,40.0,55.0,70.0,2,1,1,2,2,1,2,2,2,1,1,2,2,2,2,1,1,1,2,2,2,2,2,1,2,1,1,2,2,1,1,2,2,2,1,2,2,2,1,1,,,,,,,,,,,,,,,,,,,,,,,,1.0,2.0,4.0,4.0,2.0,1.0,4.0,5.0,4.0
21,4,4,4,5,5,4,5,5,3,5,,,2.0,5.0,4.0,,,,,,,,,,,,1.0,4.0,1.0,1.0,1.0,1.0,1.0,1.0,6,1,5,5,2,6,6,6,3,2,28.0,18.0,23.0,88.0,85.0,38.0,54.0,78.0,62.0,53.0,2,2,2,1,1,2,2,2,2,2,1,2,2,2,1,2,2,2,2,2,2,2,2,2,2,1,2,1,1,1,2,2,2,1,2,2,2,2,2,2,6.0,1.0,30,1.0,200,5,8.0,,,,,,,,,,,,90.0,2.0,,,,1.0,,,,,5.0,2.0,1.0,
22,4,5,3,5,2,5,5,5,1,4,50.0,,3.0,3.0,3.0,,,,,,,,,10,1.0,,1.0,,,,,,,,5,1,3,3,3,5,5,3,1,1,30.0,20.0,25.0,25.0,35.0,25.0,40.0,75.0,60.0,50.0,2,1,1,1,1,1,2,2,2,2,2,2,2,1,1,2,2,1,2,2,1,1,2,1,2,2,1,1,1,1,2,1,1,1,2,1,2,2,2,2,5.0,1.0,15,1.0,105,,,4.0,1.0,1.0,1.0,1.0,1.0,1.0,1.0,1.0,1.0,1.0,,3.0,,,,,,,,,4.0,4.0,4.0,4.0
23,5,5,5,5,5,5,5,5,3,5,,6.0,,,,,,,1.0,1200,,,,20,,,,,1.0,1.0,1.0,1.0,1.0,1.0,5,2,5,5,1,7,7,5,4,2,61.0,25.0,19.0,22.0,55.0,27.0,50.0,52.0,68.0,56.0,2,2,2,1,1,2,2,1,1,2,1,1,2,1,1,1,2,1,1,1,1,1,1,2,1,1,1,1,2,1,1,2,1,2,1,1,1,1,2,1,7.0,2.0,10,,,,,1.0,,,,,,,,,,,70.0,,1.0,1.0,6.0,1.0,1.0,4.0,4.0,4.0,,,,2.0
24,2,4,4,3,3,1,4,4,5,4,,,4.0,4.0,5.0,,1.0,70,1.0,1250,,,,15,,3.0,1.0,,1.0,1.0,2.0,1.0,2.0,2.0,4,4,5,1,2,5,6,7,1,1,6.0,64.0,50.0,55.0,58.0,0.0,64.0,4.0,100.0,66.0,2,2,1,1,2,1,2,1,1,2,1,1,2,2,2,1,2,2,2,2,1,2,1,2,1,1,1,1,2,2,2,1,1,1,2,1,2,1,1,2,3.0,,,,,,,1.0,,,,,,,,,,,15.0,3.0,4.0,4.0,3.0,2.0,,,,,,,,
25,5,5,5,5,5,5,3,5,3,3,,3.0,,,,,,,2.0,900,,,,5,1.0,,1.0,,1.0,2.0,1.0,2.0,1.0,2.0,7,4,4,4,4,4,7,7,2,1,52.0,53.0,52.0,32.0,34.0,34.0,33.0,81.0,54.0,49.0,2,2,1,1,2,1,2,1,1,2,2,1,2,1,1,2,1,2,1,1,2,1,2,1,2,2,2,1,2,1,2,1,1,1,1,1,1,1,1,1,6.0,2.0,10,,,,,3.0,,,,,,,,,,,50.0,,3.0,3.0,4.0,,,4.0,4.0,4.0,,,,1.0
26,4,4,4,5,5,5,5,5,3,2,69.0,,3.0,3.0,3.0,,,,2.0,175,,,,,2.0,1.0,,,1.0,2.0,1.0,1.0,2.0,1.0,6,1,4,4,1,7,7,7,4,2,41.0,27.0,31.0,26.0,37.0,28.0,34.0,28.0,77.0,30.0,2,2,1,2,2,2,2,2,2,2,2,2,1,2,2,2,2,2,2,2,1,1,2,2,2,1,1,2,2,2,2,1,2,2,2,2,1,2,2,2,7.0,1.0,22,,,0,,4.0,,,,,,,,,,,,2.0,,,,,2.0,,,,1.0,2.0,1.0,
27,3,4,3,5,4,4,4,4,3,4,81.0,4.0,3.0,3.0,3.0,6.0,,,2.0,600,,,,18,2.0,,2.0,4.0,,,,,,,7,1,5,5,2,6,4,4,3,1,18.0,15.0,10.0,25.0,49.0,13.0,50.0,75.0,54.0,54.0,2,2,1,2,2,2,1,1,2,2,2,2,1,2,2,1,2,2,2,1,2,2,2,2,2,1,2,2,2,2,2,2,2,2,1,1,2,2,2,1,,2.0,8,,,,10.0,,1.0,1.0,1.0,1.0,1.0,1.0,1.0,1.0,1.0,1.0,,,1.0,5.0,6.0,,,,,,,,,
28,3,4,4,5,5,4,4,5,3,5,85.0,4.0,,,,,2.0,5,,,3.0,4.0,5.0,,,,,5.0,,,,,,,6,4,3,3,5,5,5,5,4,1,20.0,20.0,26.0,75.0,75.0,31.0,55.0,81.0,62.0,44.0,1,1,2,2,1,2,1,1,2,2,1,2,2,2,2,2,1,1,1,1,1,2,2,2,2,2,2,2,2,2,2,2,2,2,1,2,2,1,2,2,6.0,,,1.0,130,10,8.0,,1.0,1.0,1.0,1.0,1.0,2.0,2.0,2.0,2.0,2.0,,,,,,1.0,2.0,5.0,5.0,4.0,,,,
29,2,5,5,5,5,5,5,5,4,5,,,,,,,2.0,54,,,,,,15,,,,,,,,,,,6,2,6,6,1,5,7,7,3,1,30.0,80.0,40.0,30.0,70.0,40.0,75.0,96.0,90.0,90.0,2,2,1,1,1,1,1,2,1,1,2,1,2,2,1,1,2,2,2,2,1,1,2,1,2,1,2,2,2,2,1,2,2,1,1,2,1,2,2,2,6.0,,,1.0,379,,,6.0,1.0,1.0,1.0,2.0,1.0,1.0,1.0,1.0,2.0,1.0,70.0,2.0,,,,1.0,2.0,5.0,4.0,4.0,1.0,5.0,6.0,10.0
30,1,3,3,5,5,5,5,5,5,3,30.0,,,,,,,,2.0,392,,,,10,2.0,,,5.0,1.0,1.0,2.0,1.0,2.0,2.0,7,2,4,5,4,7,4,5,3,2,18.0,75.0,32.0,95.0,90.0,88.0,95.0,100.0,77.0,77.0,2,2,2,1,2,2,1,2,2,2,2,2,1,1,2,2,2,2,2,1,1,2,1,2,2,2,1,1,1,1,1,2,1,2,1,1,2,1,1,1,6.0,2.0,9,,,,,,,,,,,,,,,,,4.0,,,,,2.0,2.0,4.0,3.0,3.0,5.0,4.0,2.0
31,5,5,5,5,4,5,5,5,2,4,,,,,,,2.0,60,,,,,,,,,2.0,5.0,1.0,1.0,2.0,1.0,2.0,1.0,6,2,5,5,2,5,6,6,2,2,30.0,64.0,55.0,69.0,77.0,71.0,62.0,36.0,48.0,69.0,1,2,1,2,1,1,2,2,2,2,2,1,1,1,1,2,2,2,2,2,1,2,2,2,2,1,1,2,2,1,2,2,2,2,1,2,2,2,2,1,6.0,,,1.0,80,5,,,,,,,,,,,,,70.0,6.0,,,,2.0,,5.0,6.0,3.0,4.0,5.0,5.0,3.0
32,5,5,5,5,5,5,5,5,1,1,50.0,4.0,3.0,3.0,3.0,6.0,2.0,35,,,1.0,5.0,6.0,,,,1.0,6.0,,,,,,,7,1,1,1,1,7,7,7,1,1,50.0,50.0,50.0,50.0,50.0,50.0,50.0,50.0,50.0,50.0,2,2,2,1,2,2,2,2,2,2,1,2,2,2,1,2,2,2,2,2,2,2,2,1,2,2,1,1,1,2,2,2,2,2,2,1,1,2,2,2,,,,1.0,95,0,,,1.0,1.0,1.0,1.0,1.0,1.0,1.0,1.0,1.0,1.0,,,,,,1.0,,,,,,,,1.0
33,4,4,4,4,4,5,5,5,2,3,,,,,,,1.0,110,2.0,300,,,,,,1.0,1.0,,1.0,2.0,1.0,2.0,1.0,1.0,7,2,2,2,3,5,6,6,2,2,38.0,17.0,15.0,18.0,22.0,3.0,55.0,17.0,31.0,5.0,2,2,1,2,2,2,2,2,2,2,1,2,2,2,2,2,2,2,1,2,1,2,2,2,1,2,2,2,2,2,2,1,2,2,2,2,2,2,1,2,6.0,,,,,10,,3.0,,,,,,,,,,,71.0,2.0,2.0,3.0,1.0,2.0,,4.0,4.0,2.0,,,,
34,4,4,3,4,4,1,4,4,5,4,20.0,,3.0,4.0,2.0,,,,2.0,200,1.0,4.0,4.0,15,,,1.0,,,,,,,,6,3,5,5,2,5,7,5,3,1,71.0,59.0,67.0,53.0,71.0,61.0,72.0,60.0,75.0,48.0,2,1,1,1,2,1,2,2,2,1,1,2,1,2,2,2,2,1,1,2,2,2,2,2,2,2,2,2,2,2,2,2,2,1,2,2,1,2,2,2,6.0,1.0,35,,,,,4.0,1.0,1.0,1.0,1.0,1.0,1.0,1.0,1.0,1.0,1.0,,3.0,,,,2.0,,,,,,,,4.0
35,1,1,1,1,3,1,4,3,5,3,30.0,,2.0,4.0,4.0,6.0,2.0,20,,,,,,,,,1.0,,,,,,,,5,3,3,3,3,5,5,5,3,2,35.0,15.0,20.0,45.0,60.0,15.0,75.0,50.0,50.0,50.0,2,1,2,2,1,1,2,1,1,2,2,2,1,2,1,1,2,2,2,2,2,2,2,2,2,2,1,2,2,2,2,2,2,2,2,2,2,2,2,2,,,,1.0,120,10,4.0,3.0,1.0,1.0,1.0,1.0,1.0,1.0,1.0,1.0,1.0,1.0,,3.0,3.0,5.0,6.0,1.0,,,,,,,,
36,5,5,5,5,5,5,5,5,1,5,,3.0,3.0,3.0,2.0,7.0,2.0,45,1.0,1200,1.0,5.0,6.0,,,,1.0,,,,,,,,6,1,5,3,2,6,7,7,4,2,87.0,45.0,100.0,85.0,100.0,79.0,95.0,95.0,4.0,70.0,1,2,2,1,2,1,2,1,1,2,2,1,1,2,2,2,2,2,2,1,2,2,2,2,2,2,2,2,2,2,2,1,2,1,2,2,2,2,2,2,,,,,,5,2.0,2.0,1.0,1.0,2.0,1.0,1.0,1.0,2.0,1.0,1.0,1.0,75.0,,,,,2.0,,,,,,,,
37,5,5,5,5,4,5,5,5,1,2,30.0,3.0,,,,6.0,,,,,2.0,5.0,6.0,20,2.0,,2.0,6.0,,,,,,,7,2,4,4,3,6,6,6,3,1,80.0,60.0,60.0,70.0,70.0,55.0,75.0,75.0,40.0,50.0,2,1,2,2,2,2,2,1,2,2,1,1,2,2,2,1,1,1,1,2,1,2,2,2,2,2,1,2,2,2,1,2,2,1,1,2,2,1,2,2,,1.0,30,1.0,250,,10.0,,1.0,1.0,1.0,1.0,1.0,1.0,1.0,1.0,1.0,1.0,,,,,,,,4.0,4.0,2.0,,,,
38,2,2,2,2,2,2,2,2,2,2,58.0,6.0,2.0,2.0,2.0,,2.0,0,2.0,380,,,,,2.0,,2.0,3.0,1.0,1.0,1.0,2.0,1.0,1.0,6,1,5,6,3,6,5,5,2,1,20.0,21.0,23.0,20.0,19.0,20.0,22.0,5.0,83.0,12.0,1,2,1,2,1,2,1,1,1,2,1,2,1,1,2,1,2,2,1,2,1,1,2,2,2,2,1,1,2,1,2,2,2,1,1,1,2,1,2,1,6.0,,,,,15,,,,,,,,,,,,,,,2.0,3.0,4.0,,,,,,,,,1.0
39,1,1,1,1,4,4,2,1,5,4,46.0,,,,,,2.0,40,,,,,,8,,1.0,1.0,,2.0,1.0,1.0,2.0,1.0,1.0,7,4,5,5,5,5,6,6,2,2,47.0,42.0,40.0,51.0,61.0,59.0,61.0,52.0,61.0,93.0,1,1,2,2,2,1,2,1,2,1,2,2,1,2,2,1,2,1,2,2,1,1,2,2,2,2,1,2,1,2,1,2,2,1,2,2,2,1,2,2,6.0,,,1.0,100,,,3.0,,,,,,,,,,,,2.0,,,,1.0,,4.0,4.0,2.0,1.0,2.0,3.0,
40,4,4,3,3,3,4,3,5,5,4,95.0,5.0,,,,,2.0,1,2.0,330,,,,15,2.0,,,5.0,2.0,1.0,1.0,1.0,2.0,1.0,6,2,3,3,5,6,7,6,3,1,40.0,40.0,20.0,55.0,75.0,25.0,40.0,93.0,90.0,25.0,2,2,1,1,1,1,1,1,1,1,2,1,1,1,1,2,1,1,2,1,1,2,1,2,2,2,1,2,1,2,1,1,1,1,1,2,2,2,1,1,6.0,,,,,,,,,,,,,,,,,,,,,,,,2.0,4.0,4.0,4.0,4.0,5.0,6.0,2.0
41,3,3,2,3,4,3,5,5,4,4,,,,,,5.0,,,,,,,,,1.0,,,,1.0,1.0,1.0,2.0,1.0,1.0,6,2,4,3,3,5,5,5,3,1,44.0,53.0,54.0,67.0,61.0,56.0,86.0,87.0,50.0,73.0,1,2,1,1,1,1,2,2,2,2,1,1,2,1,2,1,2,1,1,1,2,2,2,2,2,1,1,1,1,1,1,1,1,1,2,1,2,2,1,2,,1.0,50,1.0,350,10,,4.0,,,,,,,,,,,90.0,3.0,,,,,2.0,4.0,5.0,3.0,4.0,5.0,3.0,3.0
42,2,4,4,5,4,5,5,3,3,4,80.0,,,,,,,,,,1.0,5.0,4.0,2,,,,,1.0,1.0,1.0,1.0,1.0,1.0,6,4,6,6,2,3,6,5,2,1,20.0,35.0,35.0,40.0,50.0,45.0,45.0,30.0,45.0,20.0,1,1,2,2,2,1,1,1,1,2,2,1,2,2,2,1,1,2,2,2,2,1,2,1,1,2,2,2,2,2,2,2,2,2,2,1,1,1,2,1,5.0,1.0,35,1.0,130,,,4.0,,,,,,,,,,,,3.0,,,,1.0,2.0,3.0,5.0,2.0,,,,4.0
43,3,3,4,4,4,3,4,4,3,4,58.0,,,,,4.0,,,2.0,500,,,,,1.0,,,1.0,1.0,1.0,1.0,1.0,2.0,2.0,5,1,1,1,3,7,7,6,2,2,47.0,64.0,57.0,83.0,41.0,62.0,40.0,73.0,46.0,81.0,1,1,1,2,1,1,1,1,2,2,2,1,2,1,2,1,1,1,1,2,2,1,1,1,2,1,1,1,2,2,1,1,1,1,1,2,1,1,1,1,,1.0,20,,,12,,,,,,,,,,,,,,4.0,,,,,1.0,4.0,3.0,4.0,4.0,4.0,3.0,2.0
44,5,5,5,5,5,5,5,5,1,3,30.0,,,,,,,,2.0,500,,,,20,,1.0,2.0,,,,,,,,7,4,4,4,2,3,4,3,4,1,10.0,20.0,10.0,20.0,20.0,5.0,5.0,3.0,70.0,5.0,2,2,1,1,2,1,1,1,2,1,2,2,1,2,1,1,2,1,2,2,2,2,2,1,2,1,2,1,1,1,1,1,1,2,1,2,2,2,1,2,5.0,1.0,20,,,,,6.0,1.0,1.0,1.0,1.0,1.0,1.0,1.0,2.0,2.0,2.0,,1.0,,,,2.0,,3.0,3.0,3.0,1.0,5.0,6.0,
45,2,2,2,2,4,1,3,4,5,4,,,5.0,4.0,5.0,,2.0,52,2.0,280,,,,5,1.0,,1.0,,,,,,,,6,2,2,2,2,5,6,5,3,2,54.0,53.0,57.0,61.0,73.0,11.0,80.0,65.0,98.0,81.0,2,2,1,1,2,1,2,2,1,2,2,1,2,2,1,1,2,2,1,1,1,2,2,1,1,1,1,2,1,1,2,1,1,1,2,1,1,2,2,1,4.0,,,,,,9.0,4.0,1.0,1.0,2.0,1.0,1.0,2.0,1.0,2.0,1.0,1.0,92.0,4.0,1.0,4.0,5.0,,,,,,,,,
46,2,3,1,3,3,1,4,5,3,3,,3.0,,,,,,,2.0,600,1.0,1.0,4.0,,2.0,,,,,,,,,,4,1,4,4,1,5,4,5,3,1,30.0,35.0,40.0,40.0,35.0,35.0,30.0,50.0,30.0,50.0,1,2,2,2,2,1,2,2,2,2,2,2,1,2,2,2,1,2,1,2,1,1,2,2,1,1,2,2,2,2,2,1,2,1,2,2,2,1,1,2,6.0,1.0,20,,,10,9.0,4.0,1.0,1.0,1.0,1.0,2.0,1.0,1.0,2.0,1.0,1.0,70.0,,,,,,1.0,2.0,2.0,2.0,,,,
47,1,1,1,1,1,2,3,2,5,5,,5.0,4.0,3.0,5.0,6.0,2.0,48,2.0,950,,,,,,,,,,,,,,,6,5,7,6,5,7,3,3,3,1,27.0,30.0,22.0,39.0,43.0,36.0,56.0,68.0,52.0,73.0,1,2,1,1,2,1,1,2,2,2,2,2,1,2,1,2,2,1,2,1,1,2,2,2,2,1,1,2,2,2,1,1,1,2,2,1,1,2,1,1,,,,,,10,,3.0,2.0,1.0,1.0,1.0,2.0,1.0,1.0,2.0,2.0,1.0,36.0,,5.0,4.0,2.0,2.0,1.0,,,,,,,3.0
48,4,4,4,5,4,5,5,5,3,1,,,,,,6.0,2.0,54,,,,,,,,,,6.0,1.0,1.0,2.0,1.0,1.0,2.0,7,2,3,6,5,6,6,6,4,1,19.0,10.0,10.0,81.0,51.0,60.0,52.0,85.0,40.0,41.0,2,1,1,1,1,2,1,2,2,2,1,2,1,2,2,2,2,2,2,2,2,1,2,2,2,2,1,2,2,2,1,1,2,2,2,2,2,2,1,2,,,,1.0,120,0,10.0,,,,,,,,,,,,70.0,1.0,5.0,5.0,6.0,1.0,2.0,5.0,4.0,1.0,,,,
49,2,5,5,4,4,4,5,5,4,4,85.0,,3.0,5.0,4.0,5.0,,,,,1.0,4.0,6.0,20,2.0,,2.0,,1.0,1.0,2.0,1.0,2.0,2.0,7,1,6,6,5,6,7,6,3,2,25.0,75.0,50.0,40.0,50.0,50.0,75.0,65.0,75.0,60.0,2,1,2,1,2,2,1,1,2,2,1,1,2,1,1,2,2,2,2,1,1,1,2,2,2,2,1,2,1,2,1,1,2,2,2,1,2,2,2,2,,1.0,50,1.0,115,,,6.0,,,,,,,,,,,,3.0,,,,,,,,,,,,3.0
50,5,4,5,5,5,5,5,5,3,5,,4.0,2.0,5.0,2.0,6.0,2.0,30,,,,,,,,,2.0,4.0,,,,,,,7,3,2,3,2,5,6,6,3,2,80.0,40.0,60.0,70.0,80.0,60.0,90.0,75.0,75.0,70.0,2,2,2,2,2,2,2,2,2,2,1,2,2,1,2,1,2,1,2,2,2,1,2,2,2,2,1,2,2,2,2,2,2,2,2,2,2,2,2,2,,,,1.0,120,0,,,1.0,1.0,1.0,2.0,1.0,1.0,2.0,1.0,1.0,2.0,40.0,,2.0,3.0,3.0,1.0,,,,,,,,3.0
51,4,4,4,5,5,4,5,5,4,4,,,3.0,4.0,3.0,5.0,,,2.0,500,,,,15,2.0,1.0,,,,,,,,,6,5,5,5,1,5,6,6,1,2,70.0,59.0,66.0,84.0,79.0,61.0,77.0,90.0,72.0,82.0,2,2,2,2,1,2,2,1,1,2,2,2,1,2,2,2,1,2,2,1,2,2,1,2,2,1,1,1,1,2,2,2,1,1,2,2,1,2,2,1,,1.0,15,,,,,4.0,1.0,1.0,1.0,1.0,1.0,1.0,1.0,1.0,1.0,1.0,90.0,2.0,,,,,2.0,,,,5.0,5.0,6.0,
52,4,5,4,5,4,5,5,4,2,1,30.0,4.0,,,,6.0,2.0,53,2.0,350,,,,,2.0,,,,,,,,,,7,2,2,2,2,5,6,7,3,1,38.0,28.0,36.0,55.0,42.0,53.0,44.0,40.0,60.0,47.0,1,2,2,2,2,2,1,2,1,1,2,2,2,2,1,1,2,2,1,2,2,1,1,2,2,1,2,2,1,2,2,1,2,1,1,1,2,1,2,2,,,,,,12,9.0,4.0,1.0,1.0,1.0,1.0,1.0,1.0,1.0,1.0,1.0,1.0,,,4.0,5.0,6.0,,2.0,3.0,2.0,2.0,,,,
53,2,1,2,3,5,5,2,5,2,4,,5.0,2.0,3.0,3.0,,,,,,1.0,4.0,3.0,,,,1.0,4.0,1.0,1.0,1.0,1.0,1.0,1.0,7,2,6,6,3,5,4,4,2,2,27.0,19.0,34.0,57.0,68.0,61.0,48.0,78.0,54.0,68.0,1,2,2,2,2,1,1,2,2,2,2,1,2,1,2,2,1,1,1,2,2,1,2,1,1,2,2,2,1,2,1,2,2,2,2,1,2,2,2,2,6.0,1.0,27,1.0,145,15,9.0,,,,,,,,,,,,75.0,,,,,1.0,,,,,,,,
54,2,4,3,4,4,2,4,5,5,4,40.0,,4.0,3.0,2.0,5.0,2.0,45,1.0,1200,,,,16,1.0,,1.0,4.0,1.0,1.0,1.0,2.0,1.0,2.0,5,2,5,5,4,7,5,5,2,1,14.0,30.0,21.0,78.0,75.0,50.0,33.0,91.0,96.0,88.0,2,2,2,1,1,1,2,1,2,2,2,1,2,1,2,2,1,2,2,1,2,1,2,1,2,1,1,2,2,2,2,2,1,1,1,2,1,2,1,1,,,,,,,5.0,,,,,,,,,,,,,2.0,4.0,4.0,5.0,,,,,,,,,
55,4,4,4,3,4,3,4,4,3,3,75.0,5.0,4.0,4.0,3.0,6.0,,,,,,,,,1.0,,1.0,5.0,1.0,1.0,1.0,1.0,1.0,1.0,7,3,3,3,5,5,5,5,2,1,52.0,38.0,45.0,41.0,55.0,39.0,75.0,61.0,59.0,48.0,1,1,2,2,2,2,2,2,1,1,1,2,2,1,2,2,2,2,1,2,2,1,1,2,2,1,2,2,2,2,2,2,1,1,1,1,1,2,2,2,,2.0,7,1.0,90,3,10.0,,,,,,,,,,,,,,4.0,5.0,5.0,,,,,,,,,
56,4,4,5,5,4,3,4,5,5,3,60.0,,4.0,4.0,5.0,,,,,,1.0,5.0,3.0,,1.0,1.0,1.0,,,,,,,,6,1,3,2,5,6,6,7,1,2,81.0,58.0,89.0,100.0,82.0,66.0,94.0,100.0,100.0,68.0,2,2,1,1,1,2,1,2,1,2,1,2,2,2,2,2,2,2,1,2,1,1,2,1,2,2,1,2,1,2,2,1,2,2,2,2,1,1,2,2,6.0,1.0,50,1.0,300,5,,2.0,1.0,1.0,1.0,2.0,2.0,1.0,1.0,2.0,1.0,1.0,,2.0,,,,,,,,,,,,
57,5,4,5,5,5,2,5,5,4,5,,,,,,,,,2.0,34,,,,,,,,,,,,,,,5,5,1,1,5,6,7,7,3,1,50.0,83.0,57.0,90.0,90.0,37.0,84.0,55.0,25.0,75.0,1,1,1,1,1,1,1,2,1,1,1,1,1,1,1,1,2,1,1,1,1,1,1,1,2,1,1,1,1,1,1,1,2,1,1,1,2,1,1,1,1.0,1.0,60,,,10,,5.0,1.0,1.0,1.0,2.0,1.0,1.0,2.0,2.0,2.0,2.0,78.0,1.0,,,,1.0,1.0,2.0,2.0,3.0,5.0,5.0,5.0,2.0
58,4,4,4,3,5,4,5,5,3,4,36.0,3.0,3.0,4.0,5.0,,,,,,,,,,,,1.0,,,,,,,,6,3,4,5,2,5,6,6,4,1,81.0,56.0,53.0,42.0,79.0,51.0,83.0,91.0,63.0,87.0,2,2,2,2,1,1,2,2,1,1,2,2,2,2,1,2,2,1,1,1,2,2,1,2,2,2,2,2,1,2,2,1,1,1,2,2,2,2,2,2,3.0,1.0,15,1.0,110,0,,4.0,1.0,1.0,1.0,2.0,1.0,1.0,1.0,2.0,1.0,2.0,,,2.0,5.0,4.0,2.0,,,,,,,,2.0
59,1,2,4,1,5,1,4,1,5,5,,,,,,6.0,2.0,30,2.0,250,,,,18,,,,1.0,1.0,1.0,1.0,1.0,1.0,1.0,6,2,5,6,3,5,7,6,4,1,35.0,20.0,55.0,25.0,60.0,30.0,55.0,15.0,23.0,45.0,2,2,1,1,1,1,2,1,2,1,2,1,2,1,2,1,2,1,1,2,1,1,2,1,1,1,2,1,2,1,2,1,1,2,1,1,1,2,2,1,,,,,,,,,,,,,,,,,,,70.0,3.0,5.0,2.0,6.0,2.0,2.0,3.0,3.0,3.0,,,,2.0
60,1,1,1,1,3,1,3,1,5,1,90.0,,2.0,1.0,2.0,,2.0,47,1.0,1300,,,,,,2.0,1.0,6.0,1.0,1.0,1.0,1.0,2.0,2.0,7,1,1,4,2,7,7,7,1,2,30.0,30.0,30.0,15.0,10.0,2.0,30.0,20.0,85.0,10.0,1,2,1,1,1,1,2,2,2,1,2,1,1,1,2,1,1,1,1,1,1,1,1,2,1,1,2,1,1,2,1,2,1,1,1,1,2,1,1,1,3.0,,,,,0,,,,,,,,,,,,,,2.0,3.0,5.0,6.0,1.0,,,,,,,,
61,2,4,3,4,4,1,3,5,4,5,60.0,,,,,,,,,,,,,,1.0,2.0,2.0,4.0,,,,,,,6,1,5,5,1,7,6,5,1,2,35.0,55.0,30.0,60.0,70.0,20.0,50.0,60.0,56.0,70.0,1,2,2,2,2,1,2,1,2,2,2,2,1,1,1,1,2,2,1,2,2,2,1,1,2,2,1,1,2,1,2,1,2,1,1,1,2,2,2,1,6.0,1.0,30,1.0,140,5,,,1.0,1.0,2.0,1.0,2.0,1.0,1.0,1.0,2.0,1.0,,2.0,,,,,,4.0,2.0,2.0,5.0,4.0,6.0,
62,5,5,5,4,4,5,5,5,2,4,,5.0,4.0,4.0,4.0,,2.0,45,2.0,800,,,,,2.0,,1.0,5.0,1.0,1.0,1.0,1.0,2.0,2.0,6,1,1,5,2,6,5,6,3,1,40.0,30.0,48.0,37.0,45.0,42.0,54.0,67.0,24.0,42.0,1,2,2,2,1,1,2,2,1,1,2,1,2,1,2,1,2,1,2,2,2,2,1,1,2,2,1,1,2,2,1,2,2,1,1,1,2,2,1,2,6.0,,,,,15,3.0,,,,,,,,,,,,61.0,,4.0,5.0,5.0,,,,,,,,,
63,1,4,3,4,4,1,4,4,5,4,,3.0,4.0,3.0,5.0,,2.0,50,1.0,2000,,,,,,2.0,,6.0,,,,,,,6,2,2,2,2,7,7,7,1,1,9.0,56.0,11.0,87.0,70.0,100.0,70.0,58.0,77.0,55.0,2,2,1,1,2,2,2,2,2,1,2,1,1,2,1,2,2,1,2,2,1,2,1,1,2,1,2,2,2,2,1,2,2,1,2,1,2,2,1,1,6.0,,,,,5,,,2.0,1.0,2.0,1.0,2.0,1.0,2.0,1.0,2.0,1.0,50.0,,1.0,5.0,6.0,1.0,1.0,,,,,,,
64,3,3,2,2,4,2,4,3,5,4,,,3.0,4.0,4.0,,,,,,1.0,5.0,5.0,6,,,,,2.0,2.0,1.0,1.0,1.0,1.0,5,4,4,3,4,5,5,6,3,1,49.0,45.0,48.0,60.0,85.0,46.0,77.0,62.0,89.0,89.0,1,2,1,2,1,2,1,1,2,1,1,2,1,2,1,2,1,2,1,1,1,1,2,1,1,2,1,2,1,1,1,2,2,1,2,1,2,2,1,1,5.0,2.0,8,1.0,100,,7.0,4.0,,,,,,,,,,,60.0,3.0,,,,2.0,2.0,,,,,,,
65,5,5,4,5,3,5,4,5,1,5,,2.0,4.0,2.0,4.0,,,,2.0,150,1.0,5.0,6.0,,2.0,1.0,1.0,,1.0,2.0,1.0,1.0,1.0,2.0,7,3,4,3,2,5,7,7,3,1,55.0,25.0,50.0,20.0,30.0,45.0,60.0,40.0,55.0,20.0,1,2,2,2,1,2,2,2,2,2,2,2,2,2,2,2,2,1,2,2,2,2,2,2,1,1,2,2,1,2,2,2,2,2,2,2,2,1,1,2,3.0,2.0,10,,,5,,2.0,,,,,,,,,,,70.0,,,,,,,,,,,,,
66,3,4,3,5,4,5,5,4,1,5,,3.0,3.0,4.0,3.0,,2.0,30,1.0,1200,2.0,4.0,4.0,20,1.0,,1.0,,1.0,1.0,1.0,1.0,1.0,1.0,7,2,4,3,3,5,5,6,2,2,49.0,43.0,48.0,59.0,59.0,45.0,69.0,64.0,51.0,60.0,1,2,2,1,2,2,1,2,2,2,1,2,1,1,2,1,2,2,1,1,2,2,2,1,2,2,1,1,2,2,2,1,2,2,2,2,2,1,2,1,6.0,,,,,,,4.0,,,,,,,,,,,71.0,,,,,,,,,,,,,2.0
67,5,5,5,5,4,5,5,5,1,1,,,,,,7.0,1.0,80,,,,,,15,,,,6.0,1.0,1.0,1.0,1.0,1.0,1.0,7,3,7,7,2,5,6,6,4,1,60.0,56.0,71.0,81.0,71.0,84.0,60.0,78.0,42.0,29.0,2,2,2,2,1,1,2,2,1,1,2,1,2,2,1,2,2,1,1,2,1,2,1,2,1,2,2,2,2,2,2,2,2,2,2,1,2,2,2,2,,,,1.0,150,,,,,,,,,,,,,,11.0,1.0,2.0,5.0,6.0,1.0,1.0,4.0,4.0,3.0,,,,10.0
68,4,3,2,3,4,4,3,3,4,5,73.0,,4.0,5.0,6.0,,,,1.0,10,,,,,1.0,9.0,1.0,,1.0,1.0,2.0,2.0,1.0,1.0,6,5,3,5,5,4,5,6,4,2,68.0,46.0,66.0,51.0,58.0,46.0,43.0,52.0,72.0,56.0,2,1,1,1,1,1,1,1,2,2,1,1,2,1,1,1,1,1,1,1,2,1,1,1,2,1,1,1,2,1,1,1,1,1,2,2,2,2,1,1,1.0,2.0,12,,,19,,4.0,,,,,,,,,,,,4.0,5.0,2.0,5.0,,,,,,,,,
69,4,3,4,5,4,2,4,3,5,2,68.0,,4.0,5.0,2.0,4.0,,,2.0,800,,,,,,,1.0,4.0,,,,,,,5,6,7,5,5,3,6,7,3,1,71.0,31.0,63.0,76.0,38.0,64.0,38.0,80.0,44.0,67.0,1,2,1,2,1,1,1,1,1,1,1,1,1,1,1,1,2,1,1,1,1,1,1,1,1,1,1,2,1,2,1,2,1,1,2,2,1,2,1,1,,1.0,57,,,15,,,1.0,1.0,1.0,1.0,1.0,1.0,1.0,2.0,2.0,2.0,,5.0,4.0,4.0,5.0,1.0,,,,,,,,5.0
70,4,3,5,5,4,5,5,4,4,2,82.0,,,,,,2.0,45,,,1.0,4.0,5.0,,,2.0,,,1.0,1.0,2.0,1.0,2.0,1.0,7,7,7,7,2,3,3,3,3,1,71.0,52.0,60.0,81.0,52.0,65.0,90.0,80.0,95.0,50.0,2,1,2,1,1,2,2,1,2,2,1,2,1,2,1,2,2,2,1,2,2,2,2,1,1,1,1,2,1,2,1,1,2,2,2,2,2,2,2,2,5.0,,,1.0,250,8,,1.0,,,,,,,,,,,,3.0,,,,1.0,2.0,3.0,3.0,3.0,,,,
71,4,4,4,4,4,3,4,5,4,3,,,3.0,3.0,3.0,,2.0,39,,,1.0,5.0,3.0,18,2.0,,1.0,3.0,,,,,,,7,1,2,2,5,7,7,7,3,1,50.0,50.0,60.0,68.0,51.0,41.0,86.0,90.0,70.0,82.0,1,2,1,2,1,2,2,2,2,1,2,2,2,1,1,1,2,2,1,2,2,1,1,1,1,2,2,2,2,1,1,2,2,2,2,2,2,1,2,1,6.0,,,1.0,150,,10.0,,1.0,1.0,1.0,1.0,1.0,1.0,1.0,1.0,1.0,1.0,70.0,4.0,,,,,,,,,,,,
72,3,4,4,5,4,2,5,5,5,3,,,3.0,2.0,2.0,,,,,,,,,15,,1.0,2.0,,,,,,,,5,2,4,5,2,5,4,5,3,1,42.0,53.0,48.0,58.0,54.0,39.0,68.0,62.0,57.0,60.0,2,1,2,2,1,2,1,2,1,2,1,1,1,1,2,1,2,1,1,1,1,1,1,2,1,1,1,1,2,2,1,2,2,2,2,2,1,2,2,2,6.0,1.0,20,1.0,200,,,3.0,1.0,1.0,1.0,1.0,1.0,1.0,1.0,1.0,1.0,1.0,70.0,4.0,,,,1.0,,,,,3.0,4.0,4.0,
73,5,4,4,5,5,5,4,4,2,2,,,3.0,2.0,2.0,,,,1.0,1200,4.0,4.0,4.0,,,,,5.0,,,,,,,6,3,6,6,2,5,5,5,2,1,40.0,45.0,41.0,58.0,56.0,40.0,59.0,37.0,45.0,40.0,2,2,1,1,1,1,2,2,2,2,2,2,2,2,2,2,2,2,2,2,1,2,1,2,2,2,2,2,1,2,2,1,1,2,2,2,2,1,1,2,6.0,1.0,15,,,12,,,1.0,1.0,1.0,1.0,1.0,1.0,1.0,1.0,1.0,1.0,70.0,4.0,,,,2.0,2.0,,,,,,,5.0
74,2,3,4,5,4,4,2,2,2,1,30.0,,,,,,,,2.0,650,1.0,4.0,3.0,15,,,1.0,,1.0,1.0,1.0,1.0,1.0,1.0,6,2,5,5,1,5,5,5,4,1,59.0,50.0,60.0,50.0,65.0,30.0,40.0,50.0,60.0,40.0,2,1,1,1,2,1,2,1,2,1,1,1,2,2,1,2,1,1,1,2,1,1,2,1,1,1,2,2,1,1,1,2,2,1,2,1,2,1,1,2,5.0,1.0,16,,,,10.0,3.0,,,,,,,,,,,,2.0,,,,1.0,,3.0,3.0,3.0,,,,
75,4,4,4,5,5,3,4,5,4,5,,,5.0,5.0,4.0,,,,2.0,600,,,,,,,,4.0,1.0,2.0,1.0,1.0,2.0,1.0,6,2,4,4,4,5,6,6,3,2,44.0,44.0,49.0,59.0,61.0,25.0,66.0,79.0,89.0,76.0,2,1,2,2,1,1,2,1,2,1,2,1,2,1,1,2,1,1,1,1,1,1,1,1,2,2,1,1,1,1,1,2,1,1,1,2,2,1,2,1,6.0,2.0,10,,,12,,,,,,,,,,,,,52.0,4.0,1.0,5.0,5.0,1.0,1.0,,,,,,,6.0
76,2,1,1,1,4,1,2,1,5,5,80.0,6.0,,,,,1.0,80,,,,,,,2.0,,1.0,,,,,,,,4,1,5,5,4,7,4,5,1,1,7.0,7.0,8.0,4.0,64.0,1.0,0.0,3.0,87.0,66.0,2,2,2,2,1,1,1,2,2,2,2,2,2,2,2,2,2,2,2,1,2,2,2,2,1,2,2,2,2,2,2,2,2,1,2,2,2,2,2,2,7.0,,,1.0,100,0,10.0,3.0,1.0,1.0,1.0,1.0,1.0,2.0,2.0,2.0,2.0,2.0,,,,,,,,5.0,1.0,4.0,3.0,3.0,1.0,
77,3,4,3,5,3,1,5,5,5,3,30.0,,,,,,,,,,,,,,,1.0,,4.0,1.0,1.0,2.0,1.0,2.0,1.0,6,1,3,3,2,5,6,6,4,2,50.0,75.0,25.0,50.0,50.0,10.0,100.0,80.0,100.0,75.0,2,1,2,2,1,1,2,1,2,1,2,2,1,2,1,1,1,2,2,1,1,1,1,2,2,2,1,2,2,1,2,1,1,1,2,1,1,2,2,2,5.0,1.0,50,1.0,250,5,,,,,,,,,,,,,,1.0,,,,2.0,1.0,3.0,2.0,1.0,3.0,3.0,2.0,
78,1,2,1,1,1,1,5,1,5,5,40.0,,6.0,6.0,1.0,7.0,2.0,55,2.0,400,,,,,2.0,3.0,,,,,,,,,7,7,6,6,1,5,5,5,2,1,5.0,12.0,13.0,14.0,11.0,0.0,94.0,2.0,100.0,100.0,2,2,2,2,1,1,2,2,2,2,2,2,1,1,1,2,1,1,2,1,1,1,2,1,1,2,1,1,2,2,1,2,2,2,1,1,1,2,2,1,,,,,,18,,5.0,1.0,1.0,1.0,1.0,1.0,1.0,1.0,1.0,1.0,1.0,,4.0,,,,,2.0,,,,2.0,1.0,2.0,
79,2,3,5,4,3,4,5,5,5,1,,,1.0,3.0,1.0,,,,,,,,,18,,,1.0,5.0,1.0,1.0,1.0,1.0,2.0,2.0,7,3,7,5,5,3,5,6,3,2,21.0,20.0,10.0,60.0,40.0,75.0,90.0,95.0,75.0,10.0,2,1,1,1,1,2,1,1,2,1,1,1,1,2,1,2,1,1,1,1,2,1,1,2,2,1,1,1,2,2,1,1,2,2,1,1,1,1,2,2,6.0,1.0,34,1.0,100,,10.0,,,,,,,,,,,,70.0,1.0,,,,1.0,,,,,3.0,5.0,6.0,
80,1,1,1,3,3,1,1,2,5,2,90.0,,5.0,3.0,3.0,,2.0,20,,,1.0,2.0,1.0,20,,,,1.0,1.0,1.0,1.0,1.0,1.0,1.0,6,3,6,6,2,5,5,2,2,1,49.0,35.0,35.0,40.0,25.0,40.0,40.0,40.0,59.0,20.0,2,2,2,2,2,2,2,1,2,2,2,2,1,1,2,1,1,1,2,2,2,2,1,2,2,1,2,1,2,2,1,1,2,2,2,2,2,2,1,2,6.0,,,1.0,400,,,,,,,,,,,,,,,1.0,,,,2.0,2.0,,,,,,,10.0
81,4,3,5,5,5,4,5,5,3,2,70.0,,,,,,2.0,45,,,,,,15,2.0,,,6.0,,,,,,,6,1,6,6,3,5,6,6,4,1,45.0,40.0,60.0,60.0,56.0,47.0,65.0,68.0,59.0,30.0,2,2,1,2,2,2,2,1,2,1,2,2,1,2,2,2,1,2,2,1,1,2,2,1,1,2,2,2,2,2,1,2,1,1,1,1,1,2,1,2,6.0,,,1.0,300,,,,1.0,1.0,1.0,1.0,2.0,1.0,1.0,1.0,2.0,1.0,,1.0,,,,,2.0,4.0,5.0,2.0,2.0,5.0,3.0,1.0
82,3,3,4,4,4,4,5,4,1,3,,,3.0,3.0,4.0,5.0,1.0,60,,,2.0,5.0,5.0,18,,1.0,1.0,,1.0,1.0,1.0,2.0,2.0,1.0,7,2,2,4,4,7,5,5,2,1,29.0,28.0,48.0,47.0,65.0,50.0,78.0,53.0,40.0,50.0,1,2,1,2,2,1,2,1,1,2,2,1,1,2,1,1,1,2,1,1,2,1,2,2,2,2,2,1,1,2,2,1,2,2,2,2,1,2,1,2,,,,1.0,100,,,3.0,,,,,,,,,,,70.0,3.0,,,,2.0,,,,,,,,
83,4,4,5,4,2,1,5,5,5,4,80.0,,5.0,5.0,4.0,,2.0,58,2.0,850,,,,15,,,1.0,,1.0,1.0,1.0,2.0,1.0,2.0,5,1,5,5,3,5,6,6,2,1,60.0,40.0,90.0,70.0,75.0,35.0,100.0,99.0,70.0,65.0,1,2,2,2,2,2,1,1,2,2,2,1,1,2,1,2,2,2,1,2,2,2,2,2,2,2,1,2,2,2,2,1,1,2,2,2,2,1,2,1,5.0,,,,,,7.0,5.0,,,,,,,,,,,,2.0,,,,2.0,,,,,1.0,5.0,6.0,
84,5,5,4,4,5,5,4,5,1,1,,3.0,3.0,4.0,4.0,6.0,2.0,50,2.0,250,,,,,2.0,1.0,,,1.0,1.0,1.0,1.0,1.0,1.0,7,5,3,3,5,6,6,6,3,1,20.0,26.0,18.0,36.0,40.0,30.0,30.0,36.0,38.0,25.0,2,2,2,2,1,1,1,1,2,2,2,2,2,1,2,1,2,2,2,1,1,1,2,1,2,1,1,2,2,2,1,2,2,2,1,2,2,1,1,1,,,,,,4,,5.0,,,,,,,,,,,70.0,,1.0,4.0,4.0,,2.0,,,,,,,
85,2,2,2,2,3,4,2,2,5,3,80.0,,3.0,4.0,3.0,,,,,,,,,20,2.0,2.0,2.0,4.0,,,,,,,6,2,6,6,2,5,5,5,3,1,20.0,20.0,15.0,25.0,25.0,50.0,30.0,40.0,60.0,30.0,2,1,2,2,1,2,2,1,2,2,2,2,1,2,2,2,2,1,1,2,2,2,2,2,1,2,2,2,2,2,1,1,2,2,2,2,2,2,1,2,6.0,1.0,20,1.0,300,,,,1.0,1.0,1.0,1.0,1.0,1.0,1.0,1.0,1.0,1.0,,3.0,,,,,,,,,2.0,5.0,4.0,
86,2,1,2,1,2,1,4,4,5,2,30.0,5.0,3.0,3.0,5.0,6.0,1.0,69,,,1.0,5.0,1.0,20,,,2.0,6.0,,,,,,,3,5,3,3,5,6,5,5,1,1,60.0,40.0,35.0,70.0,50.0,30.0,80.0,80.0,60.0,20.0,1,1,1,1,2,1,1,2,1,2,2,2,1,2,1,1,2,2,2,2,1,1,2,1,1,1,2,2,1,1,2,2,2,1,2,1,1,1,1,1,,,,1.0,100,,9.0,,1.0,1.0,2.0,1.0,2.0,1.0,2.0,1.0,1.0,1.0,,,,,,2.0,,,,,,,,
87,4,5,5,5,4,5,5,5,5,4,50.0,,4.0,2.0,1.0,5.0,2.0,50,,,2.0,4.0,4.0,,1.0,,2.0,4.0,,,,,,,6,1,1,1,2,6,6,7,2,2,70.0,59.0,50.0,72.0,72.0,54.0,68.0,50.0,79.0,58.0,2,2,2,1,2,2,1,2,2,2,2,2,2,2,1,1,2,2,2,2,1,1,2,1,1,2,2,2,2,1,2,2,2,2,2,2,2,2,2,2,,,,1.0,200,10,,,1.0,2.0,1.0,1.0,2.0,1.0,1.0,2.0,1.0,1.0,,5.0,,,,,,,,,,,,3.0
88,4,4,3,4,3,4,4,3,2,3,30.0,,,,,6.0,,,,,,,,,,3.0,,,1.0,1.0,2.0,2.0,1.0,1.0,5,5,4,3,2,5,6,6,3,1,20.0,38.0,34.0,57.0,32.0,31.0,67.0,56.0,63.0,69.0,2,1,2,1,1,1,2,1,1,1,1,1,1,1,1,1,1,1,1,2,2,1,1,1,1,1,1,1,1,1,1,1,1,1,1,1,1,2,1,1,,1.0,54,1.0,379,12,,5.0,,,,,,,,,,,,4.0,4.0,4.0,4.0,1.0,2.0,4.0,3.0,3.0,,,,
89,4,4,4,3,4,4,4,5,3,4,,4.0,,,,6.0,2.0,20,2.0,500,1.0,2.0,2.0,,1.0,,,5.0,,,,,,,6,4,5,4,5,6,6,7,2,2,74.0,63.0,64.0,65.0,72.0,31.0,87.0,63.0,85.0,68.0,1,2,2,2,1,2,2,1,2,2,2,2,1,2,2,2,1,1,2,2,1,2,2,2,1,1,2,2,1,2,1,2,2,2,2,2,1,2,2,2,,,,,,5,2.0,,1.0,1.0,1.0,2.0,1.0,1.0,1.0,2.0,2.0,1.0,72.0,,,,,,1.0,4.0,4.0,2.0,,,,
90,5,5,5,5,4,5,4,5,1,4,41.0,3.0,4.0,3.0,4.0,,2.0,54,2.0,400,2.0,4.0,5.0,,1.0,,1.0,5.0,1.0,1.0,2.0,1.0,1.0,2.0,6,1,2,3,5,7,7,6,3,2,61.0,47.0,76.0,65.0,68.0,67.0,70.0,74.0,35.0,67.0,2,2,2,2,2,2,2,2,2,2,2,2,2,2,2,1,2,2,2,2,1,2,2,2,2,2,2,2,2,2,2,2,2,2,2,2,2,2,2,2,3.0,,,,,10,10.0,,,,,,,,,,,,,,,,,,,,,,,,,
91,4,3,4,4,4,4,4,4,3,4,,3.0,2.0,2.0,5.0,6.0,1.0,90,,,,,,,2.0,,,,,,,,,,7,1,1,1,3,7,7,7,1,2,80.0,25.0,65.0,50.0,75.0,25.0,80.0,75.0,50.0,80.0,1,1,2,1,2,2,1,1,2,1,1,2,2,2,2,2,2,2,1,1,1,2,1,2,2,2,1,2,2,2,1,2,2,1,1,1,2,1,2,1,,,,1.0,100,10,10.0,4.0,1.0,1.0,1.0,1.0,1.0,1.0,1.0,1.0,1.0,1.0,70.0,,,,,,1.0,,,,3.0,5.0,4.0,
92,4,4,4,5,4,4,4,4,5,4,,4.0,,,,7.0,2.0,10,,,1.0,5.0,6.0,,,2.0,,6.0,1.0,2.0,1.0,1.0,2.0,1.0,5,2,3,3,5,6,5,5,3,2,41.0,29.0,37.0,56.0,78.0,28.0,85.0,57.0,94.0,83.0,1,2,1,1,2,2,2,2,1,1,1,1,1,2,2,2,1,1,1,1,1,2,2,1,2,2,1,1,2,2,2,1,2,2,2,2,2,2,2,2,,,,1.0,100,10,,,,,,,,,,,,,70.0,,,,,1.0,2.0,2.0,5.0,2.0,,,,
93,4,4,5,5,4,5,3,4,3,2,30.0,,2.0,2.0,2.0,,,,,,3.0,5.0,6.0,3,,,2.0,6.0,,,,,,,7,3,4,5,2,5,5,5,3,1,55.0,50.0,55.0,70.0,70.0,50.0,65.0,80.0,50.0,50.0,2,2,1,2,1,2,1,1,1,2,2,2,2,2,1,1,2,1,1,2,1,1,2,1,2,1,1,1,2,2,1,1,2,1,2,2,2,2,2,1,5.0,1.0,40,1.0,385,,7.0,,1.0,1.0,1.0,1.0,1.0,1.0,1.0,1.0,1.0,1.0,,2.0,,,,1.0,,,,,,,,
94,3,2,4,4,4,3,4,3,2,4,,,,,,,1.0,70,,,1.0,4.0,5.0,,,,,5.0,,,,,,,5,1,5,4,2,5,6,5,2,1,61.0,19.0,65.0,67.0,68.0,23.0,66.0,59.0,37.0,70.0,2,1,1,2,1,1,1,2,1,1,2,2,2,2,1,1,1,2,2,2,1,2,1,2,1,1,1,1,2,1,1,2,2,1,1,2,1,2,1,1,5.0,,,1.0,100,15,,,1.0,1.0,1.0,1.0,1.0,1.0,1.0,1.0,1.0,1.0,70.0,3.0,,,,1.0,2.0,4.0,4.0,2.0,,,,2.0
95,2,3,4,2,3,3,2,4,2,4,65.0,6.0,4.0,2.0,4.0,,,,2.0,380,4.0,5.0,3.0,15,2.0,2.0,1.0,3.0,1.0,2.0,2.0,2.0,1.0,1.0,1,3,2,5,2,3,6,5,4,2,10.0,30.0,70.0,15.0,68.0,36.0,75.0,6.0,4.0,39.0,1,2,1,1,2,1,2,1,1,2,2,1,1,2,1,2,1,1,1,2,1,2,2,1,2,1,2,2,2,1,1,1,2,1,2,1,2,1,1,2,5.0,1.0,54,,,,,,,,,,,,,,,,,,,,,,,,,,,,,
96,3,4,4,5,5,3,5,5,2,5,55.0,4.0,3.0,2.0,4.0,6.0,2.0,54,,,,,,,1.0,,2.0,,1.0,2.0,2.0,1.0,1.0,1.0,6,1,1,1,5,7,7,7,2,1,60.0,60.0,80.0,100.0,100.0,50.0,100.0,100.0,20.0,80.0,1,2,1,1,1,1,2,1,2,2,2,2,2,1,1,2,2,2,2,1,1,1,2,2,2,1,1,2,2,1,1,2,2,2,2,1,1,1,1,1,,,,1.0,380,12,,4.0,,,,,,,,,,,,,3.0,5.0,5.0,,,,,,,,,4.0
97,4,3,4,5,5,3,4,5,2,2,1.0,,,,,7.0,1.0,72,2.0,600,,,,,2.0,,2.0,4.0,1.0,2.0,1.0,1.0,1.0,2.0,6,2,4,4,3,5,4,4,3,2,40.0,21.0,50.0,50.0,60.0,50.0,70.0,60.0,40.0,20.0,1,1,1,2,1,1,2,2,1,1,1,1,1,1,2,1,1,2,2,1,1,2,1,1,1,1,2,2,1,2,2,2,1,2,2,1,1,2,1,1,,,,,,20,4.0,,,,,,,,,,,,,1.0,,,,,,3.0,5.0,2.0,2.0,5.0,5.0,
98,5,5,5,5,5,5,5,5,3,5,30.0,,4.0,5.0,4.0,,1.0,68,,,4.0,5.0,6.0,,,,,5.0,,,,,,,6,3,5,5,5,7,6,6,2,1,44.0,40.0,36.0,44.0,42.0,35.0,32.0,30.0,82.0,35.0,2,1,2,1,2,1,2,1,2,1,2,2,1,1,2,2,2,1,2,2,1,2,1,1,1,1,2,2,2,1,2,1,2,2,1,2,1,1,1,1,6.0,,,1.0,90,10,4.0,,1.0,1.0,1.0,1.0,2.0,1.0,2.0,1.0,1.0,2.0,,3.0,,,,1.0,2.0,,,,,,,
99,1,1,1,4,4,1,4,1,5,4,,1.0,4.0,3.0,2.0,6.0,1.0,220,,,,,,,2.0,,2.0,,,,,,,,7,1,7,6,5,6,7,6,1,2,14.0,15.0,15.0,36.0,38.0,28.0,45.0,37.0,49.0,59.0,1,2,1,2,2,1,2,2,2,2,2,1,2,1,2,2,2,2,1,2,2,2,2,2,2,2,2,1,2,2,1,1,2,2,2,2,2,1,1,1,,,,1.0,350,1,,3.0,1.0,1.0,1.0,2.0,1.0,1.0,1.0,2.0,1.0,2.0,55.0,,,,,,,,,,3.0,4.0,4.0,3.0
100,5,5,5,5,4,5,5,5,1,2,30.0,4.0,2.0,3.0,3.0,,1.0,70,2.0,250,,,,,2.0,2.0,1.0,,1.0,1.0,1.0,1.0,1.0,1.0,7,4,5,3,3,5,5,7,3,1,30.0,20.0,50.0,30.0,60.0,40.0,50.0,50.0,50.0,66.0,1,1,2,2,1,1,2,1,2,2,1,2,1,2,1,2,1,2,1,1,1,2,2,2,2,1,2,2,1,2,2,1,2,2,2,2,1,2,2,2,6.0,,,,,0,,5.0,,,,,,,,,,,,,1.0,5.0,6.0,,,,,,,,,
101,3,5,5,5,3,3,5,3,3,3,,3.0,3.0,3.0,3.0,,,,2.0,350,1.0,4.0,4.0,,1.0,,,,1.0,2.0,1.0,2.0,1.0,2.0,6,1,4,4,4,6,7,7,3,1,30.0,15.0,15.0,85.0,55.0,50.0,70.0,50.0,35.0,50.0,1,2,1,1,1,2,1,2,2,2,1,1,1,2,1,1,1,1,2,1,1,1,1,1,1,1,1,1,1,1,2,1,1,1,1,1,1,1,2,2,6.0,1.0,50,,,20,,4.0,,,,,,,,,,,50.0,,,,,,1.0,,,,,,,1.0
102,4,1,5,5,5,4,5,5,3,4,,4.0,1.0,1.0,4.0,,2.0,63,,,4.0,5.0,5.0,,,,1.0,1.0,1.0,1.0,2.0,1.0,2.0,1.0,7,5,4,6,5,4,6,6,4,2,87.0,0.0,89.0,72.0,67.0,21.0,75.0,74.0,3.0,75.0,2,1,1,2,2,1,1,1,1,1,1,1,1,1,1,1,2,1,1,2,1,1,1,1,1,1,1,2,2,1,2,2,1,1,1,1,1,1,2,1,1.0,,,1.0,380,15,10.0,,,,,,,,,,,,88.0,,,,,1.0,,,,,,,,
103,5,5,5,5,5,5,5,5,5,5,30.0,1.0,,,,,2.0,54,,,,,,,2.0,,1.0,,1.0,1.0,1.0,1.0,2.0,2.0,7,6,5,7,5,7,7,5,4,1,100.0,100.0,100.0,100.0,100.0,38.0,82.0,100.0,100.0,100.0,1,1,1,1,1,1,1,1,1,1,1,1,1,1,1,1,1,1,1,1,1,1,1,1,1,1,1,1,1,1,1,1,1,1,1,1,1,2,1,1,4.0,,,1.0,380,6,9.0,1.0,,,,,,,,,,,,,2.0,5.0,6.0,,,6.0,1.0,3.0,,,,
104,4,3,4,3,5,4,5,4,3,3,85.0,4.0,,,,,2.0,50,2.0,200,,,,12,,,,,,,,,,,7,3,4,5,2,1,4,3,3,1,70.0,75.0,50.0,25.0,60.0,70.0,80.0,50.0,50.0,50.0,1,2,1,2,2,1,2,2,2,2,1,2,2,2,2,2,2,1,1,2,2,1,2,1,2,2,2,2,2,2,2,1,2,2,2,2,2,2,2,1,6.0,,,,,,,5.0,1.0,1.0,1.0,1.0,1.0,1.0,1.0,1.0,2.0,2.0,,,,,,1.0,2.0,6.0,4.0,3.0,1.0,5.0,5.0,5.0
105,2,3,2,5,4,1,1,5,5,4,30.0,,,,,,2.0,44,2.0,450,5.0,2.0,6.0,,1.0,,1.0,,,,,,,,5,1,5,5,2,6,6,6,1,1,45.0,19.0,33.0,35.0,47.0,29.0,51.0,66.0,57.0,46.0,1,1,2,1,2,2,1,2,2,2,2,2,2,1,1,2,2,2,1,2,2,2,2,2,1,2,1,2,2,2,2,1,2,1,1,1,2,2,2,1,6.0,,,,,1,,3.0,1.0,1.0,1.0,1.0,1.0,1.0,1.0,1.0,1.0,1.0,,6.0,,,,,,2.0,2.0,2.0,,,,3.0
106,4,3,5,5,5,5,5,5,2,1,,4.0,4.0,4.0,4.0,,2.0,50,,,1.0,1.0,2.0,20,1.0,,2.0,,1.0,1.0,2.0,1.0,1.0,2.0,6,1,4,5,2,5,5,5,3,1,53.0,50.0,65.0,65.0,73.0,73.0,76.0,79.0,57.0,45.0,2,1,2,2,1,1,1,1,2,1,2,1,1,1,1,2,2,2,2,2,2,2,1,2,2,2,1,2,2,2,2,2,1,2,1,2,1,1,1,2,4.0,,,1.0,300,,,4.0,,,,,,,,,,,65.0,,,,,,,,,,,,,2.0
107,1,1,1,1,3,1,1,1,5,3,30.0,1.0,,,,,,,,,,,,,,,,,1.0,1.0,1.0,1.0,1.0,1.0,6,1,7,5,5,7,7,7,1,1,8.0,7.0,9.0,30.0,41.0,1.0,50.0,16.0,95.0,37.0,2,2,2,2,2,1,1,1,2,2,2,1,1,1,2,1,2,2,1,1,2,1,1,1,1,1,1,2,1,2,2,1,2,2,2,1,2,2,2,2,7.0,1.0,13,1.0,355,20,,1.0,,,,,,,,,,,,,1.0,1.0,1.0,1.0,1.0,4.0,6.0,1.0,,,,10.0
108,4,4,4,5,5,4,5,5,4,5,,,,,,6.0,,,2.0,250,,,,10,,2.0,,,,,,,,,6,1,3,3,1,6,7,7,2,1,69.0,58.0,56.0,64.0,72.0,58.0,70.0,91.0,61.0,81.0,1,1,1,1,2,2,2,2,2,1,2,2,2,2,1,2,1,1,2,1,2,2,2,2,2,2,2,2,1,2,2,1,2,1,1,1,1,1,1,1,,1.0,13,,,,,4.0,1.0,1.0,2.0,1.0,1.0,2.0,1.0,1.0,1.0,2.0,70.0,2.0,1.0,5.0,6.0,1.0,2.0,2.0,4.0,2.0,,,,
109,5,2,2,2,4,4,5,2,4,4,,,2.0,5.0,4.0,,,,2.0,500,,,,,,2.0,,,1.0,1.0,1.0,1.0,1.0,1.0,7,2,5,3,5,6,2,6,1,1,15.0,23.0,29.0,24.0,56.0,50.0,74.0,53.0,64.0,39.0,2,1,2,2,2,1,1,1,1,1,2,2,1,2,2,2,2,1,1,2,2,1,1,1,2,2,1,2,1,1,1,2,2,2,2,1,2,2,1,2,5.0,2.0,10,,,15,,5.0,,,,,,,,,,,85.0,2.0,5.0,5.0,3.0,1.0,2.0,,,,,,,
110,4,4,3,4,3,4,3,4,3,4,30.0,5.0,2.0,3.0,2.0,5.0,,,2.0,379.7,,,,,2.0,,1.0,2.0,,,,,,,6,3,4,4,3,6,5,5,3,2,21.0,22.0,50.0,39.0,42.0,30.0,44.0,75.0,27.0,67.0,1,1,1,2,1,1,2,2,1,1,1,2,1,1,1,1,1,1,1,2,2,1,1,1,1,2,1,1,1,1,2,1,1,1,1,2,2,1,1,2,,1.0,54,,,15,9.0,,1.0,2.0,1.0,2.0,1.0,2.0,1.0,2.0,1.0,2.0,,,3.0,4.0,3.0,,,,,,,,,
111,5,4,3,5,4,4,3,4,3,5,,4.0,,,,,2.0,10,2.0,500,,,,,1.0,,2.0,,,,,,,,6,7,5,6,6,7,6,5,3,1,36.0,47.0,39.0,24.0,39.0,29.0,24.0,34.0,43.0,32.0,1,1,1,2,1,2,1,1,1,1,2,1,1,1,1,2,1,1,1,1,1,1,2,1,2,1,1,1,2,1,1,1,1,1,1,1,1,1,1,2,2.0,,,,,5,2.0,4.0,1.0,2.0,2.0,1.0,1.0,2.0,2.0,1.0,1.0,2.0,30.0,,4.0,4.0,6.0,,,4.0,5.0,4.0,,,,
112,5,4,5,5,5,5,5,5,3,4,0.0,5.0,4.0,2.0,3.0,5.0,,,1.0,1200,,,,,,1.0,,4.0,1.0,1.0,2.0,1.0,2.0,1.0,6,1,1,3,1,7,7,5,3,2,100.0,20.0,100.0,100.0,100.0,65.0,50.0,100.0,51.0,100.0,2,1,2,1,1,2,1,2,2,2,2,2,2,1,1,1,2,2,2,1,2,2,2,1,2,2,1,1,2,1,2,2,1,1,1,1,1,1,2,2,,1.0,18,,,5,,,,,,,,,,,,,,,4.0,3.0,4.0,1.0,2.0,,,,,,,
113,1,4,2,5,5,4,4,4,4,1,30.0,1.0,5.0,4.0,4.0,6.0,1.0,1000,1.0,1400,,,,,,,,,1.0,1.0,1.0,1.0,1.0,1.0,6,3,6,3,5,6,6,6,3,1,40.0,32.0,37.0,80.0,82.0,30.0,62.0,82.0,55.0,30.0,2,2,2,1,2,1,2,2,2,1,1,2,2,2,1,2,2,2,2,1,2,1,2,2,2,2,1,2,2,2,1,1,1,2,2,2,2,2,2,2,,,,,,10,,4.0,,,,,,,,,,,,,,,,1.0,1.0,,,,4.0,4.0,6.0,4.0
114,4,3,5,5,4,5,5,5,3,2,30.0,4.0,4.0,4.0,4.0,5.0,,,,,1.0,5.0,5.0,,2.0,,,,2.0,2.0,2.0,2.0,1.0,1.0,7,4,3,2,3,5,5,6,3,1,50.0,40.0,40.0,50.0,50.0,40.0,60.0,60.0,60.0,45.0,2,2,2,1,2,2,2,1,1,2,2,2,2,2,1,1,2,2,2,2,1,1,2,2,2,1,2,2,2,2,2,2,1,2,2,2,2,2,2,1,,1.0,30,1.0,325,20,9.0,6.0,,,,,,,,,,,,,,,,,2.0,,,,,,,
115,4,2,4,2,4,2,4,5,4,2,,5.0,,,,,,,,,,,,,2.0,2.0,,6.0,,,,,,,6,1,2,3,2,6,5,5,1,1,55.0,21.0,53.0,16.0,16.0,29.0,77.0,67.0,79.0,16.0,2,2,1,2,2,1,2,2,2,2,2,1,1,2,1,2,1,2,2,2,1,2,1,2,2,2,2,2,2,2,1,1,1,1,2,2,2,2,2,2,2.0,1.0,16,1.0,165,14,,,1.0,1.0,1.0,1.0,1.0,1.0,1.0,1.0,1.0,2.0,39.0,,5.0,5.0,6.0,,2.0,5.0,2.0,2.0,,,,
116,4,5,4,5,5,5,4,5,5,5,,5.0,3.0,1.0,1.0,,1.0,70,,,,,,2,,,,,1.0,1.0,1.0,1.0,1.0,1.0,7,2,2,1,5,6,6,7,2,2,10.0,100.0,100.0,100.0,55.0,57.0,100.0,100.0,100.0,100.0,1,2,1,1,1,1,2,1,1,2,1,2,1,2,1,1,1,2,2,2,1,2,1,1,2,2,1,2,2,1,2,2,1,1,1,1,1,2,1,2,4.0,,,1.0,90,,1.0,5.0,,,,,,,,,,,60.0,,,,,1.0,2.0,,,,5.0,5.0,4.0,
117,5,4,4,5,4,3,3,5,2,2,70.0,2.0,,,,5.0,,,,,,,,,,,1.0,,,,,,,,6,4,5,5,1,2,5,5,2,1,74.0,70.0,73.0,58.0,71.0,67.0,68.0,69.0,0.0,30.0,2,1,2,1,2,2,2,2,1,2,2,2,2,2,2,1,2,2,2,2,2,1,1,2,2,2,1,2,2,2,2,2,2,2,2,2,2,1,2,2,,2.0,8,1.0,100,5,,4.0,1.0,1.0,1.0,1.0,1.0,1.0,1.0,1.0,1.0,1.0,,,,,,2.0,,4.0,3.0,3.0,2.0,2.0,2.0,1.0
118,4,3,4,3,4,4,3,4,2,4,,2.0,3.0,4.0,4.0,,2.0,58,,,,,,,1.0,3.0,1.0,,1.0,1.0,2.0,1.0,2.0,1.0,7,1,6,6,1,5,3,3,3,1,20.0,20.0,15.0,11.0,22.0,25.0,28.0,34.0,47.0,20.0,1,1,2,2,1,2,1,2,2,2,2,1,1,1,1,1,1,1,2,2,2,1,1,2,2,2,2,1,1,1,1,2,2,1,1,1,2,1,2,1,3.0,,,1.0,160,14,,5.0,,,,,,,,,,,77.0,,4.0,5.0,2.0,,,,,,,,,
119,4,4,5,3,5,4,3,4,3,5,50.0,,,,,6.0,,,,,,,,15,2.0,,1.0,,2.0,2.0,2.0,2.0,2.0,2.0,7,2,5,5,2,5,6,6,1,2,61.0,50.0,70.0,40.0,95.0,55.0,35.0,75.0,60.0,75.0,2,2,1,1,1,2,2,2,1,2,2,1,1,2,1,2,1,2,1,2,1,1,2,2,1,2,2,2,2,1,1,2,1,2,1,1,2,2,2,2,,1.0,54,1.0,380,,,4.0,,,,,,,,,,,,1.0,1.0,1.0,6.0,,,3.0,5.0,2.0,,,,4.0
120,1,1,1,1,4,1,1,2,5,2,,,,,,5.0,2.0,30,2.0,500,1.0,1.0,2.0,15,,,,2.0,,,,,,,5,4,6,6,3,5,5,5,1,2,11.0,3.0,1.0,9.0,22.0,7.0,30.0,39.0,83.0,51.0,2,2,2,2,1,1,1,1,1,1,1,2,2,1,2,2,2,1,2,2,1,2,1,1,2,2,2,1,1,2,2,2,2,2,2,2,1,1,1,2,,,,,,,,,1.0,1.0,1.0,1.0,1.0,1.0,1.0,1.0,1.0,1.0,85.0,5.0,,,,1.0,2.0,5.0,3.0,3.0,,,,2.0
121,2,2,2,1,3,2,5,3,5,3,30.0,,3.0,2.0,4.0,5.0,,,2.0,400,,,,,,,2.0,,1.0,1.0,1.0,1.0,1.0,1.0,7,4,4,5,3,5,4,5,2,1,23.0,16.0,25.0,36.0,45.0,9.0,87.0,6.0,88.0,34.0,1,1,1,1,2,2,2,1,1,1,1,2,1,1,2,2,1,1,2,1,2,1,2,1,2,1,1,1,2,1,1,1,2,1,1,1,2,1,2,2,,1.0,54,,,0,,2.0,,,,,,,,,,,,3.0,,,,2.0,,,,,4.0,3.0,4.0,3.0
122,5,4,5,5,5,1,1,5,5,5,,2.0,,,,,,,,,,,,,2.0,1.0,1.0,5.0,1.0,1.0,2.0,1.0,1.0,1.0,6,1,4,5,1,6,5,6,1,1,85.0,10.0,85.0,80.0,80.0,10.0,30.0,95.0,95.0,95.0,1,2,1,2,2,2,1,2,2,2,2,2,2,2,2,2,2,1,2,1,1,2,2,2,2,2,1,1,2,2,1,2,1,2,2,1,2,1,2,2,5.0,1.0,50,1.0,350,20,,,,,,,,,,,,,70.0,,1.0,5.0,4.0,,,3.0,3.0,3.0,,,,
123,1,3,4,4,3,3,5,4,4,5,,5.0,2.0,4.0,2.0,5.0,,,2.0,300,1.0,4.0,4.0,,,,2.0,6.0,,,,,,,6,1,4,5,3,6,3,5,4,1,19.0,33.0,89.0,95.0,55.0,58.0,99.0,95.0,46.0,31.0,2,2,1,1,1,2,1,2,2,2,1,2,2,1,1,2,2,2,2,2,1,2,2,2,1,2,2,2,2,1,2,2,2,2,2,2,2,2,2,2,,1.0,28,,,0,6.0,,1.0,1.0,1.0,1.0,1.0,1.0,1.0,1.0,1.0,1.0,61.0,,,,,1.0,,,,,,,,
124,4,4,4,4,3,4,3,4,3,3,,4.0,3.0,3.0,3.0,6.0,2.0,55,2.0,1500,2.0,4.0,4.0,20,,,,4.0,2.0,2.0,1.0,1.0,1.0,1.0,6,4,4,4,5,5,5,5,3,1,17.0,33.0,51.0,36.0,52.0,52.0,49.0,49.0,48.0,49.0,2,2,1,1,2,2,2,2,1,1,1,1,1,2,2,1,2,2,2,2,2,2,1,1,2,2,2,2,2,2,2,1,2,1,2,1,1,1,1,1,,,,,,,,,,,,,,,,,,,73.0,,,,,2.0,2.0,,,,,,,2.0
125,4,4,4,4,5,1,4,4,5,4,,,,,,7.0,,,,,,,,17,2.0,,2.0,6.0,1.0,1.0,1.0,1.0,1.0,1.0,6,5,7,7,4,1,4,5,3,1,65.0,55.0,60.0,55.0,55.0,35.0,75.0,70.0,50.0,60.0,1,1,1,1,1,2,1,1,1,1,1,1,1,1,1,2,2,2,2,1,1,2,2,2,1,2,1,2,1,1,2,1,2,1,1,1,2,1,1,2,,2.0,54,1.0,300,,10.0,,,,,,,,,,,,70.0,2.0,5.0,5.0,6.0,,,4.0,2.0,3.0,,,,
126,4,3,3,4,5,4,4,5,3,4,30.0,4.0,4.0,4.0,4.0,6.0,2.0,52,,,,,,,2.0,,,3.0,1.0,1.0,1.0,1.0,1.0,1.0,6,1,4,4,5,6,6,6,3,2,41.0,26.0,38.0,32.0,42.0,42.0,49.0,56.0,43.0,21.0,2,2,2,2,2,2,1,1,1,2,2,2,2,2,2,2,2,2,2,2,2,2,2,2,2,2,1,1,1,2,1,2,2,1,1,2,2,2,2,2,,,,1.0,380,20,7.0,,,,,,,,,,,,,,,,,,1.0,,,,2.0,5.0,6.0,
127,5,4,5,5,5,5,5,5,3,5,,6.0,3.0,4.0,4.0,,,,2.0,750,,,,15,,,1.0,,,,,,,,6,2,3,2,5,7,7,7,2,1,45.0,30.0,35.0,20.0,45.0,15.0,25.0,90.0,85.0,55.0,1,1,2,2,1,2,2,2,2,1,1,1,2,2,2,2,1,1,1,2,1,2,1,2,2,2,2,1,1,1,2,1,2,1,2,2,2,1,1,2,6.0,1.0,20,,,,,4.0,1.0,1.0,1.0,1.0,1.0,1.0,1.0,1.0,1.0,1.0,70.0,,5.0,5.0,6.0,1.0,,,,,,,,6.0
128,2,2,3,2,2,1,3,4,5,4,,4.0,4.0,2.0,2.0,,1.0,120,2.0,25,1.0,5.0,5.0,10,,,1.0,6.0,,,,,,,6,6,5,6,2,5,6,5,3,2,45.0,20.0,35.0,15.0,30.0,5.0,50.0,66.0,80.0,50.0,2,1,2,2,2,1,2,1,1,2,2,2,1,2,2,2,1,1,2,2,1,2,2,1,2,1,1,1,1,1,1,1,1,2,2,1,2,1,2,2,4.0,,,,,,6.0,,2.0,2.0,2.0,1.0,1.0,1.0,1.0,2.0,2.0,2.0,71.0,,,,,1.0,,,,,,,,
129,4,5,5,5,5,5,5,5,1,4,30.0,3.0,,,,6.0,,,2.0,300,,,,,,3.0,1.0,5.0,1.0,1.0,1.0,1.0,1.0,1.0,6,4,5,3,3,3,5,6,3,1,42.0,12.0,12.0,17.0,56.0,32.0,57.0,42.0,32.0,56.0,2,2,2,1,2,2,2,1,2,2,2,2,2,2,2,1,2,2,2,2,2,2,1,2,2,2,2,2,2,2,2,2,1,2,2,2,2,2,2,2,,1.0,30,,,8,,,,,,,,,,,,,,,1.0,5.0,6.0,1.0,,3.0,3.0,3.0,,,,
130,2,4,4,4,5,5,4,3,4,4,,4.0,,,,6.0,2.0,50,,,,,,,2.0,,2.0,1.0,,,,,,,7,2,3,3,2,5,7,6,4,1,25.0,60.0,65.0,55.0,70.0,65.0,70.0,80.0,75.0,80.0,2,2,2,2,2,2,1,2,2,2,1,2,2,2,2,2,1,2,2,2,1,2,2,1,1,2,1,2,2,2,2,1,2,2,2,2,1,1,1,2,,,,1.0,110,15,10.0,,1.0,1.0,1.0,1.0,1.0,1.0,1.0,1.0,1.0,1.0,70.0,,,,,,,2.0,3.0,1.0,5.0,2.0,4.0,
131,5,5,5,4,5,5,5,5,4,5,,2.0,2.0,2.0,2.0,,,,,,5.0,5.0,6.0,,2.0,3.0,1.0,4.0,1.0,1.0,1.0,1.0,1.0,1.0,6,5,3,5,2,5,6,5,1,1,80.0,79.0,72.0,91.0,92.0,53.0,86.0,43.0,49.0,79.0,1,2,2,2,1,2,2,1,2,1,1,1,1,2,1,1,2,2,2,1,1,2,1,1,1,2,2,1,2,2,1,2,1,2,1,2,2,1,2,2,4.0,1.0,54,1.0,380,10,,,,,,,,,,,,,90.0,,,,,,,,,,,,,
132,1,3,1,1,3,1,3,1,5,3,,,,,,6.0,,,,,,,,,2.0,,1.0,4.0,,,,,,,6,1,4,5,3,5,4,5,1,2,30.0,30.0,30.0,30.0,30.0,30.0,45.0,32.0,70.0,50.0,2,1,2,2,2,2,2,2,2,1,1,2,2,2,2,2,1,2,1,1,2,2,2,2,2,2,2,2,2,2,2,2,2,2,2,1,1,1,2,2,,1.0,47,1.0,200,20,,,1.0,1.0,1.0,1.0,1.0,1.0,1.0,1.0,1.0,1.0,80.0,3.0,,,,,,3.0,3.0,3.0,1.0,5.0,4.0,1.0
133,2,2,2,1,5,1,4,4,5,5,,,4.0,2.0,2.0,,,,2.0,500,1.0,1.0,1.0,20,2.0,,2.0,,1.0,1.0,2.0,1.0,2.0,1.0,7,2,6,3,3,6,5,7,1,2,15.0,10.0,40.0,10.0,65.0,10.0,60.0,80.0,80.0,90.0,2,2,2,2,2,2,2,1,2,2,2,2,2,2,2,2,2,2,1,2,2,1,2,2,1,2,2,2,1,1,2,2,2,2,2,2,2,2,1,2,7.0,1.0,150,,,,,2.0,,,,,,,,,,,60.0,5.0,,,,,,,,,,,,1.0
134,5,3,5,5,3,4,5,5,3,1,,4.0,2.0,4.0,2.0,6.0,,,,,,,,,2.0,,,3.0,1.0,1.0,1.0,1.0,1.0,1.0,6,3,3,5,3,5,5,5,1,1,75.0,25.0,50.0,80.0,65.0,25.0,75.0,80.0,75.0,10.0,1,2,1,1,2,2,2,1,2,2,1,1,2,2,1,1,1,1,1,1,2,1,1,1,1,2,1,2,1,2,1,2,1,2,1,2,1,2,2,2,,1.0,50,1.0,350,18,,,,,,,,,,,,,75.0,,1.0,5.0,6.0,,2.0,,,,,,,3.0
135,5,4,5,5,5,5,5,5,1,4,30.0,5.0,4.0,4.0,4.0,,2.0,45,,,3.0,5.0,5.0,,,,,4.0,1.0,1.0,1.0,1.0,1.0,1.0,7,5,6,4,3,5,6,7,3,1,8.0,10.0,6.0,20.0,19.0,31.0,35.0,15.0,36.0,33.0,1,2,2,2,1,2,2,2,2,1,1,2,2,1,1,2,2,2,2,1,2,2,2,1,2,2,1,2,2,2,1,2,2,2,1,2,2,1,2,2,6.0,,,1.0,200,14,,,,,,,,,,,,,,,,,,1.0,1.0,,,,,,,3.0
136,2,3,2,5,5,1,5,5,5,3,,3.0,,,,,,,2.0,400,,,,15,,,1.0,6.0,,,,,,,7,2,5,5,2,6,7,6,2,1,65.0,64.0,60.0,56.0,54.0,27.0,89.0,82.0,76.0,54.0,1,2,2,1,2,1,2,1,1,2,1,2,2,2,2,2,1,1,2,2,2,2,1,1,2,1,2,2,1,2,2,2,2,1,2,2,2,2,2,2,6.0,1.0,20,,,,10.0,,1.0,1.0,1.0,1.0,1.0,1.0,1.0,1.0,1.0,1.0,70.0,,,,,1.0,,3.0,5.0,3.0,4.0,3.0,3.0,
137,5,5,5,5,4,5,5,5,2,2,,2.0,4.0,5.0,3.0,6.0,,,2.0,400,1.0,5.0,5.0,20,,1.0,,,,,,,,,7,3,5,5,2,3,7,7,3,1,60.0,60.0,60.0,60.0,70.0,60.0,70.0,60.0,40.0,40.0,1,1,2,2,1,1,1,2,1,1,1,2,1,1,2,2,1,2,1,2,2,2,2,1,2,2,1,2,1,1,1,1,1,2,2,2,2,2,1,1,,1.0,55,,,,,6.0,1.0,1.0,1.0,1.0,1.0,1.0,1.0,1.0,1.0,1.0,70.0,,,,,1.0,1.0,,,,,,,
138,4,4,5,5,5,4,5,4,3,5,30.0,4.0,,,,,2.0,50,1.0,1500,,,,14,2.0,2.0,,,,,,,,,6,1,4,2,5,6,4,5,2,1,55.0,59.0,62.0,63.0,64.0,43.0,59.0,67.0,56.0,66.0,2,1,2,2,2,2,2,1,2,2,2,2,2,2,2,1,2,2,2,1,2,2,2,2,2,2,2,2,2,2,1,2,1,2,2,2,2,2,1,2,5.0,,,,,,,4.0,2.0,1.0,1.0,1.0,2.0,2.0,1.0,2.0,2.0,1.0,,,,,,,2.0,3.0,3.0,2.0,2.0,4.0,5.0,
139,3,4,4,5,5,3,4,5,4,5,73.0,,1.0,2.0,4.0,6.0,,,2.0,400,1.0,5.0,5.0,,1.0,2.0,1.0,4.0,,,,,,,2,2,4,5,1,2,4,5,3,2,47.0,51.0,49.0,84.0,75.0,70.0,63.0,86.0,83.0,80.0,1,1,2,1,1,2,1,1,1,1,1,1,1,2,2,1,1,1,2,1,1,1,1,1,1,1,1,1,1,1,1,1,2,1,1,1,1,1,1,2,,2.0,1,,,10,,,1.0,1.0,1.0,1.0,1.0,1.0,1.0,2.0,2.0,2.0,,2.0,,,,,,,,,,,,
140,5,5,4,5,4,2,5,4,5,4,55.0,,3.0,4.0,6.0,6.0,,,,,,,,,,2.0,2.0,5.0,,,,,,,5,2,4,3,2,2,6,6,4,2,75.0,58.0,78.0,53.0,89.0,46.0,77.0,50.0,70.0,84.0,1,2,1,1,2,1,1,2,1,2,1,1,2,1,1,2,1,2,1,1,1,1,1,2,1,2,1,2,2,2,2,1,1,1,2,1,1,1,2,2,,1.0,54,1.0,380,5,,,1.0,1.0,2.0,2.0,1.0,2.0,1.0,2.0,2.0,1.0,,2.0,,,,1.0,,,,,2.0,5.0,6.0,
141,3,4,4,4,5,4,5,5,4,4,,1.0,,,,,,,,,,,,,2.0,,2.0,,1.0,1.0,2.0,1.0,2.0,1.0,7,5,5,2,5,6,6,6,1,2,30.0,40.0,70.0,60.0,70.0,55.0,80.0,70.0,65.0,70.0,1,1,1,2,1,2,1,2,1,2,2,2,2,1,1,1,1,1,2,2,1,1,2,1,2,2,1,1,2,2,1,2,2,1,1,1,1,1,2,1,3.0,1.0,15,1.0,110,15,10.0,4.0,,,,,,,,,,,70.0,,5.0,4.0,6.0,,,6.0,4.0,3.0,,,,
142,3,4,2,5,5,5,4,3,1,4,,,,,,,1.0,80,,,,,,5,,,1.0,,1.0,1.0,2.0,1.0,1.0,2.0,5,4,4,5,2,5,6,6,1,2,65.0,70.0,40.0,75.0,77.0,75.0,89.0,50.0,40.0,80.0,1,2,1,1,1,1,2,1,1,2,1,1,2,1,1,2,2,1,2,1,1,2,1,1,2,2,2,1,1,1,2,1,2,2,1,1,1,2,2,1,6.0,,,1.0,200,,,3.0,,,,,,,,,,,75.0,4.0,2.0,5.0,4.0,1.0,,4.0,3.0,3.0,,,,2.0
143,5,5,4,5,5,5,4,5,2,4,,4.0,3.0,3.0,3.0,4.0,,,,,3.0,5.0,6.0,,,,,6.0,,,,,,,6,4,2,2,2,5,5,5,3,2,85.0,60.0,75.0,90.0,80.0,40.0,80.0,100.0,70.0,90.0,1,2,1,1,1,2,2,1,2,1,1,2,1,2,2,2,2,1,2,2,2,2,1,2,2,1,2,2,2,2,2,2,2,1,2,2,2,2,1,1,,1.0,18,1.0,20,10,7.0,,2.0,1.0,1.0,1.0,1.0,1.0,1.0,2.0,2.0,2.0,78.0,,,,,1.0,2.0,,,,,,,
144,4,4,4,4,2,1,4,4,5,4,38.0,4.0,,,,7.0,2.0,40,,,,,,2,2.0,,,,,,,,,,6,1,3,2,1,3,7,7,1,2,38.0,40.0,35.0,31.0,18.0,88.0,85.0,92.0,100.0,33.0,2,1,2,2,2,2,1,2,2,2,2,2,2,2,2,1,2,2,1,1,1,1,2,2,1,1,2,2,2,2,2,2,2,2,2,1,1,2,2,2,,,,1.0,150,,10.0,3.0,1.0,1.0,2.0,1.0,2.0,1.0,1.0,1.0,2.0,1.0,,,,,,,1.0,5.0,3.0,2.0,1.0,5.0,5.0,
145,4,4,5,5,3,5,5,5,1,3,30.0,,,,,6.0,,,2.0,500,2.0,4.0,4.0,17,2.0,2.0,1.0,6.0,1.0,1.0,1.0,1.0,2.0,2.0,7,1,2,2,4,6,7,6,3,1,60.0,80.0,50.0,80.0,35.0,49.0,80.0,50.0,50.0,20.0,2,2,2,2,2,2,2,2,2,2,1,2,2,2,2,1,1,2,2,2,2,2,1,2,2,2,1,2,2,2,2,2,2,2,2,2,2,2,2,2,,1.0,50,,,,,,,,,,,,,,,,,3.0,,,,,,3.0,3.0,3.0,,,,
146,4,4,4,4,4,4,4,4,4,4,,,,,,,,,2.0,500,,,,,2.0,4.0,1.0,,1.0,1.0,1.0,2.0,2.0,1.0,6,2,5,5,4,6,7,6,3,2,34.0,35.0,38.0,46.0,18.0,37.0,53.0,69.0,51.0,41.0,2,1,2,1,2,1,2,1,1,2,2,1,2,2,1,2,2,2,2,2,2,2,1,2,2,2,2,2,2,1,2,2,1,2,1,2,2,2,2,2,5.0,1.0,50,,,10,,3.0,,,,,,,,,,,70.0,2.0,,,,,,3.0,3.0,2.0,2.0,4.0,6.0,
147,5,4,5,3,3,3,3,1,5,3,,1.0,,,,6.0,2.0,54,2.0,378.7,,,,,1.0,3.0,1.0,,1.0,1.0,1.0,2.0,2.0,1.0,5,4,1,5,5,4,6,6,3,1,70.0,50.0,70.0,80.0,50.0,20.0,70.0,5.0,90.0,80.0,1,2,2,2,2,1,2,2,2,1,2,2,1,2,2,2,1,1,2,2,2,2,2,1,2,2,2,1,2,2,2,2,2,2,1,1,1,2,2,2,,,,,,14,,5.0,,,,,,,,,,,70.0,,5.0,5.0,4.0,,,5.0,1.0,1.0,,,,
148,1,2,1,2,4,2,3,1,5,4,,3.0,,,,7.0,,,2.0,600,2.0,2.0,4.0,10,,,2.0,,1.0,1.0,1.0,1.0,1.0,1.0,6,2,6,4,1,5,6,6,2,1,50.0,60.0,40.0,39.0,70.0,44.0,60.0,30.0,57.0,35.0,2,2,2,1,2,1,2,1,1,2,2,1,1,2,2,1,1,2,1,2,2,1,1,2,1,1,2,1,2,1,2,2,2,2,2,2,2,2,1,2,,1.0,50,,,,9.0,2.0,,,,,,,,,,,70.0,,,,,2.0,,3.0,5.0,2.0,,,,
149,3,4,4,5,5,4,5,5,4,4,,3.0,,,,,,,2.0,880,1.0,3.0,4.0,20,2.0,2.0,2.0,,1.0,2.0,1.0,1.0,2.0,1.0,5,3,2,4,3,4,5,6,3,1,35.0,45.0,40.0,55.0,70.0,55.0,85.0,80.0,55.0,65.0,2,2,1,1,2,1,2,2,2,2,2,1,1,2,2,2,2,1,2,2,1,1,1,2,1,2,2,1,2,1,2,2,2,2,1,2,2,2,2,1,6.0,1.0,48,,,,,4.0,,,,,,,,,,,15.0,,,,,,,2.0,5.0,3.0,,,,
150,4,3,3,5,3,5,5,4,2,3,85.0,,,,,6.0,2.0,20,2.0,800,,,,,,,2.0,4.0,,,,,,,6,2,4,5,2,5,4,5,2,2,35.0,31.0,30.0,60.0,50.0,62.0,69.0,73.0,34.0,68.0,1,1,2,1,2,1,2,2,2,2,1,2,2,1,2,2,2,1,1,1,2,1,2,2,1,2,2,2,2,1,2,1,1,2,1,2,1,2,2,2,,,,,,12,,,1.0,1.0,1.0,1.0,1.0,1.0,1.0,1.0,1.0,1.0,,3.0,4.0,3.0,3.0,2.0,,3.0,4.0,2.0,,,,3.0
151,2,3,3,5,3,5,3,3,1,3,39.0,,,,,,,,,,1.0,4.0,3.0,,,,,4.0,,,,,,,7,2,5,4,5,6,6,5,3,1,42.0,52.0,52.0,66.0,62.0,77.0,61.0,33.0,15.0,27.0,2,1,2,2,1,2,2,2,2,2,1,2,2,2,2,2,2,2,1,1,2,2,2,1,1,2,1,2,2,1,2,1,2,1,2,1,2,1,2,2,6.0,1.0,15,1.0,100,15,,,1.0,1.0,1.0,1.0,2.0,2.0,2.0,2.0,1.0,1.0,,3.0,,,,2.0,1.0,4.0,3.0,3.0,,,,1.0
152,1,1,1,1,5,1,2,1,5,5,81.0,,4.0,4.0,3.0,,2.0,50,2.0,200,,,,,,,2.0,4.0,1.0,1.0,2.0,1.0,1.0,2.0,7,1,4,2,4,6,6,7,1,2,10.0,20.0,20.0,38.0,68.0,20.0,20.0,10.0,54.0,74.0,2,2,2,1,2,1,1,2,2,1,2,1,2,2,2,2,2,2,2,2,2,2,2,2,2,1,2,2,1,2,2,2,2,2,1,2,2,2,1,1,6.0,,,,,0,,,,,,,,,,,,,,1.0,1.0,4.0,5.0,1.0,,,,,,,,2.0
153,4,4,5,5,5,5,4,5,4,4,37.0,,,,,6.0,,,1.0,1100,,,,,,,,4.0,1.0,1.0,2.0,1.0,1.0,2.0,6,3,5,5,3,5,6,6,3,1,53.0,39.0,48.0,38.0,47.0,53.0,40.0,59.0,64.0,42.0,1,2,1,1,1,1,2,2,2,1,1,1,2,2,1,2,2,1,1,1,1,1,2,1,1,1,1,1,1,1,1,1,2,1,1,1,1,2,1,2,,1.0,15,,,8,10.0,,,,,,,,,,,,,2.0,,,,1.0,2.0,3.0,4.0,3.0,2.0,5.0,6.0,
154,4,4,5,5,4,5,4,5,3,3,,4.0,,,,,,,,,2.0,3.0,5.0,,2.0,,1.0,4.0,1.0,1.0,2.0,1.0,2.0,1.0,6,1,6,5,2,5,5,6,1,2,80.0,75.0,80.0,70.0,50.0,65.0,78.0,85.0,50.0,44.0,2,2,2,2,1,2,1,2,1,1,2,1,2,2,1,2,1,2,1,2,1,2,2,1,1,2,2,1,1,2,2,2,1,2,2,1,1,2,1,2,6.0,1.0,40,1.0,280,15,,,,,,,,,,,,,70.0,,,,,,,2.0,5.0,2.0,,,,3.0
155,4,2,3,4,5,4,5,5,3,4,80.0,,4.0,4.0,4.0,,2.0,55,,,1.0,5.0,6.0,20,2.0,,1.0,,1.0,1.0,2.0,1.0,2.0,1.0,7,1,4,6,2,7,7,5,3,2,40.0,50.0,35.0,50.0,75.0,50.0,45.0,55.0,50.0,45.0,1,2,2,2,2,2,2,1,2,2,2,2,2,1,1,1,2,2,2,2,1,2,2,2,2,1,1,2,2,2,2,2,2,2,2,2,2,2,2,2,6.0,,,1.0,115,,10.0,6.0,,,,,,,,,,,,2.0,,,,,,,,,,,,
156,5,4,5,5,4,5,5,5,2,3,80.0,4.0,3.0,3.0,4.0,6.0,2.0,20,,,,,,15,2.0,,,4.0,1.0,2.0,1.0,2.0,1.0,1.0,6,3,4,4,3,3,5,6,4,1,100.0,80.0,100.0,100.0,80.0,100.0,100.0,100.0,0.0,50.0,1,2,1,2,2,1,1,2,1,2,1,2,2,2,1,2,2,2,2,1,2,2,2,1,2,2,1,1,1,2,1,2,2,2,1,2,1,2,1,1,,,,1.0,125,,5.0,,,,,,,,,,,,,,4.0,5.0,5.0,,2.0,,,,,,,
157,4,4,5,4,5,5,5,5,1,3,,4.0,,,,,2.0,50,1.0,1300,1.0,4.0,5.0,15,2.0,,1.0,,,,,,,,7,2,5,5,5,5,6,6,4,1,50.0,50.0,60.0,70.0,80.0,70.0,70.0,80.0,50.0,50.0,2,1,2,2,2,2,2,2,2,2,2,2,2,1,1,1,2,2,1,2,1,1,2,2,1,1,2,1,1,1,2,2,2,2,2,1,1,1,2,1,5.0,,,,,,,5.0,1.0,1.0,1.0,2.0,1.0,1.0,2.0,1.0,1.0,2.0,70.0,,,,,,,5.0,5.0,3.0,,,,3.0
158,4,3,4,5,4,4,5,5,3,5,,4.0,,,,5.0,,,,,3.0,5.0,6.0,,,,1.0,,,,,,,,7,3,5,4,5,6,6,7,3,2,46.0,26.0,52.0,58.0,59.0,40.0,77.0,100.0,90.0,69.0,2,2,2,1,1,1,1,1,2,1,1,2,1,1,2,1,1,1,2,2,1,1,2,2,1,2,1,1,1,2,1,2,1,2,2,2,1,2,1,2,,1.0,25,1.0,88,18,9.0,3.0,1.0,1.0,1.0,1.0,2.0,1.0,2.0,2.0,2.0,2.0,83.0,,,,,2.0,,4.0,3.0,2.0,,,,
159,1,4,1,4,4,3,2,4,4,4,30.0,6.0,,,,7.0,2.0,25,2.0,500,1.0,5.0,5.0,10,2.0,2.0,,6.0,,,,,,,6,3,3,3,4,5,5,5,1,2,10.0,10.0,10.0,100.0,100.0,10.0,10.0,100.0,100.0,100.0,2,2,1,2,1,2,1,1,2,2,2,1,2,2,1,1,2,2,1,2,2,2,1,2,2,2,2,1,2,2,1,2,1,1,2,2,1,2,1,1,,,,,,,,,2.0,1.0,1.0,2.0,1.0,1.0,1.0,2.0,1.0,1.0,,,,,,,2.0,2.0,4.0,2.0,,,,
160,4,3,4,2,4,1,4,2,5,3,,2.0,,,,6.0,,,1.0,1100,2.0,2.0,4.0,,,,1.0,,,,,,,,7,3,6,5,5,6,5,7,3,1,65.0,75.0,65.0,25.0,75.0,55.0,70.0,40.0,75.0,60.0,2,2,2,2,1,1,2,2,1,2,1,1,2,2,2,1,2,2,2,1,1,1,1,1,2,2,2,2,2,2,2,1,1,1,1,2,2,2,2,1,,1.0,30,,,5,,3.0,1.0,1.0,2.0,2.0,2.0,1.0,1.0,2.0,2.0,1.0,70.0,,,,,1.0,,4.0,5.0,3.0,,,,1.0
161,4,2,4,4,4,4,2,5,2,4,,,3.0,4.0,4.0,6.0,2.0,50,2.0,350,2.0,4.0,5.0,,,,2.0,,1.0,2.0,1.0,1.0,2.0,1.0,5,1,5,5,5,5,5,5,4,1,34.0,26.0,40.0,50.0,60.0,25.0,60.0,90.0,70.0,60.0,2,1,2,1,2,1,2,2,2,2,1,2,1,2,1,1,2,2,2,2,2,2,1,2,1,1,1,2,1,1,2,2,2,2,1,2,2,1,2,2,,,,,,15,,4.0,,,,,,,,,,,75.0,3.0,,,,1.0,,,,,,,,3.0
162,5,5,5,5,5,3,4,5,5,4,,,,,,6.0,,,2.0,350,,,,15,2.0,,,,1.0,2.0,1.0,1.0,1.0,2.0,7,2,1,5,2,7,7,6,1,2,93.0,90.0,92.0,86.0,90.0,28.0,60.0,96.0,80.0,91.0,1,2,2,2,1,1,2,1,2,2,1,1,2,2,2,1,1,1,2,1,1,1,2,2,1,1,1,1,1,2,1,1,1,2,2,1,1,1,2,1,,1.0,54,,,,1.0,3.0,,,,,,,,,,,92.0,5.0,,,,,2.0,6.0,4.0,2.0,4.0,5.0,4.0,
163,4,3,4,4,4,4,5,2,4,5,30.0,3.0,,,,6.0,2.0,40,,,1.0,5.0,6.0,18,,,2.0,,,,,,,,6,2,3,5,2,5,6,5,4,1,60.0,60.0,50.0,45.0,44.0,25.0,65.0,90.0,90.0,40.0,1,1,2,1,2,2,2,2,2,1,2,2,2,2,2,1,2,1,1,2,1,2,2,1,2,1,2,1,1,1,2,2,1,1,1,2,2,2,1,2,,,,1.0,130,,,6.0,1.0,1.0,1.0,1.0,1.0,1.0,1.0,1.0,1.0,1.0,,,,,,1.0,,3.0,3.0,3.0,,,,6.0
164,2,4,3,5,3,3,5,5,4,5,,,,,,6.0,2.0,51,2.0,300,,,,,,,1.0,4.0,1.0,1.0,1.0,2.0,1.0,2.0,5,5,4,4,5,5,6,6,3,2,23.0,39.0,20.0,98.0,75.0,55.0,99.0,92.0,49.0,96.0,2,1,2,2,1,2,1,2,1,1,2,2,2,1,1,2,2,2,2,1,1,1,2,1,1,2,2,1,2,2,1,1,1,2,2,1,2,1,1,1,,,,,,10,,,,,,,,,,,,,82.0,1.0,3.0,3.0,4.0,1.0,,6.0,5.0,4.0,,,,1.0
165,2,1,2,1,2,2,1,2,1,3,65.0,4.0,4.0,5.0,5.0,6.0,2.0,54,1.0,2300,,,,,,,,4.0,1.0,1.0,2.0,1.0,2.0,1.0,5,5,6,2,3,5,5,6,3,1,21.0,14.0,19.0,16.0,20.0,11.0,17.0,12.0,15.0,15.0,1,1,1,2,1,1,1,1,2,1,1,1,1,2,1,1,1,1,2,2,1,2,1,1,1,2,1,1,1,2,1,1,1,2,1,1,2,1,1,2,,,,,,15,5.0,,,,,,,,,,,,,,3.0,4.0,5.0,2.0,1.0,,,,,,,
166,2,4,4,2,4,2,4,2,4,4,81.0,2.0,4.0,2.0,2.0,,2.0,14,2.0,350,,,,20,2.0,,1.0,,,,,,,,6,2,6,6,3,5,5,5,3,2,68.0,82.0,78.0,48.0,79.0,48.0,80.0,36.0,70.0,78.0,2,2,2,1,1,2,2,1,1,1,1,2,1,2,2,2,1,1,2,2,1,1,2,2,2,2,1,2,2,1,1,2,1,2,1,2,2,1,2,1,6.0,,,,,,2.0,5.0,1.0,1.0,1.0,1.0,1.0,1.0,1.0,1.0,1.0,1.0,,,1.0,4.0,3.0,,,,,,,,,
167,1,1,5,5,5,4,5,5,5,1,,6.0,3.0,3.0,3.0,,1.0,200,2.0,700,1.0,1.0,4.0,20,,,2.0,,,,,,,,5,2,5,5,5,7,7,7,2,1,31.0,84.0,82.0,70.0,70.0,54.0,77.0,86.0,71.0,12.0,2,1,2,2,1,1,2,2,2,2,1,1,2,1,2,1,2,2,1,1,2,1,2,2,2,1,1,1,2,1,2,2,2,2,2,2,2,2,2,1,7.0,,,,,,,6.0,1.0,1.0,1.0,1.0,2.0,2.0,2.0,2.0,2.0,2.0,76.0,,,,,1.0,,,,,,,,2.0
168,5,4,3,4,3,4,3,4,4,4,85.0,5.0,,,,,2.0,50,,,,,,20,,,2.0,3.0,2.0,2.0,1.0,1.0,2.0,1.0,6,5,6,5,5,6,5,6,3,2,77.0,52.0,66.0,60.0,67.0,49.0,68.0,82.0,25.0,54.0,2,1,1,2,1,2,1,1,1,1,1,1,2,2,1,1,1,1,2,1,2,1,1,1,1,1,1,2,1,1,2,1,1,1,1,2,1,1,1,2,5.0,,,2.0,110.3,,4.0,,,,,,,,,,,,,,,,,2.0,,6.0,5.0,5.0,4.0,4.0,5.0,
169,5,4,5,5,5,5,5,5,3,5,90.0,5.0,,,,,,,2.0,300,1.0,5.0,6.0,15,1.0,,2.0,2.0,1.0,1.0,1.0,1.0,1.0,1.0,6,2,4,5,3,6,5,6,2,1,40.0,35.0,45.0,65.0,75.0,60.0,55.0,90.0,65.0,80.0,1,2,2,2,2,2,2,2,1,2,2,2,1,2,2,1,2,2,2,2,1,1,2,1,1,1,1,1,1,2,2,2,1,2,1,2,1,1,2,2,6.0,1.0,50,,,,10.0,,,,,,,,,,,,,,,,,,,3.0,4.0,1.0,,,,
170,5,2,5,1,3,4,5,5,4,3,40.0,4.0,,,,5.0,,,1.0,1200,3.0,3.0,4.0,,2.0,4.0,2.0,,,,,,,,7,1,2,2,2,7,6,6,2,1,46.0,32.0,13.0,42.0,43.0,42.0,65.0,86.0,37.0,56.0,1,2,2,2,1,1,1,2,2,1,2,1,2,2,1,1,1,2,2,1,2,2,2,1,2,1,2,2,2,1,1,2,1,1,2,1,1,1,2,2,,2.0,5,,,15,,4.0,1.0,1.0,1.0,1.0,1.0,1.0,1.0,1.0,1.0,1.0,,,,,,,,3.0,5.0,2.0,,,,
171,2,2,2,4,4,3,4,2,4,4,,3.0,3.0,4.0,3.0,6.0,1.0,20,1.0,1100,1.0,4.0,4.0,,,2.0,2.0,,,,,,,,5,2,5,5,3,5,6,5,2,1,38.0,44.0,37.0,63.0,63.0,36.0,57.0,48.0,52.0,61.0,2,2,2,1,2,2,2,2,1,1,2,2,1,2,1,1,2,2,1,1,2,2,2,2,1,2,1,1,2,1,2,1,2,2,2,1,2,1,1,2,,,,,,15,,3.0,1.0,1.0,1.0,1.0,1.0,1.0,1.0,1.0,1.0,1.0,70.0,,,,,2.0,,,,,,,,
172,2,5,3,5,3,1,4,5,5,1,30.0,5.0,3.0,3.0,3.0,,2.0,43,,,,,,,,2.0,1.0,6.0,,,,,,,6,2,7,7,4,7,7,6,4,1,56.0,60.0,60.0,64.0,47.0,9.0,54.0,55.0,82.0,43.0,1,2,1,1,2,1,2,2,2,2,2,1,1,2,2,2,2,1,2,2,2,2,1,1,2,1,2,1,1,2,2,1,2,2,2,2,2,2,2,2,6.0,,,1.0,213,10,,,1.0,1.0,1.0,1.0,1.0,1.0,1.0,1.0,1.0,1.0,,,,,,1.0,,,,,5.0,4.0,5.0,
173,4,4,4,3,3,5,5,5,1,3,30.0,,,,,7.0,1.0,70,1.0,3000,,,,15,2.0,,1.0,,1.0,2.0,1.0,1.0,1.0,2.0,5,3,4,3,1,5,6,6,2,1,56.0,43.0,52.0,26.0,22.0,42.0,62.0,44.0,26.0,20.0,1,2,2,2,1,2,1,2,2,2,1,1,2,1,1,1,2,2,1,2,2,2,2,2,1,2,2,2,2,2,2,1,1,1,2,2,1,2,1,1,,,,,,,,3.0,,,,,,,,,,,,3.0,3.0,3.0,6.0,,,4.0,4.0,4.0,,,,3.0
174,5,4,5,2,5,4,4,5,5,2,,,2.0,4.0,5.0,7.0,1.0,55,,,,,,,2.0,,,,1.0,1.0,1.0,1.0,1.0,1.0,7,1,6,5,3,6,5,3,2,1,70.0,45.0,80.0,55.0,20.0,60.0,85.0,90.0,65.0,30.0,1,1,2,1,1,2,2,2,2,1,2,1,2,2,2,2,2,1,2,1,1,1,1,1,2,2,2,2,1,1,2,2,2,2,2,1,2,1,2,1,,,,1.0,380,5,,6.0,,,,,,,,,,,70.0,3.0,,,,,1.0,,,,2.0,5.0,5.0,2.0
175,4,2,3,4,4,1,3,4,5,2,,5.0,,,,,2.0,20,,,,,,17,,,,5.0,,,,,,,6,2,4,2,3,6,6,7,2,1,45.0,30.0,45.0,35.0,60.0,20.0,70.0,55.0,50.0,62.0,2,1,1,2,2,1,1,1,2,1,1,2,2,1,2,2,2,2,1,2,2,2,2,2,1,2,1,1,2,2,2,2,2,1,2,2,2,2,2,2,6.0,,,1.0,275,,,,1.0,1.0,1.0,1.0,1.0,1.0,1.0,1.0,1.0,1.0,70.0,,,,,1.0,2.0,4.0,4.0,2.0,5.0,2.0,5.0,3.0
176,5,5,5,5,5,5,5,5,4,5,,2.0,,,,,,,2.0,350,2.0,2.0,2.0,15,2.0,,1.0,,,,,,,,7,5,3,3,3,5,6,6,3,1,31.0,30.0,25.0,46.0,43.0,42.0,62.0,31.0,44.0,68.0,2,1,2,1,2,2,2,2,1,2,1,2,2,2,1,2,2,2,2,2,1,1,1,2,2,2,1,2,2,2,2,2,2,2,1,2,2,2,2,2,6.0,1.0,53,,,,5.0,3.0,1.0,1.0,1.0,2.0,1.0,1.0,2.0,1.0,1.0,2.0,22.0,,,,,,,4.0,5.0,2.0,,,,
177,1,2,2,2,3,5,4,2,3,4,30.0,3.0,,,,,2.0,30,,,,,,20,2.0,,,5.0,,,,,,,6,1,3,5,2,3,3,3,1,1,29.0,30.0,35.0,63.0,64.0,75.0,86.0,64.0,67.0,69.0,2,2,2,2,2,2,2,2,2,2,1,2,2,2,1,1,2,1,1,2,2,1,2,2,2,2,2,1,2,1,2,2,1,2,1,1,2,1,1,1,6.0,,,1.0,500,,,,1.0,2.0,1.0,2.0,1.0,1.0,2.0,1.0,1.0,1.0,,,,,,,2.0,3.0,3.0,3.0,3.0,4.0,2.0,2.0
178,2,5,1,4,5,4,3,5,4,3,,,3.0,5.0,3.0,5.0,,,2.0,600,1.0,1.0,6.0,15,,,2.0,,1.0,1.0,2.0,1.0,2.0,1.0,7,3,1,3,5,6,7,4,1,2,30.0,60.0,20.0,30.0,40.0,60.0,50.0,70.0,60.0,50.0,2,2,1,2,1,2,1,1,2,1,2,2,1,1,1,2,1,2,2,2,2,2,2,2,2,2,2,1,1,2,2,1,2,1,1,2,1,2,2,1,,1.0,35,,,,,1.0,,,,,,,,,,,95.0,5.0,,,,1.0,,,,,,,,1.0
179,5,5,5,3,3,5,5,5,1,3,,5.0,,,,6.0,,,2.0,650,,,,,2.0,1.0,,,1.0,1.0,1.0,1.0,1.0,1.0,5,1,1,3,3,7,7,7,1,1,60.0,45.0,55.0,40.0,55.0,85.0,40.0,90.0,25.0,65.0,2,2,2,2,2,2,2,2,2,2,2,1,2,1,2,2,2,1,2,1,2,2,2,2,2,2,2,2,2,2,2,2,2,2,2,1,1,1,2,2,,1.0,15,,,16,,6.0,,,,,,,,,,,70.0,,1.0,5.0,6.0,,2.0,3.0,3.0,3.0,,,,
180,5,4,4,4,5,4,5,5,3,5,40.0,,,,,6.0,1.0,75,1.0,1700,4.0,4.0,5.0,,1.0,,2.0,,,,,,,,7,2,2,3,1,5,6,5,4,2,80.0,40.0,85.0,65.0,70.0,35.0,80.0,95.0,85.0,75.0,1,1,1,1,2,1,1,2,2,1,1,1,1,1,1,2,1,1,1,2,1,1,2,1,1,2,1,1,1,2,1,2,1,1,1,1,1,2,1,1,,,,,,12,,6.0,1.0,2.0,1.0,1.0,2.0,2.0,2.0,1.0,1.0,1.0,,5.0,,,,,,5.0,3.0,2.0,,,,3.0
181,4,4,5,5,5,5,5,5,1,1,70.0,,4.0,3.0,4.0,6.0,2.0,46,,,,,,5,,2.0,1.0,,1.0,1.0,2.0,1.0,1.0,2.0,6,1,2,3,3,7,6,5,4,1,55.0,58.0,70.0,62.0,60.0,55.0,68.0,64.0,35.0,23.0,2,2,2,2,2,2,2,1,2,2,2,2,2,2,1,2,2,2,2,1,2,2,2,1,2,2,2,2,2,2,2,1,2,2,2,2,2,2,1,2,,,,1.0,105,,,5.0,,,,,,,,,,,,2.0,,,,1.0,,,,,1.0,5.0,5.0,
182,4,1,1,1,3,2,1,1,5,3,30.0,4.0,3.0,3.0,3.0,4.0,2.0,40,,,,,,15,,,1.0,2.0,,,,,,,6,2,4,1,1,5,6,7,3,1,60.0,5.0,12.0,2.0,50.0,42.0,30.0,20.0,96.0,50.0,2,1,2,1,2,1,1,2,2,2,1,2,2,2,2,2,2,2,2,1,2,1,1,2,2,2,2,2,2,1,2,1,1,1,2,2,2,2,2,2,,,,1.0,105,,10.0,,1.0,1.0,1.0,1.0,1.0,1.0,1.0,1.0,1.0,1.0,,,,,,2.0,,,,,4.0,3.0,2.0,
183,2,3,2,4,4,4,1,4,5,5,65.0,,,,,5.0,,,2.0,700,,,,,2.0,,,4.0,1.0,1.0,1.0,1.0,1.0,1.0,6,2,4,5,3,5,6,6,3,2,39.0,48.0,28.0,34.0,55.0,79.0,55.0,68.0,43.0,54.0,1,2,1,1,2,2,1,1,2,2,1,2,2,2,1,1,1,1,2,2,2,2,2,2,1,1,2,2,2,1,2,2,2,2,1,2,2,1,2,1,,1.0,22,,,10,9.0,,,,,,,,,,,,,4.0,3.0,4.0,3.0,,2.0,5.0,5.0,2.0,,,,
184,4,4,1,2,4,1,5,5,5,5,,4.0,,,,,,,,,,,,20,2.0,,1.0,6.0,,,,,,,7,1,2,2,3,7,6,6,1,2,85.0,53.0,27.0,85.0,90.0,20.0,95.0,90.0,70.0,80.0,2,2,2,2,1,1,2,1,1,2,2,1,2,1,1,2,2,2,2,2,1,1,2,1,1,1,2,2,2,1,2,1,2,2,1,2,1,2,1,1,5.0,1.0,50,1.0,350,,,,1.0,1.0,1.0,1.0,1.0,1.0,1.0,1.0,1.0,1.0,70.0,,4.0,5.0,6.0,,,2.0,5.0,3.0,,,,2.0
185,4,5,3,4,3,4,2,3,4,3,68.0,,,,,6.0,,,2.0,380,3.0,3.0,6.0,,1.0,,,6.0,,,,,,,7,1,4,3,1,7,7,5,4,1,39.0,79.0,43.0,62.0,34.0,79.0,29.0,54.0,73.0,42.0,2,1,1,1,1,2,1,1,1,1,2,1,2,2,1,1,1,1,2,1,1,1,2,1,1,1,1,2,1,1,2,1,2,2,1,1,2,1,2,1,,1.0,54,,,15,,,1.0,1.0,1.0,1.0,1.0,1.0,1.0,2.0,2.0,2.0,,4.0,,,,,1.0,5.0,2.0,3.0,,,,4.0
186,5,5,4,5,4,5,4,5,2,3,,,,,,5.0,2.0,54,2.0,400,1.0,4.0,6.0,,,,,4.0,,,,,,,6,2,3,3,2,6,5,5,3,2,88.0,100.0,79.0,100.0,100.0,100.0,84.0,100.0,20.0,20.0,2,2,1,1,2,1,1,1,2,2,1,2,1,1,2,2,1,2,1,1,2,2,2,1,2,1,2,1,2,1,1,2,1,2,2,1,1,1,2,2,,,,,,5,7.0,,1.0,1.0,1.0,2.0,1.0,1.0,2.0,1.0,2.0,1.0,91.0,4.0,,,,1.0,1.0,4.0,3.0,3.0,,,,
187,4,5,5,5,5,5,4,4,1,2,,3.0,2.0,4.0,2.0,6.0,2.0,25,,,1.0,4.0,5.0,,1.0,2.0,,,1.0,1.0,2.0,2.0,1.0,1.0,6,2,6,6,4,5,5,5,4,1,46.0,79.0,50.0,85.0,71.0,82.0,46.0,51.0,62.0,43.0,2,1,1,2,2,1,1,2,1,2,2,2,2,2,2,1,1,2,2,2,2,2,2,2,2,1,2,2,1,2,2,1,2,1,2,2,1,2,2,2,,,,1.0,125,5,,3.0,,,,,,,,,,,80.0,,,,,,2.0,,,,,,,
188,2,4,3,4,4,4,3,3,3,2,,3.0,,,,6.0,2.0,52,,,,,,,,,,,1.0,2.0,1.0,1.0,2.0,1.0,6,3,4,3,5,5,4,6,3,1,47.0,65.0,40.0,60.0,35.0,50.0,75.0,90.0,75.0,80.0,2,2,2,2,1,2,1,2,2,1,1,2,2,2,1,2,1,2,1,2,1,2,1,2,2,1,2,2,2,2,1,2,2,2,2,2,2,1,2,2,,,,1.0,300,9,9.0,4.0,,,,,,,,,,,70.0,,,,,2.0,1.0,4.0,3.0,3.0,1.0,4.0,4.0,
189,4,3,4,4,5,5,5,5,5,4,,,4.0,2.0,2.0,,,,,,1.0,3.0,3.0,,2.0,,1.0,4.0,,,,,,,5,1,6,3,3,4,5,5,3,2,42.0,23.0,52.0,44.0,84.0,56.0,77.0,80.0,90.0,70.0,2,1,2,2,2,1,2,1,2,2,2,2,2,1,2,2,2,1,1,2,2,2,2,2,1,2,2,2,1,2,2,2,2,2,1,2,2,1,2,1,6.0,1.0,20,1.0,95,10,,,1.0,1.0,1.0,2.0,1.0,1.0,1.0,2.0,1.0,2.0,72.0,2.0,,,,,,,,,,,,2.0
190,4,5,4,5,4,4,4,2,5,4,,,,,,4.0,,,,,,,,,,,,,1.0,1.0,1.0,2.0,2.0,2.0,5,5,3,1,5,3,7,7,4,1,17.0,21.0,35.0,15.0,35.0,38.0,20.0,33.0,23.0,44.0,2,2,1,1,1,1,2,1,2,2,1,2,1,2,2,2,1,2,2,2,1,1,1,2,1,2,2,2,1,2,1,1,1,1,2,2,1,2,1,1,,1.0,20,1.0,105,5,,2.0,,,,,,,,,,,40.0,5.0,4.0,4.0,4.0,2.0,2.0,6.0,6.0,2.0,,,,1.0
191,4,5,5,5,5,4,5,5,3,5,,,3.0,3.0,4.0,,2.0,50,2.0,380,,,,,2.0,,1.0,,,,,,,,7,1,5,2,4,6,5,7,2,2,60.0,85.0,90.0,95.0,95.0,70.0,75.0,100.0,60.0,95.0,2,2,1,2,1,1,1,1,1,2,2,1,1,1,1,1,1,1,2,1,1,2,1,1,1,2,2,1,1,1,1,2,1,1,1,2,1,1,2,1,5.0,,,,,10,3.0,4.0,1.0,1.0,2.0,1.0,1.0,1.0,2.0,1.0,1.0,2.0,80.0,3.0,,,,,,,,,4.0,5.0,5.0,
192,5,5,5,5,5,5,5,5,1,1,,4.0,3.0,3.0,3.0,6.0,,,2.0,600,,,,10,,2.0,,6.0,,,,,,,7,1,2,3,5,6,6,6,4,1,48.0,46.0,63.0,66.0,68.0,46.0,71.0,86.0,39.0,46.0,2,2,1,1,2,2,1,2,2,2,2,2,2,2,2,1,2,1,2,1,2,1,2,2,2,1,2,2,1,2,2,2,2,2,1,1,2,1,2,2,,1.0,14,,,,,,1.0,1.0,1.0,1.0,1.0,1.0,1.0,2.0,2.0,2.0,49.0,,,,,1.0,1.0,,,,1.0,5.0,6.0,
193,4,3,3,4,2,4,3,4,3,2,,,5.0,3.0,4.0,,1.0,102,,,2.0,5.0,4.0,10,1.0,,1.0,6.0,,,,,,,6,2,2,5,4,6,7,7,4,1,52.0,68.0,55.0,38.0,69.0,52.0,41.0,32.0,55.0,74.0,1,2,1,1,2,1,2,2,1,1,2,1,1,2,1,2,1,2,1,1,1,2,1,1,1,2,2,2,2,1,2,2,1,1,1,2,1,2,1,1,4.0,,,1.0,150,,,,2.0,2.0,2.0,1.0,1.0,1.0,2.0,2.0,1.0,2.0,67.0,4.0,,,,,,,,,,,,2.0
194,1,3,2,3,1,4,5,5,2,1,81.0,,4.0,4.0,3.0,3.0,1.0,67,2.0,350,,,,,2.0,,2.0,4.0,1.0,1.0,1.0,1.0,2.0,2.0,7,1,1,1,3,7,7,7,1,1,24.0,24.0,23.0,39.0,39.0,45.0,30.0,47.0,53.0,12.0,1,2,2,2,2,1,2,1,2,2,2,2,1,1,2,1,1,2,1,1,2,2,1,1,2,2,1,1,1,2,1,1,2,1,1,2,2,1,2,1,,,,,,20,10.0,,,,,,,,,,,,,3.0,,,,,,,,,5.0,4.0,6.0,
195,5,5,5,5,5,5,5,5,1,1,,,3.0,4.0,4.0,5.0,2.0,59,,,,,,,,,,4.0,1.0,1.0,1.0,1.0,1.0,1.0,5,3,4,4,3,4,5,5,3,1,65.0,50.0,39.0,70.0,70.0,54.0,41.0,43.0,50.0,68.0,1,2,2,2,1,1,1,1,2,2,1,1,2,2,1,1,2,1,1,2,2,1,2,1,2,2,2,2,2,2,1,1,2,2,2,1,2,1,1,2,,,,1.0,312,10,,,,,,,,,,,,,70.0,2.0,5.0,5.0,4.0,1.0,1.0,,,,,,,3.0
196,4,3,3,3,4,5,5,4,3,3,,,3.0,3.0,3.0,,2.0,52,,,,,,15,,1.0,,6.0,,,,,,,7,1,1,1,1,7,7,7,2,1,50.0,30.0,30.0,40.0,20.0,40.0,72.0,85.0,70.0,23.0,2,2,2,2,2,2,2,2,2,2,1,2,2,2,2,2,2,2,2,2,2,2,2,2,2,2,2,1,2,2,2,2,2,2,2,2,2,2,2,2,6.0,,,1.0,350,,,,1.0,1.0,1.0,1.0,1.0,1.0,1.0,1.0,1.0,1.0,50.0,4.0,1.0,5.0,6.0,2.0,2.0,,,,,,,
197,4,4,3,5,5,2,4,5,3,5,28.0,,,,,,,,,,,,,15,1.0,,1.0,,,,,,,,5,1,1,2,5,7,7,7,1,1,18.0,22.0,47.0,92.0,56.0,16.0,27.0,91.0,93.0,88.0,2,2,2,2,1,2,2,2,1,2,2,2,2,1,2,2,2,2,2,1,1,2,2,2,2,2,2,2,2,2,2,2,2,1,2,2,2,1,2,2,3.0,2.0,8,1.0,120,,,3.0,1.0,1.0,1.0,1.0,1.0,1.0,1.0,2.0,2.0,2.0,,1.0,,,,,,4.0,4.0,1.0,1.0,2.0,4.0,2.0
198,5,4,4,5,4,5,5,5,1,3,,3.0,,,,,2.0,35,,,,,,15,,2.0,,,,,,,,,6,1,5,4,5,7,5,5,1,1,50.0,55.0,50.0,65.0,65.0,60.0,85.0,65.0,45.0,50.0,2,2,2,2,2,2,1,2,1,2,2,2,2,2,1,2,2,1,2,2,2,2,2,1,1,2,2,2,2,2,2,1,2,1,2,2,1,2,2,2,5.0,,,1.0,250,,,6.0,1.0,1.0,1.0,1.0,1.0,1.0,1.0,1.0,1.0,1.0,80.0,,,,,2.0,1.0,3.0,4.0,3.0,3.0,5.0,6.0,
199,5,3,4,5,5,4,5,5,1,1,,,,,,5.0,,,2.0,380,,,,20,2.0,,2.0,6.0,1.0,2.0,1.0,2.0,1.0,2.0,7,1,5,6,5,7,7,7,4,1,40.0,30.0,50.0,75.0,75.0,35.0,80.0,90.0,30.0,20.0,1,2,2,2,1,2,1,2,2,2,1,2,2,2,2,2,2,2,1,1,1,2,2,2,1,2,1,2,2,1,2,2,2,2,2,1,2,2,1,2,,1.0,54,,,,10.0,,,,,,,,,,,,70.0,2.0,3.0,5.0,6.0,,,3.0,3.0,3.0,,,,
200,1,2,1,1,1,1,2,3,5,4,,3.0,1.0,3.0,3.0,,,,,,1.0,4.0,4.0,,,2.0,,6.0,1.0,1.0,2.0,1.0,1.0,2.0,5,1,4,5,1,3,3,3,3,2,11.0,39.0,7.0,24.0,32.0,4.0,60.0,30.0,79.0,71.0,2,2,2,1,2,2,2,1,2,2,2,1,1,2,2,1,2,2,2,2,2,1,1,1,2,1,1,2,2,2,2,2,1,2,2,2,2,2,1,2,3.0,1.0,21,1.0,230,15,,,,,,,,,,,,,60.0,,,,,1.0,1.0,,,,,,,
201,4,3,4,2,4,5,4,3,2,2,42.0,,,,,5.0,2.0,40,1.0,1100,,,,,2.0,,,3.0,,,,,,,7,2,3,3,5,5,5,5,2,1,70.0,25.0,56.0,16.0,33.0,70.0,55.0,55.0,67.0,24.0,2,2,1,2,2,2,1,2,2,2,1,2,2,2,2,1,2,2,2,2,1,1,2,1,2,1,2,2,2,2,2,1,1,2,2,2,2,2,1,2,,,,,,10,10.0,,1.0,1.0,1.0,1.0,1.0,1.0,1.0,1.0,1.0,1.0,,4.0,3.0,4.0,5.0,,2.0,3.0,4.0,2.0,,,,
202,5,2,4,2,4,3,5,4,4,4,,5.0,,,,,,,1.0,1300,,,,15,,3.0,2.0,,1.0,1.0,1.0,2.0,1.0,2.0,5,1,2,3,2,6,6,7,2,2,75.0,47.0,85.0,40.0,62.0,60.0,81.0,71.0,65.0,44.0,1,2,2,1,1,1,1,1,1,1,1,1,1,2,1,1,1,2,1,1,1,2,1,1,2,2,1,1,1,1,1,2,1,1,1,1,1,1,1,1,6.0,1.0,15,,,,,4.0,,,,,,,,,,,60.0,,,,,1.0,,2.0,1.0,3.0,2.0,4.0,5.0,
203,5,4,5,4,5,3,5,4,5,4,76.0,6.0,2.0,1.0,2.0,,2.0,40,1.0,1200,,,,,2.0,,1.0,,2.0,2.0,1.0,1.0,2.0,1.0,5,3,4,6,2,6,5,4,3,2,74.0,55.0,72.0,62.0,51.0,11.0,79.0,85.0,93.0,67.0,1,1,2,1,1,2,2,1,2,2,1,1,1,2,1,1,1,2,1,1,2,1,2,1,2,2,2,1,1,1,2,1,2,1,2,1,2,1,2,1,1.0,,,,,15,,5.0,,,,,,,,,,,,,1.0,5.0,4.0,,,,,,,,,3.0
204,4,4,4,3,5,5,5,4,3,4,,3.0,,,,,2.0,3,,,,,,15,,,1.0,4.0,,,,,,,6,4,5,5,2,3,5,5,3,2,54.0,37.0,44.0,43.0,68.0,57.0,62.0,58.0,52.0,64.0,2,2,2,2,2,2,1,1,1,2,2,2,1,1,2,2,2,1,2,2,1,2,2,1,2,2,2,1,1,1,2,2,1,2,1,2,2,2,2,2,6.0,,,1.0,100,,1.0,,1.0,2.0,1.0,1.0,1.0,2.0,1.0,2.0,1.0,2.0,42.0,,,,,2.0,,3.0,3.0,3.0,1.0,5.0,6.0,
205,4,3,2,3,4,4,4,4,3,4,87.0,,,,,,,,2.0,350,2.0,4.0,2.0,15,,3.0,,3.0,1.0,1.0,2.0,1.0,2.0,1.0,5,2,3,3,4,5,6,6,2,1,50.0,40.0,24.0,69.0,84.0,64.0,74.0,53.0,80.0,69.0,2,2,1,1,1,1,2,1,1,1,2,2,2,1,1,1,2,2,2,2,1,2,1,1,2,2,2,2,2,1,1,1,2,2,1,2,2,2,1,2,6.0,1.0,25,,,,,,,,,,,,,,,,,3.0,,,,2.0,2.0,4.0,3.0,3.0,,,,
206,1,1,1,1,1,1,1,1,5,3,30.0,6.0,2.0,2.0,2.0,,2.0,50,,,1.0,1.0,1.0,,,,2.0,2.0,1.0,1.0,1.0,1.0,1.0,1.0,5,2,5,4,2,6,6,6,1,1,6.0,5.0,4.0,7.0,17.0,11.0,8.0,25.0,79.0,37.0,2,2,2,1,2,2,2,2,2,1,2,2,2,2,2,1,2,2,2,2,2,2,2,2,1,2,2,2,2,2,2,2,2,2,2,2,2,2,2,2,1.0,,,1.0,150,5,,,,,,,,,,,,,,,,,,1.0,,,,,,,,1.0
207,4,4,2,4,4,5,2,2,5,4,,3.0,3.0,4.0,5.0,,2.0,54,,,1.0,5.0,4.0,18,2.0,4.0,,4.0,1.0,1.0,1.0,1.0,1.0,1.0,6,2,2,2,2,2,1,5,3,1,70.0,60.0,65.0,50.0,70.0,60.0,75.0,55.0,40.0,45.0,2,1,2,2,1,2,1,2,1,1,2,2,2,2,1,1,2,2,1,1,1,2,1,1,1,1,1,2,1,1,2,1,1,1,1,2,1,1,2,1,5.0,,,1.0,380,,,,,,,,,,,,,,70.0,,,,,,2.0,,,,,,,
208,2,2,2,2,4,3,2,3,4,3,,3.0,,,,,2.0,28,2.0,250,,,,10,2.0,,,5.0,,,,,,,6,2,5,3,2,3,3,3,3,1,28.0,18.0,21.0,28.0,35.0,27.0,25.0,30.0,40.0,31.0,2,2,1,1,1,2,1,1,1,1,2,1,2,1,2,2,2,2,2,2,1,1,2,2,1,2,2,2,2,1,1,1,2,2,2,2,2,2,2,2,6.0,,,,,,10.0,,1.0,1.0,1.0,1.0,1.0,1.0,1.0,1.0,1.0,1.0,70.0,,2.0,4.0,4.0,,1.0,3.0,3.0,2.0,,,,
209,4,1,4,5,5,1,4,4,5,1,30.0,4.0,2.0,5.0,1.0,,2.0,48,2.0,350,,,,20,,,,1.0,1.0,1.0,1.0,1.0,1.0,1.0,1,1,5,3,1,7,7,7,1,1,40.0,40.0,30.0,30.0,50.0,30.0,80.0,50.0,75.0,15.0,2,2,2,1,2,2,1,2,2,2,2,2,2,2,1,2,2,2,2,2,1,2,1,2,2,1,1,2,2,1,2,1,2,1,2,2,2,1,2,2,3.0,,,,,,9.0,,,,,,,,,,,,,,5.0,5.0,6.0,1.0,2.0,,,,,,,
210,4,5,4,5,5,1,1,5,5,4,70.0,,1.0,3.0,2.0,5.0,2.0,54,2.0,363,2.0,4.0,6.0,,,6.0,,,,,,,,,5,5,5,5,3,5,6,6,4,1,45.0,20.0,10.0,45.0,60.0,25.0,75.0,60.0,45.0,35.0,1,1,1,1,1,2,2,2,2,2,2,2,2,1,2,1,1,1,2,2,2,2,2,2,1,2,1,1,2,1,2,2,2,2,1,2,1,1,2,2,,,,,,10,,6.0,1.0,1.0,1.0,1.0,1.0,1.0,1.0,1.0,1.0,1.0,,3.0,,,,1.0,2.0,,,,,,,
211,1,2,1,2,3,2,3,1,5,4,30.0,,,,,6.0,2.0,50,,,1.0,2.0,3.0,,,1.0,2.0,2.0,,,,,,,6,4,6,5,2,3,5,5,1,1,31.0,41.0,41.0,39.0,52.0,41.0,47.0,47.0,69.0,65.0,1,1,2,1,2,1,2,1,2,1,1,1,1,2,1,1,2,1,2,1,2,2,2,1,2,1,2,2,1,2,2,2,2,1,2,2,1,2,1,1,,,,1.0,300,5,,,1.0,1.0,1.0,1.0,1.0,1.0,1.0,1.0,1.0,1.0,,3.0,,,,1.0,,3.0,4.0,2.0,,,,
212,4,5,4,4,4,5,4,4,3,3,30.0,,,,,,2.0,54,2.0,380,,,,,,,1.0,4.0,1.0,1.0,1.0,1.0,1.0,1.0,7,2,3,5,3,6,7,7,4,1,82.0,63.0,65.0,38.0,80.0,80.0,61.0,100.0,80.0,38.0,2,2,1,1,2,2,1,2,1,1,2,1,1,2,2,2,1,1,1,1,2,1,1,2,2,1,1,1,1,1,1,1,1,2,2,2,2,2,1,1,3.0,,,,,18,3.0,,,,,,,,,,,,,5.0,,,,1.0,,3.0,3.0,3.0,5.0,5.0,6.0,
213,5,5,5,5,5,5,4,5,2,5,30.0,,3.0,3.0,3.0,7.0,2.0,12,,,,,,20,,,,,,,,,,,6,1,2,2,3,5,7,7,2,1,60.0,65.0,81.0,80.0,79.0,63.0,85.0,87.0,56.0,85.0,1,2,1,1,2,1,2,2,2,2,2,1,2,1,2,1,1,2,1,2,1,1,2,2,2,1,2,1,2,2,2,2,2,2,1,2,1,2,2,1,,,,1.0,112,,5.0,1.0,1.0,1.0,1.0,1.0,1.0,1.0,1.0,1.0,1.0,1.0,,2.0,,,,1.0,1.0,,,,1.0,5.0,6.0,
214,3,3,3,3,3,3,3,3,3,3,,4.0,4.0,4.0,4.0,5.0,2.0,54,2.0,379,5.0,4.0,5.0,,1.0,,,3.0,1.0,1.0,1.0,1.0,1.0,1.0,4,4,4,4,4,4,4,4,3,1,50.0,48.0,48.0,67.0,67.0,62.0,62.0,62.0,55.0,59.0,1,1,2,1,1,1,1,1,1,1,1,1,1,1,1,1,1,1,1,1,1,1,2,1,1,1,1,1,1,1,1,1,1,1,1,1,1,1,2,1,,,,,,16,,,,,,,,,,,,,70.0,,,,,,2.0,,,,,,,4.0
215,5,4,5,5,5,5,5,5,2,5,87.0,4.0,,,,,,,,,,,,18,2.0,,1.0,6.0,1.0,1.0,1.0,2.0,2.0,1.0,6,1,2,2,2,7,7,7,2,2,46.0,35.0,45.0,51.0,55.0,36.0,69.0,49.0,61.0,49.0,2,1,2,2,2,2,2,1,2,2,1,1,1,1,2,2,1,1,1,2,1,1,2,1,2,1,2,1,2,1,1,2,2,2,1,1,2,1,2,1,5.0,1.0,24,1.0,120,,,,,,,,,,,,,,,,4.0,5.0,6.0,,,5.0,3.0,2.0,,,,4.0
216,3,5,5,5,4,5,5,3,5,4,,,,,,,2.0,54,2.0,350,,,,15,2.0,,2.0,4.0,,,,,,,7,1,4,6,5,7,4,5,3,2,25.0,72.0,80.0,100.0,75.0,40.0,91.0,78.0,86.0,74.0,1,2,1,2,1,1,2,1,2,1,1,1,1,2,1,1,1,1,2,1,2,2,2,2,1,2,2,1,1,1,1,2,1,2,1,1,1,2,1,2,5.0,,,,,,,,1.0,1.0,2.0,1.0,1.0,2.0,2.0,1.0,1.0,1.0,70.0,1.0,5.0,5.0,6.0,,,1.0,1.0,1.0,,,,6.0
217,2,3,2,3,2,4,2,5,3,4,,2.0,2.0,3.0,3.0,,2.0,12,,,,,,15,,,1.0,,,,,,,,7,5,6,5,5,4,6,6,1,1,19.0,12.0,36.0,51.0,31.0,60.0,17.0,100.0,51.0,49.0,2,1,2,2,1,2,1,2,2,1,1,1,1,2,2,2,2,1,1,2,2,1,2,1,1,2,1,2,1,2,2,1,1,2,1,2,2,2,2,1,2.0,,,1.0,225,,,2.0,1.0,1.0,1.0,1.0,1.0,1.0,1.0,1.0,1.0,1.0,72.0,,,,,1.0,,,,,4.0,2.0,3.0,1.0
218,2,3,4,4,3,3,4,1,5,4,80.0,5.0,,,,6.0,2.0,50,2.0,300,3.0,4.0,5.0,15,1.0,,2.0,4.0,,,,,,,6,4,4,3,2,5,6,6,2,2,30.0,50.0,65.0,70.0,50.0,50.0,80.0,40.0,60.0,60.0,1,2,2,1,2,2,1,2,2,2,1,1,1,2,2,2,2,1,1,1,2,2,2,2,1,1,2,1,1,1,1,1,2,1,2,1,1,2,2,2,,,,,,,6.0,,1.0,1.0,2.0,1.0,2.0,1.0,1.0,2.0,1.0,1.0,,,,,,,,3.0,4.0,3.0,,,,
219,5,5,5,5,4,5,5,5,1,1,,4.0,4.0,4.0,4.0,,,,2.0,500,2.0,5.0,6.0,,,,1.0,,1.0,1.0,2.0,1.0,1.0,2.0,7,4,3,2,1,5,6,6,2,1,62.0,55.0,22.0,75.0,25.0,75.0,82.0,95.0,20.0,20.0,2,1,1,2,2,2,1,2,1,2,1,2,2,2,2,2,2,2,2,1,2,2,2,1,1,2,2,2,1,1,1,2,2,2,1,1,2,2,2,2,6.0,1.0,54,,,2,9.0,5.0,,,,,,,,,,,100.0,,,,,1.0,,,,,,,,
220,4,3,4,4,4,1,4,4,5,4,,,3.0,3.0,4.0,5.0,2.0,50,,,,,,,2.0,10.0,1.0,,,,,,,,6,2,4,4,2,6,6,5,3,2,73.0,56.0,55.0,61.0,62.0,10.0,73.0,66.0,95.0,78.0,1,2,1,1,1,2,1,1,2,2,2,1,2,2,2,2,2,2,2,2,2,2,2,1,2,2,1,1,2,2,2,2,1,2,1,2,2,2,2,2,,,,1.0,400,10,,6.0,1.0,1.0,1.0,1.0,1.0,1.0,1.0,1.0,1.0,1.0,73.0,4.0,,,,,,,,,2.0,5.0,5.0,
221,1,1,1,1,5,1,3,5,5,5,,,,,,,,,,,1.0,1.0,1.0,0,1.0,,,6.0,1.0,1.0,1.0,1.0,1.0,1.0,6,4,4,4,2,3,7,7,1,1,30.0,60.0,50.0,25.0,75.0,9.0,50.0,90.0,91.0,90.0,2,1,1,1,1,1,1,1,2,2,2,2,1,2,1,1,1,1,1,2,2,1,1,1,1,1,2,2,1,2,2,1,1,1,1,2,1,1,1,1,1.0,1.0,50,1.0,300,,,,,,,,,,,,,,70.0,1.0,,,,,1.0,1.0,1.0,1.0,,,,3.0
222,1,1,1,1,4,1,5,1,5,5,,6.0,4.0,3.0,1.0,6.0,,,2.0,350,1.0,5.0,6.0,15,,,1.0,6.0,,,,,,,6,1,5,6,1,6,5,5,3,1,20.0,21.0,26.0,35.0,38.0,15.0,95.0,41.0,61.0,48.0,1,2,2,2,2,2,2,2,2,2,2,2,2,2,2,1,1,2,2,2,2,1,2,2,1,1,2,2,2,1,2,2,2,1,2,2,2,2,2,1,,1.0,45,,,,,,1.0,1.0,1.0,1.0,1.0,1.0,1.0,1.0,1.0,1.0,100.0,,,,,1.0,,,,,,,,4.0
223,4,4,4,3,4,5,4,4,5,3,62.0,,2.0,2.0,2.0,4.0,,,2.0,890,,,,13,,1.0,2.0,,,,,,,,7,5,4,4,2,3,5,5,4,1,67.0,84.0,72.0,51.0,56.0,89.0,51.0,91.0,100.0,54.0,1,1,1,2,2,2,2,1,2,1,1,2,2,1,2,2,1,2,1,1,1,2,1,1,1,1,1,2,2,2,2,2,1,1,2,1,1,1,2,1,,1.0,49,,,,,6.0,1.0,1.0,2.0,1.0,1.0,1.0,1.0,2.0,2.0,1.0,,5.0,1.0,5.0,3.0,2.0,,,,,,,,
224,4,3,4,4,4,4,3,4,3,4,,,,,,5.0,,,2.0,100.8,,,,15,2.0,,,,1.0,1.0,2.0,2.0,1.0,1.0,6,5,6,6,5,6,6,5,3,2,59.0,62.0,44.0,78.0,67.0,51.0,72.0,53.0,0.0,93.0,1,1,2,1,1,1,1,1,1,1,2,1,1,1,1,2,1,1,1,2,1,1,1,1,1,1,1,2,1,1,1,1,1,1,2,1,1,1,1,1,,2.0,52,,,,,2.0,,,,,,,,,,,74.0,5.0,4.0,4.0,4.0,,2.0,5.0,4.0,5.0,,,,4.0
225,4,5,4,2,4,4,4,2,4,5,73.0,,,,,6.0,2.0,54,,,,,,,,,1.0,,,,,,,,2,4,2,6,2,6,5,4,1,2,55.0,37.0,60.0,39.0,71.0,19.0,53.0,56.0,20.0,61.0,2,1,1,1,2,2,2,2,1,2,2,2,1,2,2,1,2,1,1,1,2,2,1,2,2,2,2,2,2,2,1,1,1,2,1,2,2,1,1,2,,,,1.0,200,12,9.0,5.0,1.0,1.0,1.0,1.0,1.0,2.0,2.0,2.0,2.0,2.0,,2.0,2.0,4.0,4.0,1.0,,2.0,3.0,1.0,,,,
226,4,5,3,3,5,3,5,5,4,5,,,,,,6.0,1.0,225,,,3.0,2.0,3.0,10,,,,5.0,1.0,2.0,2.0,1.0,2.0,1.0,7,2,3,1,2,5,7,7,1,2,58.0,48.0,66.0,79.0,84.0,81.0,82.0,83.0,72.0,80.0,2,2,1,1,1,1,1,2,2,1,2,1,1,1,2,2,1,2,1,2,2,1,1,1,1,1,2,2,1,2,1,1,1,1,1,1,1,1,1,1,,,,1.0,300,,10.0,,,,,,,,,,,,52.0,2.0,,,,2.0,1.0,5.0,5.0,3.0,,,,
227,5,5,5,5,4,5,5,5,3,4,,,,,,,,,,,1.0,5.0,6.0,5,1.0,,,6.0,,,,,,,7,5,2,4,1,7,7,7,2,1,68.0,63.0,96.0,72.0,68.0,45.0,89.0,65.0,63.0,57.0,1,2,1,1,1,2,2,1,2,2,2,1,1,1,1,1,1,2,2,1,1,2,2,2,1,2,1,1,1,1,2,1,1,1,2,2,1,2,1,2,6.0,2.0,7,2.0,20,,,,1.0,1.0,2.0,1.0,1.0,1.0,2.0,1.0,2.0,1.0,62.0,3.0,,,,,2.0,4.0,3.0,3.0,,,,2.0
228,1,1,1,1,1,1,1,2,5,3,,1.0,,,,5.0,2.0,53,2.0,300,,,,2,,,,,,,,,,,6,3,4,3,5,5,5,5,1,2,8.0,8.0,8.0,5.0,5.0,1.0,26.0,16.0,91.0,51.0,1,2,2,2,2,2,2,2,2,2,2,2,1,2,2,2,2,1,2,2,2,1,1,2,2,2,2,2,1,2,2,2,2,2,1,2,2,2,2,2,,,,,,,10.0,2.0,2.0,2.0,2.0,2.0,2.0,2.0,2.0,2.0,2.0,2.0,56.0,,1.0,1.0,4.0,1.0,1.0,4.0,4.0,3.0,,,,
229,5,5,5,5,4,5,5,5,2,5,,,,,,,2.0,45,2.0,799,2.0,4.0,3.0,,2.0,,,,,,,,,,7,2,3,3,2,7,5,6,3,2,35.0,60.0,50.0,50.0,35.0,25.0,70.0,60.0,50.0,50.0,1,1,2,1,2,2,2,1,2,1,2,2,2,2,1,2,2,2,2,2,2,2,1,2,2,2,2,2,2,1,2,2,2,1,1,2,2,2,1,2,6.0,,,,,20,,6.0,1.0,1.0,1.0,1.0,1.0,1.0,1.0,1.0,1.0,1.0,90.0,4.0,,,,,2.0,3.0,2.0,3.0,,,,4.0
230,5,4,5,4,5,5,5,5,3,4,,3.0,3.0,3.0,3.0,6.0,2.0,50,,,,,,15,2.0,,,5.0,,,,,,,5,1,4,5,2,6,5,5,3,1,65.0,50.0,50.0,50.0,55.0,55.0,80.0,65.0,60.0,70.0,2,2,1,1,1,1,1,2,1,2,2,2,2,1,1,2,2,1,2,1,1,2,1,1,1,1,2,2,1,2,2,2,2,1,2,1,2,2,2,1,,,,1.0,115,,,,1.0,1.0,1.0,1.0,1.0,1.0,1.0,1.0,1.0,1.0,70.0,,2.0,5.0,6.0,,2.0,,,,,,,3.0
231,2,2,3,2,4,2,4,5,5,3,92.0,6.0,,,,,,,1.0,2500,,,,,,2.0,,,,,,,,,5,4,5,5,2,3,6,5,1,2,31.0,15.0,21.0,24.0,42.0,18.0,70.0,81.0,66.0,50.0,2,1,2,1,1,1,2,1,1,1,2,1,1,2,2,1,2,1,2,2,1,1,1,2,1,2,1,2,2,1,1,2,2,2,1,2,1,2,1,1,6.0,1.0,35,,,15,,2.0,2.0,2.0,2.0,2.0,2.0,1.0,1.0,1.0,1.0,1.0,,,2.0,4.0,4.0,1.0,2.0,4.0,2.0,2.0,,,,
232,1,1,1,1,1,4,1,1,5,4,,3.0,4.0,3.0,3.0,,2.0,50,,,1.0,4.0,4.0,,2.0,,,,1.0,1.0,2.0,1.0,1.0,2.0,7,2,6,5,2,5,5,6,2,1,15.0,60.0,5.0,15.0,65.0,10.0,65.0,40.0,70.0,50.0,2,2,2,2,1,2,2,2,1,1,2,2,1,2,1,2,1,2,2,1,2,2,1,1,1,2,2,2,1,2,2,2,2,2,2,2,1,2,2,1,6.0,,,1.0,300,15,,2.0,,,,,,,,,,,70.0,,,,,,2.0,,,,,,,2.0
233,5,5,5,5,5,3,5,5,3,3,30.0,4.0,,,,5.0,2.0,45,2.0,750,,,,,2.0,,1.0,4.0,1.0,1.0,1.0,1.0,1.0,1.0,7,2,3,5,2,6,5,6,2,1,30.0,45.0,40.0,60.0,55.0,30.0,70.0,60.0,35.0,40.0,2,2,1,2,1,2,2,2,2,1,2,2,2,2,2,2,1,1,1,2,2,2,2,2,2,2,2,1,2,2,1,2,2,1,2,2,2,2,2,2,,,,,,20,8.0,,,,,,,,,,,,,,5.0,5.0,6.0,,,4.0,3.0,3.0,,,,
234,3,3,4,4,4,2,2,4,4,2,30.0,3.0,,,,5.0,,,2.0,700,1.0,5.0,6.0,2,,,2.0,3.0,,,,,,,5,2,2,1,2,5,6,7,3,1,60.0,50.0,50.0,55.0,40.0,40.0,35.0,80.0,65.0,45.0,1,2,2,2,2,1,2,2,1,2,2,2,2,2,2,2,2,2,2,2,2,2,2,1,2,2,2,2,1,1,2,1,2,2,2,2,2,2,2,2,,1.0,19,,,,,,1.0,1.0,1.0,1.0,1.0,1.0,1.0,1.0,1.0,1.0,,,,,,2.0,,4.0,2.0,2.0,,,,2.0
235,4,3,4,4,4,2,4,3,4,4,,,,,,6.0,2.0,54,,,,,,12,1.0,,,4.0,1.0,2.0,1.0,1.0,2.0,1.0,7,2,6,5,5,7,5,4,3,1,40.0,30.0,50.0,50.0,60.0,30.0,40.0,50.0,55.0,60.0,2,2,2,2,2,1,2,1,1,2,2,2,1,2,2,2,2,1,2,2,1,2,2,2,1,1,2,2,1,2,2,2,2,2,2,2,2,1,2,2,,,,1.0,200,,10.0,,,,,,,,,,,,70.0,2.0,,,,,2.0,5.0,4.0,3.0,2.0,5.0,4.0,
236,2,4,5,5,3,5,5,5,3,3,30.0,,3.0,3.0,4.0,,1.0,150,,,4.0,4.0,4.0,,,,1.0,5.0,1.0,2.0,1.0,1.0,2.0,1.0,6,1,1,1,3,7,7,7,1,2,20.0,50.0,60.0,60.0,75.0,50.0,40.0,80.0,75.0,60.0,2,2,2,2,1,2,1,1,2,2,1,2,1,2,2,2,1,2,1,1,2,1,1,1,1,1,2,2,2,2,1,1,2,2,2,2,1,1,2,2,1.0,,,1.0,200,15,10.0,,,,,,,,,,,,,2.0,,,,1.0,,,,,,,,
237,4,4,5,5,5,5,5,5,1,2,30.0,,2.0,1.0,1.0,5.0,2.0,18,1.0,2100,1.0,1.0,2.0,18,,2.0,2.0,,1.0,1.0,1.0,1.0,1.0,1.0,6,3,5,6,5,5,4,3,2,1,40.0,37.0,43.0,45.0,55.0,61.0,56.0,24.0,63.0,54.0,2,2,2,2,2,1,2,1,2,2,2,2,1,2,1,1,2,1,2,2,2,1,1,2,2,2,2,2,2,1,1,1,2,2,1,2,2,2,2,1,,,,,,,,6.0,,,,,,,,,,,,3.0,,,,2.0,,,,,,,,
238,5,5,5,3,5,5,5,4,2,4,30.0,,3.0,3.0,3.0,6.0,,,2.0,300,1.0,2.0,4.0,,2.0,,1.0,5.0,1.0,1.0,1.0,1.0,1.0,1.0,5,1,6,5,2,5,7,7,2,1,40.0,31.0,40.0,55.0,62.0,52.0,48.0,74.0,60.0,68.0,2,2,2,2,1,2,2,2,2,2,2,1,2,2,1,1,2,1,1,1,2,2,2,1,1,2,1,1,2,2,2,2,2,1,2,1,1,1,1,2,,1.0,50,,,10,,,,,,,,,,,,,,2.0,,,,,,,,,,,,3.0
239,4,2,4,4,4,3,3,2,4,4,,3.0,,,,6.0,,,2.0,200,,,,20,1.0,2.0,,3.0,1.0,1.0,2.0,1.0,2.0,1.0,6,2,5,5,5,5,6,6,2,1,62.0,11.0,60.0,64.0,70.0,25.0,50.0,64.0,76.0,73.0,2,2,1,2,2,1,1,1,2,1,2,2,2,2,2,2,2,1,1,1,2,2,2,1,2,2,1,1,2,1,2,1,2,2,2,2,2,2,2,2,,2.0,4,,,,,,,,,,,,,,,,91.0,,,,,,2.0,3.0,3.0,2.0,2.0,4.0,5.0,
240,2,2,2,2,4,4,2,2,4,4,37.0,4.0,,,,2.0,2.0,50,,,,,,,,,2.0,5.0,,,,,,,6,3,5,5,3,6,5,5,2,1,55.0,75.0,69.0,69.0,69.0,88.0,55.0,69.0,33.0,80.0,1,2,2,2,2,1,1,2,2,2,2,1,2,1,2,2,1,2,2,2,1,1,2,1,2,1,2,2,2,1,1,2,1,2,1,1,1,1,2,2,,,,1.0,150,5,6.0,,1.0,1.0,1.0,1.0,1.0,1.0,1.0,1.0,1.0,1.0,,,,,,1.0,,3.0,2.0,1.0,2.0,4.0,4.0,
241,3,3,3,3,3,3,3,3,3,3,36.0,,2.0,2.0,2.0,2.0,1.0,100,2.0,200,,,,18,,,2.0,,,,,,,,5,1,5,5,3,5,5,5,3,1,50.0,50.0,44.0,46.0,41.0,52.0,53.0,52.0,44.0,39.0,2,1,1,2,2,2,2,2,2,2,2,2,2,2,2,2,2,2,2,2,2,2,2,2,2,2,2,2,2,1,2,2,1,1,1,2,1,2,2,2,,,,,,,,3.0,1.0,1.0,1.0,1.0,1.0,1.0,1.0,1.0,1.0,1.0,,3.0,,,,2.0,,,,,5.0,2.0,3.0,2.0
242,4,4,4,4,4,5,5,2,4,4,,,,,,,1.0,54,2.0,390,,,,,,,2.0,3.0,,,,,,,7,3,2,3,1,2,5,7,2,1,50.0,36.0,67.0,50.0,62.0,90.0,25.0,45.0,100.0,73.0,2,2,1,1,2,2,2,2,2,2,1,1,1,1,2,1,1,1,1,2,1,1,1,1,1,1,2,2,2,2,2,1,2,1,1,1,1,1,2,2,4.0,,,,,20,4.0,,1.0,1.0,1.0,1.0,1.0,1.0,1.0,1.0,1.0,1.0,80.0,2.0,,,,1.0,,1.0,2.0,1.0,2.0,4.0,2.0,
243,3,3,3,4,4,3,5,4,5,4,,5.0,,,,,2.0,54,2.0,380,,,,15,,,,,1.0,1.0,1.0,2.0,1.0,1.0,6,2,2,2,4,5,7,7,2,1,40.0,35.0,50.0,50.0,50.0,25.0,75.0,70.0,70.0,60.0,1,2,2,1,1,2,1,2,1,1,2,2,1,1,2,1,2,1,1,2,2,1,2,2,2,1,2,1,2,1,2,1,2,1,1,1,1,2,1,1,7.0,,,,,,8.0,3.0,,,,,,,,,,,25.0,,,,,1.0,2.0,2.0,2.0,1.0,4.0,5.0,6.0,
244,4,5,4,5,4,4,2,3,5,4,,2.0,,,,,1.0,54,2.0,400,,,,,1.0,,1.0,,1.0,2.0,2.0,1.0,1.0,2.0,6,3,2,5,1,5,5,7,2,1,70.0,46.0,67.0,37.0,55.0,74.0,30.0,20.0,100.0,40.0,1,2,1,1,2,1,2,2,2,1,1,2,1,2,1,1,1,1,2,2,1,1,2,1,1,2,1,2,1,1,1,1,2,2,2,1,2,1,2,1,5.0,,,,,20,,2.0,,,,,,,,,,,80.0,,,,,,,1.0,2.0,1.0,1.0,2.0,2.0,5.0
245,4,4,4,4,4,2,4,4,4,4,,,5.0,2.0,2.0,5.0,2.0,54,,,,,,18,,3.0,,3.0,1.0,1.0,1.0,2.0,2.0,2.0,5,3,3,6,3,6,6,3,4,1,80.0,73.0,90.0,90.0,73.0,5.0,75.0,78.0,2.0,76.0,2,1,1,1,1,1,2,1,2,1,2,1,1,1,2,1,1,2,2,1,1,2,1,1,1,1,1,1,2,2,2,2,1,2,1,1,1,1,2,1,,,,1.0,379,,,,,,,,,,,,,,50.0,4.0,,,,2.0,2.0,,,,4.0,2.0,3.0,
246,2,3,3,3,3,3,4,3,3,4,15.0,,3.0,2.0,2.0,5.0,2.0,50,,,1.0,1.0,1.0,,1.0,,1.0,5.0,1.0,1.0,2.0,1.0,1.0,2.0,7,1,2,2,7,1,2,2,1,1,25.0,11.0,15.0,50.0,50.0,40.0,60.0,80.0,75.0,60.0,1,2,2,2,2,2,2,1,2,2,1,2,1,2,2,2,2,1,2,2,2,2,2,2,2,2,1,2,2,1,2,2,2,2,1,2,2,2,2,2,,,,1.0,115,5,,,,,,,,,,,,,,3.0,,,,,,,,,,,,1.0
247,3,5,4,5,3,5,4,3,3,4,100.0,3.0,2.0,2.0,4.0,,2.0,54,2.0,400,3.0,5.0,3.0,15,,3.0,,6.0,,,,,,,6,4,5,6,2,7,6,5,3,1,31.0,56.0,41.0,54.0,37.0,64.0,74.0,80.0,12.0,41.0,2,1,2,2,1,1,2,1,1,1,2,2,1,1,2,1,1,1,1,2,1,1,1,1,1,1,1,2,1,2,1,1,1,1,2,1,2,1,1,1,6.0,,,,,,,,2.0,1.0,2.0,1.0,2.0,1.0,2.0,1.0,2.0,2.0,,,,,,2.0,1.0,,,,,,,
248,4,3,4,4,3,3,3,4,4,3,,,,,,,2.0,54,2.0,379.7,,,,15,,,,,1.0,1.0,1.0,1.0,2.0,2.0,6,4,3,4,2,6,5,4,2,2,66.0,39.0,67.0,54.0,64.0,27.0,45.0,33.0,55.0,33.0,1,1,1,2,2,2,1,2,1,2,1,1,2,1,1,1,1,1,2,1,1,1,1,1,1,1,1,1,1,1,2,2,1,1,1,1,2,1,1,1,5.0,,,,,,,4.0,,,,,,,,,,,30.0,2.0,4.0,3.0,5.0,2.0,1.0,2.0,3.0,3.0,,,,9.0
249,2,3,1,3,4,3,2,3,4,4,,4.0,3.0,4.0,3.0,,,,2.0,500,2.0,5.0,6.0,,,1.0,1.0,,,,,,,,6,1,5,6,2,6,5,5,3,2,45.0,58.0,41.0,46.0,53.0,44.0,55.0,56.0,59.0,64.0,2,2,1,2,1,2,2,2,2,2,1,2,1,1,2,2,2,1,1,2,2,2,1,2,2,2,1,2,2,2,2,1,2,2,2,1,2,2,2,2,5.0,1.0,16,,,10,,5.0,1.0,1.0,1.0,1.0,1.0,1.0,1.0,1.0,1.0,1.0,80.0,,,,,1.0,,,,,,,,
250,2,1,1,2,4,1,2,2,5,4,30.0,5.0,5.0,4.0,2.0,6.0,,,,,,,,,,2.0,,,1.0,1.0,1.0,1.0,1.0,1.0,7,6,2,6,3,5,6,6,4,1,25.0,25.0,20.0,35.0,50.0,30.0,30.0,24.0,65.0,65.0,1,2,2,1,2,2,1,2,1,1,2,1,2,2,2,2,2,1,2,2,1,1,2,1,2,2,2,1,1,2,2,1,2,1,2,2,2,1,2,2,,1.0,25,1.0,112,5,,2.0,,,,,,,,,,,,,,,,1.0,2.0,,,,5.0,5.0,4.0,
251,5,5,5,5,5,5,5,5,4,3,61.0,4.0,,,,,,,2.0,400,,,,,,1.0,2.0,5.0,,,,,,,6,1,5,3,3,6,6,6,3,2,51.0,29.0,56.0,43.0,38.0,64.0,69.0,52.0,56.0,50.0,1,1,1,2,2,2,2,1,2,1,1,1,2,1,2,2,2,2,2,2,2,2,2,2,1,2,1,1,1,2,2,2,2,1,2,2,2,1,2,2,5.0,1.0,20,,,20,,,1.0,1.0,2.0,1.0,1.0,2.0,1.0,2.0,1.0,1.0,,,,,,1.0,,3.0,4.0,2.0,5.0,5.0,5.0,
252,4,3,5,4,4,5,5,5,1,4,,3.0,1.0,1.0,2.0,7.0,,,,,,,,18,,,1.0,4.0,,,,,,,6,5,5,5,2,3,6,6,2,1,64.0,54.0,59.0,62.0,66.0,56.0,63.0,65.0,42.0,59.0,2,2,1,2,1,1,1,1,1,1,1,1,1,2,1,1,1,1,1,2,2,2,1,1,1,1,1,1,1,2,1,1,1,1,2,2,1,1,1,2,,1.0,67,1.0,112,,,,1.0,1.0,1.0,1.0,1.0,1.0,1.0,1.0,1.0,1.0,72.0,,,,,1.0,,,,,3.0,5.0,6.0,2.0
253,5,5,5,5,5,5,5,5,1,5,,6.0,,,,,,,2.0,750,,,,15,2.0,,2.0,,1.0,1.0,2.0,1.0,1.0,2.0,7,1,1,1,5,6,7,7,4,2,40.0,40.0,65.0,70.0,90.0,48.0,60.0,70.0,60.0,75.0,1,2,2,2,2,2,2,2,2,2,1,2,1,2,1,2,1,1,2,2,1,2,2,1,1,2,2,2,2,1,1,2,1,2,2,1,2,1,2,2,6.0,1.0,100,,,,,6.0,,,,,,,,,,,70.0,,,,,,,5.0,3.0,1.0,5.0,5.0,6.0,3.0
254,1,1,1,1,3,1,1,1,5,2,85.0,5.0,4.0,3.0,3.0,,2.0,45,,,1.0,1.0,2.0,,2.0,,1.0,,,,,,,,7,1,6,4,1,6,5,6,2,1,50.0,55.0,50.0,60.0,60.0,20.0,55.0,75.0,90.0,50.0,2,1,2,1,2,1,2,1,2,2,2,1,2,2,2,2,2,1,2,2,1,2,2,1,1,1,1,1,2,2,2,2,2,2,2,1,1,2,1,1,3.0,,,1.0,115,20,,4.0,1.0,1.0,1.0,1.0,1.0,1.0,1.0,1.0,1.0,1.0,,,,,,,,,,,,,,2.0
255,4,3,4,4,4,4,4,4,2,3,45.0,,2.0,2.0,2.0,,2.0,48,,,2.0,5.0,4.0,,1.0,3.0,2.0,6.0,,,,,,,7,2,3,2,5,7,6,6,4,1,48.0,39.0,43.0,51.0,52.0,49.0,51.0,55.0,42.0,48.0,2,2,2,1,2,2,1,2,2,2,2,2,2,2,2,2,1,2,2,2,2,2,2,2,2,2,2,2,2,2,2,2,1,2,2,2,2,2,2,2,6.0,,,1.0,1200,8,,,1.0,1.0,1.0,1.0,1.0,1.0,1.0,1.0,1.0,1.0,,3.0,,,,,,,,,,,,
256,4,2,5,5,5,4,5,5,4,3,,2.0,,,,,,,,,,,,,,,,,,,,,,,5,5,3,6,6,6,7,6,2,1,60.0,50.0,97.0,93.0,80.0,47.0,75.0,81.0,90.0,26.0,2,1,1,1,1,1,1,2,2,1,1,1,1,1,1,1,1,1,1,2,1,1,1,1,1,1,1,1,1,1,1,1,1,2,1,2,1,1,1,1,3.0,1.0,50,2.0,70,15,9.0,5.0,1.0,1.0,1.0,1.0,1.0,1.0,1.0,1.0,1.0,1.0,70.0,,5.0,5.0,5.0,1.0,2.0,4.0,3.0,2.0,,,,
257,4,2,3,3,4,4,4,4,4,4,30.0,,2.0,2.0,2.0,3.0,1.0,75,1.0,2000,,,,12,,,,5.0,,,,,,,6,5,3,6,3,6,6,6,4,1,62.0,28.0,19.0,54.0,72.0,49.0,67.0,72.0,60.0,53.0,2,2,1,1,2,2,2,2,2,1,1,2,1,2,2,2,2,2,2,1,2,1,1,2,2,2,1,2,2,2,2,2,2,1,2,2,2,2,1,2,,,,,,,,,1.0,1.0,1.0,1.0,1.0,1.0,1.0,1.0,1.0,1.0,,3.0,5.0,2.0,4.0,1.0,2.0,,,,,,,3.0
258,1,1,1,1,1,1,1,5,1,3,,4.0,4.0,4.0,4.0,5.0,2.0,37,,,,,,20,,,,6.0,,,,,,,7,1,7,5,6,7,6,6,1,1,61.0,61.0,55.0,48.0,47.0,46.0,47.0,56.0,47.0,47.0,2,2,2,2,2,2,2,2,2,2,2,2,1,2,2,2,2,2,2,2,2,2,2,2,2,2,2,1,2,2,2,2,2,2,1,2,2,2,2,2,,,,1.0,275,,,,1.0,1.0,1.0,1.0,1.0,1.0,1.0,1.0,1.0,1.0,87.0,,5.0,1.0,1.0,1.0,1.0,,,,,,,2.0
259,4,4,5,5,5,5,4,5,4,4,30.0,4.0,,,,,,,,,1.0,3.0,3.0,,2.0,,1.0,,,,,,,,6,4,2,5,5,7,7,6,3,1,35.0,31.0,47.0,68.0,73.0,68.0,79.0,74.0,50.0,62.0,2,2,2,2,2,1,2,1,2,2,1,1,2,1,1,2,2,1,1,2,2,2,1,1,2,1,1,2,2,2,2,1,2,2,2,1,2,1,1,1,4.0,1.0,85,1.0,600,15,6.0,4.0,1.0,1.0,1.0,1.0,1.0,1.0,1.0,1.0,1.0,1.0,,,,,,,,3.0,5.0,2.0,,,,
260,4,5,4,4,4,3,3,3,2,4,,,4.0,5.0,4.0,,,,,,4.0,4.0,5.0,10,,,,,,,,,,,4,4,5,5,3,5,6,5,4,2,76.0,73.0,62.0,71.0,55.0,69.0,74.0,68.0,74.0,53.0,1,1,2,1,2,1,2,1,2,1,1,2,1,1,2,1,1,1,2,2,1,1,1,2,2,1,2,2,1,1,1,1,1,2,1,1,1,1,1,1,4.0,1.0,54,1.0,380,,2.0,5.0,1.0,1.0,1.0,1.0,1.0,2.0,2.0,2.0,2.0,2.0,77.0,5.0,,,,2.0,2.0,,,,,,,
261,4,4,4,3,4,4,3,5,4,4,,,3.0,2.0,2.0,6.0,,,2.0,375,2.0,2.0,4.0,9,2.0,,2.0,4.0,1.0,1.0,1.0,1.0,2.0,2.0,6,2,2,3,5,6,6,7,1,2,70.0,53.0,84.0,47.0,71.0,64.0,62.0,99.0,78.0,73.0,2,1,2,2,2,1,2,1,1,2,1,2,2,1,1,1,2,2,1,2,2,1,2,1,2,2,2,1,2,1,1,2,2,2,2,2,2,2,2,2,,1.0,49,,,,,,,,,,,,,,,,77.0,3.0,,,,,,,,,,,,2.0
262,2,4,3,2,3,4,5,4,2,3,62.0,5.0,3.0,5.0,4.0,,,,1.0,10000,,,,,,,1.0,4.0,,,,,,,3,5,6,5,3,4,5,6,2,1,37.0,62.0,72.0,34.0,45.0,65.0,79.0,52.0,42.0,70.0,2,1,1,2,2,1,1,2,2,1,1,2,1,2,2,1,2,1,2,2,1,2,1,1,1,2,2,1,1,1,1,1,1,1,1,2,2,2,2,1,5.0,1.0,30,,,20,,,1.0,2.0,2.0,2.0,1.0,1.0,1.0,2.0,2.0,1.0,,,1.0,5.0,6.0,1.0,,,,,,,,7.0
263,4,5,5,5,5,5,5,5,5,5,,4.0,1.0,1.0,1.0,5.0,1.0,76,,,,,,10,,,,,,,,,,,7,1,1,1,1,7,7,7,4,1,44.0,36.0,37.0,31.0,30.0,24.0,34.0,33.0,24.0,35.0,1,2,1,1,1,1,1,1,1,1,2,2,2,2,1,2,1,1,2,1,1,1,2,2,2,1,1,1,2,1,1,1,1,2,2,1,1,2,2,2,,,,1.0,379,,1.0,4.0,1.0,2.0,1.0,2.0,2.0,1.0,2.0,2.0,1.0,2.0,59.0,,5.0,5.0,4.0,1.0,1.0,,,,,,,
264,5,5,4,5,5,5,5,5,2,4,,,,,,7.0,,,,,,,,,,,1.0,,1.0,1.0,1.0,1.0,2.0,1.0,7,1,1,1,5,7,7,7,1,1,45.0,30.0,20.0,30.0,45.0,35.0,95.0,95.0,90.0,50.0,1,2,2,2,2,2,1,2,2,2,2,1,2,1,2,2,2,2,2,1,2,2,1,2,2,1,1,2,1,2,2,2,2,2,2,2,1,1,2,2,,1.0,32,1.0,120,10,10.0,5.0,,,,,,,,,,,10.0,1.0,3.0,4.0,6.0,1.0,,2.0,2.0,2.0,,,,
265,3,4,3,3,4,3,4,3,3,4,,2.0,,,,6.0,2.0,25,1.0,1500,,,,20,1.0,,1.0,6.0,,,,,,,7,2,2,2,3,6,7,7,3,1,80.0,30.0,40.0,30.0,50.0,30.0,80.0,40.0,40.0,75.0,2,2,2,2,2,2,2,2,2,2,2,2,2,2,2,2,2,2,2,2,2,2,2,2,2,2,2,2,2,2,2,2,2,2,2,2,2,1,2,2,,,,,,,,,1.0,1.0,1.0,1.0,1.0,1.0,1.0,2.0,2.0,2.0,70.0,,2.0,5.0,6.0,,,3.0,5.0,2.0,,,,2.0
266,4,4,5,5,5,2,5,5,5,5,,,3.0,3.0,3.0,,2.0,15,,,,,,20,,,,,,,,,,,6,2,2,2,3,5,6,6,2,2,70.0,50.0,85.0,65.0,65.0,20.0,75.0,45.0,65.0,80.0,1,2,1,2,1,1,1,2,1,2,1,2,2,1,2,1,2,2,1,1,2,1,1,1,1,1,1,2,1,1,1,1,1,1,2,2,2,1,1,1,5.0,,,1.0,125,,3.0,3.0,1.0,1.0,1.0,1.0,1.0,1.0,1.0,1.0,1.0,1.0,7.0,3.0,4.0,5.0,6.0,1.0,2.0,,,,,,,
267,5,3,5,5,5,5,5,5,1,5,84.0,4.0,4.0,4.0,4.0,,,,1.0,1200,,,,20,,,2.0,5.0,,,,,,,6,3,3,4,2,4,5,6,1,1,83.0,36.0,78.0,88.0,89.0,36.0,82.0,88.0,75.0,97.0,1,1,1,1,2,1,1,1,1,1,1,2,1,2,1,1,1,2,1,2,2,1,1,2,1,1,2,2,1,1,2,1,1,1,2,2,1,1,1,1,6.0,2.0,5,,,,,,1.0,1.0,1.0,1.0,1.0,1.0,2.0,2.0,2.0,1.0,,,,,,1.0,,,,,3.0,5.0,5.0,10.0
268,5,4,5,5,5,4,5,5,2,1,45.0,,3.0,2.0,2.0,,,,,,,,,,2.0,1.0,2.0,,1.0,1.0,1.0,1.0,1.0,1.0,6,2,5,5,5,6,5,5,1,2,35.0,39.0,50.0,30.0,65.0,50.0,70.0,59.0,45.0,25.0,2,2,1,2,1,2,1,2,2,1,2,2,1,2,2,2,1,1,1,2,2,1,1,2,1,1,2,2,1,1,1,2,1,1,1,1,2,1,1,2,5.0,1.0,20,1.0,150,20,,5.0,,,,,,,,,,,,2.0,5.0,4.0,2.0,,,,,,,,,
269,3,5,3,5,5,5,5,5,1,5,,1.0,2.0,1.0,1.0,,,,,,4.0,2.0,1.0,,,,1.0,,1.0,1.0,1.0,1.0,2.0,2.0,5,1,4,4,1,7,7,6,3,1,50.0,90.0,80.0,100.0,100.0,100.0,100.0,100.0,0.0,100.0,1,2,1,1,1,2,1,1,2,2,2,1,1,2,2,2,1,2,1,2,1,2,2,1,2,2,2,1,1,2,2,1,1,2,2,1,1,1,2,1,7.0,2.0,3,1.0,100,15,3.0,4.0,,,,,,,,,,,70.0,,,,,1.0,,,,,,,,
270,2,2,3,5,5,2,4,5,5,5,,,,,,,2.0,50,2.0,400,,,,15,2.0,,,5.0,1.0,1.0,1.0,1.0,1.0,1.0,6,2,3,5,5,3,5,5,2,1,31.0,23.0,38.0,43.0,71.0,13.0,77.0,91.0,80.0,86.0,1,2,1,2,2,2,1,1,1,1,2,2,2,2,1,2,1,2,1,2,2,1,2,1,2,1,2,2,2,2,2,2,2,2,2,2,2,2,1,1,3.0,,,,,,,,,,,,,,,,,,70.0,2.0,,,,,2.0,3.0,3.0,3.0,4.0,4.0,5.0,2.0
271,5,4,5,4,5,5,5,4,2,5,,,4.0,2.0,2.0,6.0,2.0,35,,,,,,5,,,,6.0,,,,,,,6,2,5,5,2,3,5,5,3,1,65.0,50.0,72.0,87.0,87.0,56.0,100.0,74.0,85.0,90.0,2,1,2,1,1,2,1,1,2,1,1,1,2,1,1,2,2,1,2,1,1,2,1,2,2,1,1,1,1,1,2,1,2,2,1,1,2,1,1,2,,,,1.0,200,,,,1.0,1.0,1.0,2.0,1.0,1.0,2.0,2.0,1.0,1.0,80.0,1.0,2.0,5.0,6.0,1.0,1.0,,,,,,,4.0
272,5,4,4,5,5,5,3,1,5,4,,2.0,,,,7.0,,,2.0,450,1.0,5.0,3.0,18,1.0,2.0,,5.0,,,,,,,7,2,5,5,1,3,5,5,4,1,60.0,20.0,35.0,61.0,80.0,40.0,30.0,20.0,80.0,45.0,2,2,1,1,2,2,1,2,2,1,1,2,2,1,2,1,1,1,2,2,2,1,1,1,2,1,1,2,1,2,1,2,1,1,2,1,1,1,2,1,,1.0,25,,,,,,1.0,1.0,1.0,1.0,1.0,1.0,1.0,1.0,1.0,1.0,95.0,,,,,,2.0,3.0,5.0,2.0,,,,
273,5,3,4,3,4,3,4,2,4,4,30.0,,,,,,,,1.0,3000,5.0,5.0,6.0,15,2.0,1.0,1.0,,,,,,,,7,2,4,5,5,6,6,7,1,2,96.0,9.0,95.0,36.0,73.0,49.0,80.0,85.0,50.0,92.0,2,2,2,1,2,1,2,2,2,2,1,2,2,2,2,2,2,2,1,2,2,2,2,2,2,2,2,2,2,2,2,2,1,2,2,2,2,2,2,1,3.0,1.0,25,,,,,6.0,1.0,2.0,2.0,1.0,1.0,1.0,1.0,1.0,1.0,1.0,,1.0,,,,,,4.0,2.0,3.0,,,,
274,3,4,3,5,4,2,4,4,1,3,90.0,5.0,2.0,2.0,2.0,,,,2.0,380,,,,,1.0,,,,,,,,,,6,4,5,6,4,5,6,6,3,2,80.0,50.0,80.0,85.0,80.0,80.0,74.0,50.0,80.0,50.0,2,1,1,2,2,1,2,1,1,2,2,2,2,2,2,2,2,2,2,1,2,2,1,2,2,2,1,1,1,2,2,2,2,2,2,2,1,2,2,1,6.0,1.0,54,,,20,9.0,5.0,1.0,1.0,1.0,2.0,2.0,2.0,2.0,2.0,2.0,2.0,,,,,,,1.0,,,,3.0,5.0,6.0,
275,4,5,5,5,4,5,5,5,1,1,,,4.0,5.0,3.0,6.0,,,,,4.0,5.0,4.0,,2.0,,,5.0,,,,,,,6,2,3,5,5,6,6,6,4,1,43.0,46.0,42.0,58.0,54.0,36.0,67.0,58.0,47.0,42.0,1,1,1,1,2,2,1,1,1,2,2,1,2,2,2,1,2,1,2,2,2,2,1,2,1,1,1,1,2,2,1,2,1,1,1,1,1,1,2,1,,1.0,40,1.0,300,8,9.0,,1.0,1.0,1.0,1.0,1.0,1.0,1.0,1.0,2.0,2.0,86.0,3.0,,,,,2.0,,,,,,,
276,2,4,4,5,5,4,4,5,5,5,83.0,4.0,,,,,,,2.0,300,,,,,,,1.0,,1.0,1.0,2.0,1.0,2.0,1.0,5,1,3,3,2,6,6,6,2,2,27.0,60.0,44.0,74.0,78.0,52.0,62.0,82.0,62.0,86.0,2,1,2,2,2,1,2,1,1,1,1,2,1,2,1,2,2,2,1,2,1,2,1,1,2,1,1,2,2,1,2,2,2,1,1,2,2,1,1,2,6.0,1.0,50,,,10,7.0,4.0,,,,,,,,,,,,,,,,2.0,,4.0,3.0,2.0,4.0,4.0,6.0,
277,3,2,2,3,2,2,3,2,5,4,,,,,,6.0,2.0,46,2.0,550,,,,,2.0,1.0,,,,,,,,,6,5,2,2,5,5,6,6,2,2,34.0,22.0,25.0,48.0,45.0,18.0,50.0,64.0,75.0,88.0,1,2,2,1,1,1,1,2,2,2,2,1,1,2,2,1,1,2,2,2,2,1,2,1,2,1,2,2,2,1,2,1,1,2,2,2,1,1,2,2,,,,,,18,,4.0,2.0,1.0,2.0,1.0,1.0,2.0,1.0,2.0,1.0,1.0,30.0,3.0,4.0,5.0,6.0,,2.0,4.0,2.0,2.0,,,,
278,5,5,5,5,2,4,5,5,3,4,,,4.0,4.0,2.0,7.0,,,,,,,,,,2.0,,5.0,1.0,1.0,2.0,2.0,1.0,2.0,5,2,2,1,2,5,6,7,3,2,85.0,75.0,87.0,67.0,50.0,67.0,81.0,88.0,65.0,67.0,2,1,2,2,2,2,2,2,2,2,1,2,2,2,2,2,2,1,1,2,1,1,2,2,2,2,2,2,2,2,2,2,2,1,2,2,2,2,1,1,,1.0,18,1.0,250,11,,,,,,,,,,,,,70.0,2.0,3.0,5.0,6.0,1.0,1.0,,,,,,,
279,5,5,5,3,3,5,5,5,5,3,,4.0,2.0,3.0,6.0,6.0,,,1.0,3000,2.0,5.0,6.0,0,2.0,,1.0,6.0,,,,,,,7,2,4,4,2,6,6,5,3,2,62.0,45.0,48.0,59.0,63.0,73.0,87.0,80.0,87.0,91.0,1,2,1,2,2,1,1,1,1,1,2,2,2,1,2,2,1,1,2,2,2,1,2,1,2,1,1,2,1,2,2,1,2,2,2,1,2,1,1,2,,1.0,54,,,,,,1.0,1.0,1.0,2.0,1.0,2.0,2.0,1.0,1.0,2.0,16.0,,,,,,,,,,,,,3.0
280,5,4,5,5,5,5,5,5,1,3,,,3.0,4.0,4.0,7.0,2.0,46,2.0,935,1.0,2.0,2.0,20,,,,2.0,,,,,,,6,1,3,2,3,6,3,6,1,1,57.0,16.0,70.0,57.0,21.0,78.0,78.0,85.0,10.0,12.0,1,2,1,2,2,2,1,2,2,2,2,1,2,2,2,2,1,1,2,2,2,2,2,2,2,2,2,2,2,2,2,2,2,1,1,2,1,2,1,2,,,,,,,,,1.0,1.0,1.0,1.0,1.0,1.0,1.0,1.0,1.0,1.0,85.0,1.0,,,,2.0,1.0,,,,,,,1.0
281,2,5,3,4,3,4,4,4,4,4,37.0,3.0,,,,,,,1.0,1300,,,,10,1.0,,1.0,6.0,1.0,2.0,1.0,1.0,1.0,2.0,6,2,4,3,2,6,6,5,3,1,40.0,23.0,10.0,6.0,26.0,25.0,53.0,34.0,82.0,26.0,1,2,1,2,2,1,1,1,1,2,1,1,1,1,2,2,2,1,1,2,2,1,1,1,1,2,1,2,1,2,1,2,1,2,1,2,1,1,2,1,4.0,2.0,4,,,,,,,,,,,,,,,,,,,,,,,4.0,3.0,4.0,1.0,4.0,4.0,3.0
282,5,4,5,5,5,5,5,5,1,4,,4.0,3.0,3.0,3.0,,,,2.0,400,1.0,5.0,5.0,,1.0,2.0,,6.0,,,,,,,7,2,6,7,5,7,2,5,4,1,55.0,35.0,45.0,60.0,70.0,52.0,55.0,75.0,55.0,40.0,2,1,2,1,1,1,2,2,2,2,1,2,1,2,2,1,2,2,1,2,2,2,1,2,2,2,1,1,1,1,2,2,1,2,2,2,2,2,2,2,6.0,1.0,30,,,15,,,1.0,1.0,1.0,1.0,1.0,1.0,1.0,1.0,1.0,1.0,70.0,,,,,,1.0,,,,,,,
283,3,1,2,1,5,1,3,3,5,2,92.0,4.0,4.0,5.0,5.0,4.0,1.0,80,2.0,800,,,,,1.0,,1.0,,,,,,,,7,4,5,7,1,5,6,6,3,2,75.0,12.0,51.0,50.0,55.0,54.0,78.0,68.0,53.0,73.0,2,2,1,1,2,2,1,2,1,2,2,2,2,2,2,2,2,2,2,2,1,1,2,2,2,2,1,1,2,2,1,1,2,2,1,2,1,1,1,2,,,,,,18,,5.0,1.0,1.0,1.0,1.0,1.0,1.0,1.0,1.0,1.0,1.0,,,,,,,,,,,3.0,5.0,5.0,7.0
284,2,4,3,5,3,2,3,3,4,4,29.0,3.0,3.0,3.0,5.0,,2.0,50,2.0,300,,,,,1.0,,,,1.0,2.0,1.0,1.0,1.0,2.0,4,1,1,1,4,6,6,6,1,2,29.0,64.0,45.0,85.0,82.0,78.0,72.0,50.0,68.0,55.0,1,2,2,1,2,1,2,2,2,2,2,2,2,2,2,2,2,2,1,2,2,1,1,1,1,2,2,1,2,2,2,1,2,2,2,1,2,2,2,2,6.0,,,,,13,10.0,3.0,,,,,,,,,,,,,,,,,1.0,,,,4.0,5.0,4.0,
285,5,4,5,4,5,4,3,4,3,4,,4.0,,,,,,,2.0,783,,,,6,1.0,,1.0,3.0,1.0,1.0,1.0,1.0,2.0,2.0,6,4,5,6,4,5,6,5,3,2,77.0,87.0,80.0,59.0,77.0,66.0,80.0,63.0,76.0,56.0,1,1,2,1,2,1,1,1,2,2,1,1,1,1,1,1,2,1,1,1,2,2,1,1,1,1,2,1,2,2,1,2,2,1,1,2,2,2,1,1,5.0,1.0,31,,,,,,,,,,,,,,,,66.0,,,,,,,5.0,4.0,3.0,4.0,5.0,5.0,2.0
286,4,5,4,4,4,5,4,5,4,4,,5.0,1.0,2.0,1.0,,2.0,56,2.0,400,,,,,2.0,,2.0,3.0,,,,,,,6,5,5,4,1,4,4,5,3,1,67.0,59.0,53.0,76.0,55.0,70.0,59.0,73.0,33.0,76.0,1,1,1,2,1,1,2,2,1,1,1,1,1,1,1,1,1,2,1,1,1,1,1,2,1,1,1,2,1,2,1,1,1,1,2,2,2,1,1,1,7.0,,,,,15,,,2.0,2.0,2.0,2.0,2.0,1.0,1.0,1.0,1.0,1.0,70.0,,5.0,4.0,4.0,,,,,,,,,7.0
287,4,5,4,4,5,4,3,4,5,4,,5.0,,,,6.0,2.0,53,,,,,,,,,,4.0,,,,,,,6,4,4,5,2,6,5,6,4,2,63.0,71.0,55.0,60.0,60.0,67.0,52.0,62.0,34.0,77.0,2,1,1,2,1,2,1,1,1,1,1,2,1,2,1,1,1,1,1,2,1,1,1,1,1,1,1,1,1,1,1,1,1,1,2,2,1,1,1,1,,,,1.0,350,14,,,1.0,1.0,1.0,1.0,1.0,2.0,2.0,2.0,2.0,2.0,70.0,,,,,1.0,1.0,2.0,1.0,2.0,4.0,5.0,3.0,8.0
288,5,5,5,5,5,5,5,5,1,5,,,,,,6.0,,,2.0,200,3.0,5.0,5.0,6,1.0,,,,,,,,,,7,2,4,2,5,7,6,7,4,2,98.0,100.0,98.0,100.0,87.0,97.0,97.0,100.0,0.0,97.0,1,2,2,2,1,2,2,2,1,1,2,1,2,2,1,2,1,2,2,2,2,1,2,1,1,1,2,2,2,1,1,2,1,1,1,2,2,1,2,2,,1.0,20,,,,3.0,6.0,1.0,2.0,1.0,2.0,1.0,1.0,1.0,2.0,1.0,2.0,75.0,1.0,,,,,1.0,5.0,6.0,2.0,,,,
289,4,3,5,3,3,5,5,5,2,5,,,4.0,4.0,5.0,6.0,2.0,40,2.0,450,,,,,,,,5.0,1.0,1.0,2.0,1.0,1.0,2.0,7,4,4,5,3,6,7,6,2,2,55.0,18.0,90.0,40.0,54.0,65.0,45.0,70.0,57.0,80.0,2,2,2,2,1,2,2,2,2,2,2,2,2,1,2,1,2,1,2,2,2,1,2,1,2,1,1,2,1,2,2,2,2,2,2,1,2,2,2,1,,,,,,6,,,,,,,,,,,,,70.0,2.0,1.0,5.0,6.0,1.0,1.0,,,,,,,4.0
290,5,5,5,5,5,5,5,5,1,2,30.0,5.0,,,,6.0,,,2.0,350,,,,15,2.0,,,6.0,1.0,1.0,2.0,1.0,2.0,1.0,7,7,5,5,5,6,7,7,3,1,62.0,57.0,65.0,77.0,55.0,57.0,72.0,45.0,41.0,60.0,1,2,2,2,1,2,1,1,2,2,1,1,1,2,2,2,1,1,1,1,2,1,1,1,1,1,2,1,1,2,1,1,1,1,1,1,2,1,2,1,,1.0,24,,,,4.0,,,,,,,,,,,,,,4.0,5.0,5.0,,2.0,5.0,6.0,4.0,,,,
291,1,4,4,1,1,1,4,2,5,3,65.0,5.0,,,,,2.0,30,,,1.0,3.0,2.0,,,,,5.0,1.0,2.0,1.0,1.0,1.0,2.0,6,1,2,4,3,7,7,5,1,1,25.0,80.0,40.0,15.0,10.0,0.0,70.0,30.0,85.0,70.0,2,2,2,1,1,1,2,2,2,1,1,2,2,2,2,1,2,1,1,1,2,1,2,2,1,1,2,1,2,2,1,2,2,2,1,1,1,2,2,1,3.0,,,1.0,110,12,,,,,,,,,,,,,,,,,,2.0,1.0,2.0,2.0,2.0,,,,1.0
292,4,5,3,4,1,3,5,1,1,3,,4.0,,,,6.0,1.0,70,,,,,,20,,2.0,1.0,,,,,,,,6,5,7,5,2,6,6,6,2,1,55.0,50.0,35.0,40.0,50.0,40.0,60.0,51.0,40.0,58.0,2,2,2,1,2,1,1,1,1,2,2,1,1,2,1,1,1,1,1,2,1,1,2,1,2,2,1,1,1,2,1,2,1,1,1,2,1,2,2,2,,,,1.0,150,,,5.0,1.0,1.0,1.0,1.0,1.0,1.0,1.0,1.0,1.0,1.0,50.0,,,,,2.0,,3.0,3.0,3.0,2.0,4.0,5.0,
293,2,5,4,5,5,5,4,5,1,1,,3.0,,,,6.0,,,1.0,1100,,,,,2.0,,2.0,,,,,,,,7,1,5,3,3,7,5,5,4,1,44.0,60.0,55.0,63.0,68.0,48.0,39.0,52.0,46.0,43.0,2,2,1,2,2,2,2,1,2,2,1,2,2,1,2,2,2,1,1,2,2,2,2,1,2,1,2,2,2,2,2,2,2,2,2,2,2,2,2,2,,1.0,18,,,15,2.0,6.0,1.0,2.0,1.0,1.0,1.0,2.0,1.0,1.0,2.0,1.0,70.0,,4.0,5.0,5.0,,,3.0,1.0,2.0,,,,
294,5,4,4,4,2,3,4,3,3,4,31.0,2.0,,,,5.0,,,2.0,900,,,,,2.0,2.0,,,,,,,,,4,5,4,5,5,5,6,6,1,1,61.0,66.0,64.0,40.0,52.0,40.0,64.0,29.0,43.0,52.0,1,1,2,1,2,1,1,1,2,1,2,2,2,1,2,2,1,2,1,2,1,2,1,2,1,2,2,1,2,1,2,1,1,2,1,2,1,2,1,2,,1.0,20,,,10,,4.0,2.0,1.0,1.0,1.0,1.0,2.0,2.0,2.0,1.0,2.0,,,4.0,4.0,3.0,,2.0,3.0,2.0,2.0,,,,
295,4,5,5,5,4,5,5,5,1,1,,5.0,,,,6.0,,,2.0,125,,,,,,1.0,2.0,6.0,,,,,,,6,1,6,6,3,7,7,7,4,1,50.0,57.0,57.0,78.0,40.0,55.0,69.0,79.0,53.0,38.0,2,2,2,2,2,1,2,2,2,2,1,2,2,2,1,2,1,2,1,1,2,2,2,2,2,1,1,2,2,2,2,2,2,1,2,2,2,1,1,1,,1.0,50,,,10,,,1.0,1.0,2.0,1.0,1.0,2.0,1.0,1.0,2.0,1.0,95.0,,,,,1.0,,3.0,5.0,4.0,1.0,5.0,5.0,
296,4,2,4,1,3,5,2,1,4,4,30.0,4.0,4.0,5.0,5.0,,1.0,72,1.0,1300,,,,20,,,1.0,5.0,1.0,1.0,2.0,1.0,1.0,2.0,6,3,3,5,5,5,6,5,3,1,40.0,38.0,71.0,48.0,57.0,53.0,34.0,58.0,61.0,69.0,2,2,1,2,2,1,1,2,1,1,2,2,1,1,1,1,1,1,2,2,1,2,2,2,2,2,1,2,2,2,1,2,1,2,2,1,1,2,2,2,5.0,,,,,,,,,,,,,,,,,,,,,,,1.0,,,,,4.0,5.0,6.0,4.0
297,1,2,2,2,2,1,5,2,5,5,30.0,5.0,6.0,5.0,1.0,7.0,2.0,30,,,3.0,3.0,3.0,10,2.0,2.0,,5.0,,,,,,,7,7,6,7,1,6,5,6,3,1,3.0,0.0,4.0,5.0,19.0,6.0,96.0,1.0,100.0,61.0,1,2,1,2,2,2,1,2,1,1,2,1,2,2,1,1,1,1,2,2,1,1,2,2,1,1,1,1,1,1,1,1,2,2,2,1,2,2,2,2,,,,1.0,300,,,,1.0,1.0,1.0,1.0,1.0,1.0,1.0,1.0,1.0,1.0,,,,,,,2.0,,,,,,,
298,4,5,5,5,5,1,5,4,5,5,91.0,3.0,2.0,5.0,3.0,5.0,2.0,50,,,1.0,5.0,6.0,,2.0,,,2.0,1.0,1.0,2.0,1.0,2.0,1.0,6,1,2,5,2,6,7,6,1,1,60.0,70.0,82.0,56.0,60.0,45.0,93.0,52.0,67.0,58.0,1,1,1,1,1,1,1,1,2,2,1,2,2,2,1,2,1,1,1,2,1,2,1,1,2,1,2,1,1,2,2,2,1,1,1,1,1,2,2,1,,,,1.0,90,16,,,,,,,,,,,,,,,,,,,2.0,,,,,,,2.0
299,5,4,5,4,5,4,5,5,2,2,,6.0,,,,6.0,,,2.0,250,,,,20,,2.0,1.0,,1.0,1.0,2.0,1.0,2.0,1.0,7,2,2,2,6,7,6,7,2,2,70.0,45.0,65.0,35.0,80.0,40.0,90.0,70.0,10.0,20.0,2,2,1,1,2,2,1,2,2,1,1,2,2,2,1,1,2,2,1,1,1,1,2,1,2,2,1,1,2,1,2,2,1,2,1,2,2,2,2,2,,1.0,50,,,,,4.0,,,,,,,,,,,70.0,,,,,1.0,,5.0,4.0,2.0,4.0,5.0,6.0,
300,4,4,4,1,4,3,4,4,5,4,30.0,3.0,,,,,2.0,55,2.0,500,2.0,4.0,5.0,16,,,1.0,,1.0,1.0,1.0,1.0,1.0,1.0,6,3,4,6,3,5,7,6,2,1,45.0,55.0,55.0,25.0,45.0,65.0,85.0,15.0,70.0,65.0,1,1,1,2,2,2,1,2,2,2,1,2,1,1,2,2,1,1,2,2,1,2,2,1,1,2,1,2,2,2,1,2,2,1,1,2,1,1,2,1,6.0,,,,,,,5.0,,,,,,,,,,,,,,,,2.0,,5.0,5.0,5.0,,,,2.0
301,1,4,4,5,5,5,5,5,1,1,30.0,,3.0,3.0,3.0,,,,1.0,1200,,,,20,2.0,,,4.0,1.0,1.0,1.0,1.0,1.0,1.0,6,1,6,6,5,6,3,2,2,1,20.0,20.0,70.0,70.0,80.0,70.0,80.0,85.0,20.0,20.0,1,2,2,2,2,2,2,2,2,2,2,2,2,2,1,2,2,2,2,1,2,2,1,2,2,2,2,2,1,2,2,2,2,1,1,2,1,2,2,2,1.0,1.0,15,,,,2.0,,,,,,,,,,,,,1.0,,,,,2.0,,,,1.0,5.0,5.0,
302,3,4,2,4,4,2,5,4,5,5,30.0,,3.0,3.0,3.0,6.0,2.0,55,2.0,389,,,,,2.0,3.0,2.0,4.0,,,,,,,6,1,2,1,3,5,6,7,3,1,37.0,50.0,45.0,85.0,75.0,10.0,100.0,80.0,90.0,100.0,1,1,1,1,1,2,1,2,1,2,2,1,1,1,1,1,1,1,1,1,1,1,2,1,2,1,2,1,2,2,2,1,2,2,2,2,2,1,2,1,,,,,,20,,,1.0,1.0,1.0,1.0,1.0,1.0,1.0,1.0,1.0,1.0,,2.0,,,,,,,,,2.0,4.0,6.0,
303,5,5,5,5,5,3,5,5,4,3,,3.0,,,,,2.0,54,,,1.0,3.0,5.0,17,,,1.0,4.0,1.0,2.0,1.0,2.0,1.0,1.0,7,1,3,3,1,7,7,7,1,2,27.0,19.0,38.0,49.0,39.0,44.0,55.0,53.0,43.0,47.0,2,2,2,2,2,2,2,1,2,2,2,2,2,2,1,2,2,2,2,2,1,2,1,2,2,2,2,2,2,2,2,2,2,2,2,2,1,2,2,2,3.0,,,1.0,100,,10.0,,,,,,,,,,,,70.0,,,,,2.0,,3.0,3.0,3.0,,,,
304,4,4,4,5,4,4,4,5,3,3,,5.0,4.0,3.0,3.0,6.0,,,,,4.0,5.0,4.0,,2.0,,2.0,,1.0,1.0,1.0,1.0,2.0,2.0,6,1,4,5,5,6,6,6,4,2,61.0,70.0,60.0,70.0,50.0,70.0,80.0,65.0,50.0,30.0,2,2,2,2,2,2,2,2,2,2,2,2,2,1,2,2,2,1,1,1,2,1,1,1,2,2,1,1,1,1,2,2,2,2,1,2,1,1,2,2,,1.0,22,1.0,220,15,10.0,4.0,,,,,,,,,,,70.0,,,,,,,,,,,,,
305,4,4,3,4,3,5,5,3,3,4,,5.0,2.0,3.0,3.0,6.0,,,,,1.0,5.0,3.0,,,3.0,,4.0,1.0,1.0,2.0,1.0,1.0,1.0,6,2,4,3,3,5,6,5,1,2,35.0,30.0,20.0,35.0,40.0,40.0,60.0,55.0,50.0,40.0,2,1,2,2,2,1,1,2,2,1,1,1,2,2,2,2,1,1,1,2,1,1,1,2,1,1,2,2,2,1,1,2,2,2,2,1,1,2,1,2,,1.0,15,1.0,105,5,,,,,,,,,,,,,80.0,,,,,2.0,1.0,,,,,,,
306,2,5,5,4,4,1,5,4,5,1,80.0,3.0,3.0,3.0,4.0,6.0,1.0,8,1.0,1100,1.0,5.0,4.0,0,1.0,2.0,,4.0,,,,,,,6,3,4,4,5,6,7,7,2,2,15.0,20.0,62.0,39.0,3.0,9.0,74.0,40.0,78.0,8.0,2,2,2,1,1,2,2,2,1,2,2,2,2,2,1,2,2,2,2,2,2,2,2,2,2,2,2,2,1,1,2,2,2,2,2,2,2,1,2,2,,,,,,,,,1.0,1.0,1.0,1.0,1.0,1.0,1.0,1.0,2.0,2.0,,,,,,,1.0,,,,,,,
307,1,2,1,1,4,1,4,2,5,3,72.0,,,,,6.0,,,,,,,,12,,1.0,,5.0,,,,,,,6,2,5,6,2,5,5,6,2,2,27.0,31.0,25.0,15.0,44.0,12.0,53.0,46.0,68.0,53.0,2,1,2,1,1,2,2,2,1,1,2,2,2,1,1,2,2,2,1,1,2,2,1,2,1,2,1,2,1,2,1,2,2,1,2,2,2,2,2,2,,1.0,18,1.0,96,,,,1.0,1.0,2.0,1.0,2.0,1.0,1.0,1.0,2.0,1.0,,2.0,4.0,5.0,6.0,1.0,1.0,4.0,5.0,3.0,,,,
308,2,5,3,5,5,5,4,3,3,5,,3.0,4.0,5.0,3.0,5.0,,,,,,,,6,,,2.0,4.0,,,,,,,6,2,5,5,3,6,5,5,3,1,68.0,61.0,37.0,59.0,72.0,47.0,36.0,39.0,55.0,63.0,2,1,2,2,2,1,2,2,2,1,2,2,1,1,1,2,2,1,1,1,1,2,2,2,2,1,2,2,2,1,1,1,2,2,1,2,1,1,2,2,,1.0,35,1.0,250,,,,1.0,1.0,1.0,1.0,1.0,1.0,1.0,1.0,1.0,1.0,90.0,,5.0,4.0,6.0,1.0,,,,,,,,3.0
309,2,2,3,5,4,4,4,3,2,3,85.0,,4.0,3.0,4.0,,,,,,,,,5,,1.0,1.0,4.0,,,,,,,6,4,2,1,2,4,6,7,1,1,30.0,20.0,35.0,66.0,49.0,46.0,85.0,60.0,80.0,62.0,2,2,2,2,2,2,1,2,2,1,2,1,1,2,2,2,2,1,1,2,1,2,2,2,2,2,2,1,2,2,2,2,2,2,2,2,2,1,1,1,6.0,1.0,30,1.0,120,,,,1.0,1.0,1.0,2.0,1.0,1.0,1.0,2.0,1.0,1.0,,4.0,3.0,5.0,6.0,1.0,,,,,,,,
310,4,4,5,2,5,5,5,5,3,4,44.0,5.0,3.0,4.0,4.0,,2.0,35,,,,,,,,3.0,2.0,4.0,,,,,,,5,1,5,3,2,5,6,5,2,1,60.0,45.0,64.0,28.0,76.0,39.0,73.0,65.0,52.0,59.0,2,1,1,2,1,2,2,2,2,2,2,1,1,2,1,1,2,2,2,2,2,1,2,1,2,2,2,2,2,1,2,2,2,1,1,2,2,2,2,2,6.0,,,1.0,210,5,,,1.0,2.0,1.0,1.0,1.0,1.0,2.0,1.0,2.0,1.0,,,2.0,2.0,3.0,1.0,,,,,,,,
311,4,4,4,3,4,3,4,4,4,4,,4.0,,,,5.0,,,2.0,600,4.0,4.0,3.0,,,2.0,2.0,2.0,,,,,,,5,4,2,5,2,5,6,4,3,2,70.0,74.0,68.0,66.0,67.0,38.0,77.0,70.0,50.0,60.0,1,1,1,1,2,2,1,2,1,1,1,1,2,1,2,2,1,1,1,2,2,1,1,1,2,1,2,1,1,1,2,1,1,1,1,1,2,1,1,1,,1.0,50,,,13,,,1.0,1.0,2.0,1.0,1.0,1.0,2.0,1.0,2.0,1.0,70.0,,,,,2.0,,3.0,2.0,1.0,,,,
312,2,2,2,2,2,1,1,1,5,2,45.0,,3.0,3.0,3.0,,,,2.0,380,,,,8,1.0,1.0,,,1.0,2.0,2.0,2.0,1.0,1.0,6,1,6,6,1,6,6,6,1,2,4.0,31.0,22.0,13.0,10.0,4.0,11.0,8.0,98.0,9.0,2,2,2,1,1,2,2,2,2,1,2,2,2,1,2,2,1,2,1,2,1,1,1,1,1,2,2,2,2,2,2,1,2,2,2,2,2,1,2,2,3.0,1.0,54,,,,,5.0,,,,,,,,,,,,4.0,2.0,4.0,5.0,,1.0,,,,,,,
313,5,5,5,5,4,5,5,5,1,1,,,5.0,6.0,5.0,7.0,,,2.0,500,,,,15,,,2.0,,1.0,2.0,1.0,1.0,2.0,1.0,7,1,6,6,5,7,5,5,4,2,65.0,52.0,75.0,60.0,45.0,45.0,65.0,60.0,55.0,45.0,2,2,2,2,1,1,2,2,1,2,2,1,2,2,2,1,1,1,2,1,1,1,1,1,2,2,1,1,1,2,1,2,1,1,2,2,1,1,1,2,,1.0,15,,,,3.0,5.0,,,,,,,,,,,85.0,4.0,5.0,5.0,6.0,1.0,,,,,,,,
314,4,4,4,5,5,1,5,5,5,5,,,2.0,2.0,5.0,6.0,,,2.0,835,,,,,,,1.0,6.0,1.0,2.0,1.0,1.0,2.0,1.0,3,1,2,3,5,6,6,6,3,1,83.0,75.0,80.0,95.0,99.0,3.0,58.0,91.0,97.0,89.0,2,2,1,2,2,2,2,1,2,2,1,2,2,1,2,1,1,2,1,2,2,2,2,1,2,1,2,2,1,1,2,2,1,2,1,1,1,1,2,2,,2.0,9,,,20,,,,,,,,,,,,,73.0,2.0,,,,1.0,,,,,4.0,5.0,5.0,3.0
315,5,5,5,5,5,5,5,3,2,3,,,4.0,2.0,3.0,,2.0,55,,,3.0,5.0,5.0,,2.0,1.0,1.0,,,,,,,,7,4,4,4,1,6,7,6,3,1,55.0,58.0,54.0,62.0,61.0,52.0,58.0,50.0,49.0,54.0,2,2,2,1,2,2,2,1,2,2,2,2,2,1,2,2,1,1,2,2,1,2,2,2,1,2,2,2,2,1,2,1,2,2,2,2,1,2,2,2,4.0,,,1.0,250,20,,4.0,1.0,1.0,1.0,1.0,1.0,1.0,1.0,2.0,2.0,2.0,70.0,3.0,,,,,,,,,,,,
316,5,4,4,5,5,5,5,3,5,4,81.0,5.0,,,,,,,,,,,,,,2.0,,2.0,1.0,1.0,2.0,2.0,1.0,1.0,5,2,4,5,2,6,7,6,3,2,75.0,76.0,84.0,78.0,78.0,77.0,87.0,61.0,86.0,62.0,1,1,1,1,2,2,2,1,1,2,1,1,1,2,1,2,2,1,1,1,1,1,2,1,1,2,2,1,2,1,1,2,1,2,1,1,2,2,1,2,5.0,1.0,54,1.0,380,10,,,,,,,,,,,,,,,,,,2.0,2.0,2.0,4.0,4.0,5.0,5.0,5.0,
317,4,5,4,5,5,2,5,4,3,5,,,,,,,,,,,,,,,,1.0,1.0,6.0,,,,,,,3,3,1,1,5,6,7,7,4,2,23.0,67.0,84.0,77.0,74.0,71.0,87.0,25.0,51.0,93.0,1,1,1,1,1,1,1,2,1,1,1,1,1,1,1,1,1,2,1,1,1,1,2,2,1,1,2,2,1,1,1,1,1,1,1,1,1,2,1,1,4.0,1.0,30,1.0,28,5,,,1.0,1.0,1.0,1.0,1.0,1.0,1.0,2.0,1.0,2.0,40.0,2.0,,,,1.0,,6.0,4.0,1.0,4.0,5.0,5.0,
318,1,1,1,1,3,2,1,1,5,4,32.0,,3.0,3.0,4.0,4.0,,,2.0,400,3.0,2.0,5.0,,1.0,,2.0,,,,,,,,6,3,5,5,5,7,7,6,3,1,45.0,35.0,39.0,44.0,53.0,47.0,49.0,23.0,63.0,65.0,1,1,1,1,1,2,2,2,1,2,1,2,2,2,1,2,2,1,1,1,1,1,2,1,1,1,1,2,1,1,2,2,1,1,2,2,1,2,2,1,,1.0,50,,,5,9.0,1.0,1.0,1.0,1.0,1.0,1.0,1.0,1.0,1.0,1.0,1.0,,3.0,,,,,,,,,,,,
319,3,3,3,3,4,3,3,3,4,3,,4.0,3.0,3.0,3.0,3.0,2.0,50,,,3.0,3.0,3.0,,2.0,,,,1.0,1.0,2.0,1.0,1.0,2.0,5,2,4,3,5,7,5,5,3,2,45.0,43.0,40.0,60.0,60.0,50.0,71.0,61.0,62.0,60.0,2,1,1,2,2,1,2,2,1,2,2,2,1,1,1,2,2,1,2,2,2,1,2,2,2,2,2,2,1,1,2,2,2,2,2,2,1,2,1,1,,,,1.0,100,10,6.0,3.0,,,,,,,,,,,60.0,,,,,,2.0,,,,,,,
320,4,3,4,5,4,5,2,5,1,1,49.0,,,,,6.0,,,2.0,178,,,,15,1.0,2.0,,5.0,1.0,1.0,1.0,1.0,1.0,1.0,7,4,6,6,5,6,6,6,2,1,41.0,19.0,43.0,55.0,31.0,68.0,21.0,76.0,55.0,19.0,1,2,2,2,2,2,2,2,1,2,2,2,1,1,2,2,2,2,2,2,2,2,2,2,2,2,1,2,2,2,2,2,2,2,2,2,2,2,2,2,,1.0,20,,,,,,,,,,,,,,,,,2.0,,,,,1.0,3.0,4.0,2.0,2.0,3.0,2.0,
321,3,4,4,4,4,3,4,4,3,4,,,1.0,2.0,2.0,5.0,2.0,50,2.0,400,4.0,3.0,5.0,,2.0,,2.0,,1.0,2.0,1.0,1.0,2.0,2.0,5,4,2,6,5,6,7,2,4,2,27.0,45.0,71.0,88.0,61.0,50.0,74.0,25.0,50.0,62.0,1,1,1,1,2,2,1,2,2,2,1,2,1,2,1,1,1,1,2,1,1,1,1,1,1,1,1,2,1,1,2,2,2,2,1,2,1,1,1,1,,,,,,10,,3.0,,,,,,,,,,,98.0,5.0,,,,,,,,,,,,9.0
322,5,4,5,5,5,5,5,4,2,5,,3.0,,,,7.0,,,,,,,,,,,,2.0,,,,,,,6,1,4,4,2,6,4,4,1,1,70.0,50.0,90.0,100.0,90.0,50.0,100.0,60.0,30.0,100.0,2,2,1,2,2,1,1,2,1,2,1,1,2,1,1,1,1,1,2,2,1,2,2,1,1,1,1,2,2,1,2,2,1,1,1,1,2,2,2,1,,1.0,54,1.0,380,20,9.0,,1.0,1.0,2.0,1.0,1.0,2.0,2.0,1.0,1.0,1.0,80.0,,,,,1.0,2.0,2.0,3.0,4.0,1.0,5.0,5.0,
323,4,5,5,5,5,5,5,5,5,5,,3.0,4.0,2.0,4.0,,,,,,3.0,5.0,5.0,,2.0,,1.0,5.0,,,,,,,6,4,4,4,3,5,5,5,3,2,67.0,80.0,100.0,100.0,65.0,90.0,85.0,100.0,72.0,82.0,1,2,2,1,2,1,2,1,1,1,2,1,2,2,2,2,1,1,1,2,2,2,1,1,1,2,2,1,1,2,1,2,2,1,2,1,1,1,1,2,3.0,1.0,30,1.0,200,10,,,1.0,1.0,2.0,1.0,1.0,1.0,2.0,1.0,1.0,1.0,70.0,,,,,,,,,,,,,3.0
324,4,4,5,3,4,5,4,5,3,1,,5.0,,,,6.0,2.0,55,,,2.0,4.0,3.0,15,,,2.0,3.0,,,,,,,5,2,3,3,2,5,6,7,4,1,55.0,32.0,51.0,39.0,76.0,63.0,74.0,83.0,44.0,40.0,2,2,1,2,1,2,1,1,2,2,2,1,2,1,2,1,2,2,1,2,1,2,2,1,1,2,2,1,1,2,2,1,1,2,2,1,2,2,2,2,,,,1.0,150,,,,2.0,2.0,1.0,1.0,1.0,2.0,2.0,1.0,1.0,1.0,60.0,,,,,1.0,,3.0,3.0,3.0,,,,2.0
325,1,1,1,1,5,1,3,4,2,4,,5.0,,,,7.0,,,,,,,,5,,,2.0,5.0,1.0,1.0,1.0,1.0,2.0,2.0,7,5,2,2,4,5,7,7,1,2,1.0,1.0,1.0,1.0,83.0,1.0,15.0,55.0,90.0,95.0,1,2,1,2,1,2,1,1,2,2,2,2,1,1,2,2,1,2,2,2,1,2,1,1,2,1,1,2,2,2,2,1,1,1,2,1,2,1,1,1,,1.0,35,1.0,200,,,,,,,,,,,,,,60.0,,5.0,5.0,6.0,1.0,,2.0,2.0,2.0,,,,2.0
326,1,3,1,3,3,3,3,1,5,2,87.0,,,,,6.0,,,,,,,,,1.0,,,,,,,,,,5,1,1,4,3,5,5,5,1,2,34.0,34.0,33.0,62.0,38.0,36.0,17.0,25.0,65.0,26.0,1,2,2,1,2,1,2,2,2,2,2,1,2,1,2,1,2,2,2,1,2,2,2,2,1,1,1,2,2,1,2,1,2,1,2,2,1,2,2,2,,1.0,48,1.0,150,20,,5.0,1.0,1.0,2.0,1.0,1.0,2.0,1.0,1.0,1.0,2.0,,4.0,2.0,5.0,5.0,,2.0,1.0,4.0,2.0,,,,2.0
327,1,1,1,1,1,1,1,1,5,5,,,3.0,3.0,2.0,,,,,,1.0,5.0,6.0,5,2.0,,1.0,,2.0,1.0,1.0,2.0,1.0,1.0,5,2,3,3,2,5,5,5,1,2,20.0,25.0,18.0,33.0,20.0,9.0,27.0,40.0,76.0,66.0,2,1,1,1,2,2,2,2,2,1,2,2,2,2,1,2,1,2,2,2,2,1,2,2,2,2,2,1,1,2,1,2,2,1,2,2,2,1,2,1,1.0,2.0,2,1.0,120,,7.0,5.0,,,,,,,,,,,70.0,1.0,,,,,,,,,,,,
328,2,3,4,3,5,1,5,2,5,1,,5.0,1.0,1.0,1.0,,,,2.0,350,,,,5,2.0,,1.0,4.0,,,,,,,7,1,3,1,3,6,5,7,2,1,40.0,60.0,50.0,75.0,70.0,40.0,90.0,50.0,60.0,30.0,2,2,1,1,2,2,2,1,2,2,2,2,1,1,2,2,2,1,2,2,2,2,1,2,2,2,2,2,2,2,2,2,2,1,2,1,1,2,2,2,4.0,1.0,54,,,,,,1.0,1.0,1.0,1.0,1.0,1.0,1.0,1.0,1.0,1.0,70.0,,2.0,5.0,6.0,,,,,,,,,4.0
329,5,5,5,5,5,5,5,5,2,2,30.0,3.0,,,,,,,,,3.0,4.0,4.0,15,2.0,,1.0,,,,,,,,6,1,3,5,5,5,6,5,4,1,74.0,77.0,75.0,72.0,72.0,60.0,85.0,79.0,60.0,18.0,2,2,2,2,1,1,1,2,1,1,1,2,2,1,2,1,1,1,1,1,2,2,2,1,2,2,1,1,2,1,2,1,1,2,2,1,2,2,2,1,6.0,1.0,20,1.0,150,,,4.0,1.0,1.0,1.0,1.0,1.0,1.0,1.0,2.0,2.0,2.0,,,,,,,,3.0,3.0,3.0,,,,1.0
330,3,3,3,5,5,4,5,4,4,5,,,5.0,5.0,4.0,6.0,2.0,35,,,,,,15,,,,,,,,,,,7,1,4,5,2,6,6,5,4,2,30.0,20.0,5.0,60.0,50.0,60.0,90.0,91.0,78.0,60.0,2,2,2,1,1,2,1,1,2,2,2,2,2,1,2,1,2,2,1,1,2,1,2,2,1,1,2,1,2,2,2,2,2,2,2,2,1,2,2,2,,,,1.0,130,,,3.0,1.0,1.0,1.0,1.0,1.0,1.0,1.0,1.0,1.0,1.0,80.0,2.0,,,,1.0,2.0,,,,1.0,3.0,4.0,2.0
331,1,1,1,2,2,1,5,1,5,5,,,,,,6.0,,,2.0,500,,,,,,,,,1.0,1.0,1.0,1.0,1.0,1.0,7,7,7,7,1,4,4,4,2,1,15.0,11.0,13.0,12.0,37.0,4.0,73.0,11.0,96.0,81.0,1,2,1,1,1,2,1,1,1,2,2,1,2,2,2,1,2,2,2,1,1,2,1,1,1,1,2,2,1,1,2,1,2,2,2,1,2,2,1,2,,1.0,50,,,15,2.0,4.0,,,,,,,,,,,80.0,4.0,,,,2.0,2.0,5.0,5.0,1.0,2.0,2.0,2.0,
332,2,2,2,1,3,4,3,3,4,3,75.0,,3.0,3.0,3.0,6.0,2.0,50,,,2.0,5.0,5.0,,,2.0,1.0,,,,,,,,5,2,5,5,5,6,5,5,3,1,33.0,25.0,40.0,40.0,50.0,40.0,70.0,75.0,40.0,25.0,1,2,1,1,2,1,2,2,2,1,1,2,1,1,2,2,2,1,2,1,1,1,2,2,1,1,1,2,1,2,2,1,2,1,1,2,2,2,2,2,,,,1.0,300,15,,3.0,1.0,1.0,1.0,1.0,1.0,1.0,1.0,1.0,1.0,1.0,,2.0,,,,1.0,,,,,,,,
333,5,4,4,4,4,4,4,4,5,4,,5.0,,,,,2.0,10,2.0,379,1.0,5.0,6.0,18,2.0,5.0,2.0,6.0,1.0,1.0,2.0,1.0,1.0,2.0,6,1,6,6,6,7,7,5,3,2,100.0,58.0,92.0,92.0,94.0,76.0,91.0,63.0,94.0,89.0,1,1,2,2,1,1,1,2,2,2,2,1,1,1,1,1,1,1,1,1,1,1,1,1,1,1,1,1,1,1,1,1,1,1,2,1,1,1,1,1,4.0,,,,,,,,,,,,,,,,,,71.0,,,,,,,1.0,1.0,1.0,,,,
334,4,4,4,4,4,4,5,4,3,4,,5.0,3.0,3.0,4.0,4.0,,,,,,,,16,2.0,1.0,,,1.0,1.0,1.0,1.0,2.0,2.0,7,4,5,5,2,5,5,5,3,1,30.0,30.0,30.0,45.0,55.0,40.0,60.0,35.0,40.0,70.0,1,1,1,2,1,1,1,1,2,2,2,1,1,1,1,1,1,1,2,1,1,2,1,2,1,2,2,1,1,2,1,1,1,2,1,2,1,1,2,1,,2.0,4,1.0,175,,,4.0,,,,,,,,,,,70.0,,4.0,5.0,6.0,,2.0,,,,,,,
335,1,2,2,1,1,1,2,3,5,5,,3.0,3.0,3.0,3.0,,,,,,,,,15,2.0,,2.0,3.0,1.0,1.0,2.0,1.0,1.0,2.0,6,4,7,7,5,5,5,5,3,1,45.0,40.0,45.0,45.0,45.0,30.0,55.0,20.0,70.0,85.0,2,2,1,1,1,2,1,1,2,1,1,1,1,2,2,1,1,2,2,2,2,2,1,2,2,2,1,1,2,2,2,1,2,2,1,2,2,1,1,2,6.0,1.0,15,1.0,250,,10.0,,,,,,,,,,,,60.0,,,,,,,,,,1.0,1.0,4.0,
336,2,3,2,2,3,2,3,3,2,3,69.0,,,,,,,,2.0,600,1.0,4.0,2.0,5,,3.0,1.0,,,,,,,,3,4,3,3,2,3,3,3,3,1,58.0,45.0,59.0,33.0,69.0,37.0,59.0,38.0,53.0,58.0,2,2,2,1,2,2,1,1,1,2,1,1,2,1,2,2,1,2,2,2,1,2,1,2,1,1,2,1,2,2,2,2,1,1,2,1,2,1,2,1,6.0,2.0,5,,,,,4.0,1.0,1.0,2.0,1.0,2.0,1.0,1.0,2.0,2.0,2.0,,2.0,,,,2.0,,5.0,2.0,2.0,,,,
337,1,2,1,1,4,1,2,1,5,5,,6.0,2.0,5.0,2.0,,,,,,,,,15,2.0,1.0,1.0,6.0,,,,,,,5,5,6,5,5,5,6,6,1,1,29.0,7.0,12.0,15.0,17.0,17.0,21.0,28.0,67.0,36.0,2,1,2,2,2,1,2,1,1,2,1,2,2,2,2,1,1,2,2,2,1,2,2,2,2,1,2,2,2,2,1,2,2,2,1,1,2,2,2,2,5.0,1.0,15,1.0,495,,,,1.0,1.0,2.0,1.0,1.0,2.0,1.0,1.0,2.0,1.0,70.0,,,,,,,,,,2.0,1.0,4.0,
338,1,4,2,2,4,4,4,4,5,5,,,,,,,,,2.0,900,,,,20,,1.0,,,1.0,1.0,2.0,1.0,1.0,2.0,7,1,2,1,2,7,6,7,1,1,33.0,50.0,50.0,50.0,50.0,34.0,50.0,84.0,84.0,100.0,2,1,1,1,2,1,2,2,2,2,2,2,2,2,2,1,2,1,2,2,2,2,2,1,1,2,1,2,1,2,2,2,1,2,2,2,2,1,1,2,3.0,1.0,50,,,,,2.0,,,,,,,,,,,90.0,4.0,1.0,5.0,5.0,2.0,1.0,4.0,3.0,3.0,,,,
339,4,3,4,4,4,4,4,4,2,3,,2.0,,,,6.0,1.0,190,1.0,300,,,,,2.0,,1.0,3.0,1.0,1.0,2.0,1.0,1.0,2.0,6,3,5,6,2,6,6,6,3,1,29.0,45.0,22.0,58.0,46.0,44.0,59.0,40.0,59.0,60.0,1,1,2,1,1,1,2,1,1,1,1,1,1,1,1,1,1,1,2,1,1,2,1,1,1,2,1,1,2,1,1,1,1,1,2,2,1,2,1,2,,,,,,5,2.0,,,,,,,,,,,,88.0,,2.0,4.0,5.0,,,3.0,2.0,3.0,,,,
340,4,4,3,4,5,1,4,3,5,4,,6.0,6.0,5.0,2.0,6.0,,,2.0,300,,,,,2.0,2.0,1.0,6.0,1.0,2.0,1.0,2.0,1.0,1.0,5,1,1,4,2,5,6,6,3,2,45.0,26.0,51.0,37.0,50.0,29.0,70.0,73.0,42.0,53.0,1,2,1,2,1,2,2,1,1,1,1,1,1,2,2,1,2,2,1,2,1,1,2,1,1,1,2,2,2,1,2,1,2,2,1,2,2,1,1,1,,1.0,54,,,0,,,,,,,,,,,,,70.0,,,,,,,,,,3.0,5.0,1.0,
341,4,4,3,4,4,3,3,4,4,3,,4.0,4.0,5.0,4.0,,1.0,54,,,4.0,3.0,5.0,18,2.0,4.0,,5.0,,,,,,,6,3,3,6,2,6,6,6,1,1,57.0,55.0,42.0,53.0,65.0,53.0,64.0,74.0,48.0,55.0,1,1,1,2,1,1,2,1,1,1,2,1,1,1,2,1,1,1,1,2,1,1,1,2,1,1,1,2,1,1,1,2,1,1,1,2,1,1,1,2,5.0,,,1.0,380,,,,1.0,2.0,1.0,2.0,2.0,2.0,1.0,1.0,1.0,1.0,85.0,,,,,,2.0,,,,,,,
342,4,4,5,5,5,5,5,5,1,4,,,5.0,4.0,4.0,,,,,,5.0,4.0,5.0,15,,,,,1.0,1.0,2.0,1.0,2.0,1.0,7,2,4,5,3,5,5,5,3,1,55.0,47.0,36.0,45.0,41.0,46.0,63.0,75.0,49.0,57.0,2,2,1,2,2,1,1,2,2,2,2,2,2,2,2,1,1,1,1,2,2,1,2,2,2,2,1,1,2,2,2,1,2,1,1,2,1,2,2,1,6.0,1.0,30,1.0,95,,7.0,5.0,,,,,,,,,,,30.0,2.0,,,,1.0,2.0,,,,,,,
343,4,3,3,5,5,4,5,4,5,4,30.0,,5.0,6.0,5.0,,2.0,45,,,,,,17,,2.0,,,1.0,1.0,1.0,2.0,1.0,1.0,7,4,6,5,2,5,5,6,2,1,45.0,30.0,40.0,55.0,60.0,45.0,75.0,65.0,65.0,70.0,2,2,1,1,1,1,1,2,2,1,2,2,2,2,2,1,2,2,1,2,2,1,2,2,1,2,1,2,1,2,2,1,2,1,2,1,1,1,1,2,6.0,,,1.0,300,,,2.0,,,,,,,,,,,,3.0,5.0,5.0,4.0,1.0,2.0,,,,,,,
344,4,5,5,5,4,5,5,5,2,5,,3.0,,,,,,,,,,,,,2.0,10.0,1.0,,,,,,,,6,5,5,5,6,7,7,7,3,2,35.0,30.0,27.0,43.0,24.0,17.0,36.0,28.0,58.0,12.0,1,1,1,1,2,1,2,2,1,2,1,1,2,2,2,2,2,2,1,2,1,2,1,1,2,2,2,1,2,2,1,1,2,1,1,2,2,1,2,1,5.0,2.0,7,1.0,130,8,,5.0,1.0,1.0,1.0,1.0,1.0,1.0,1.0,1.0,1.0,1.0,59.0,,,,,,,3.0,3.0,3.0,2.0,5.0,6.0,
345,4,3,3,3,4,3,3,3,4,4,,5.0,,,,6.0,2.0,52,2.0,800,,,,,2.0,2.0,,,1.0,2.0,1.0,2.0,1.0,1.0,5,2,6,6,2,6,6,5,2,1,32.0,32.0,27.0,29.0,14.0,25.0,46.0,36.0,29.0,32.0,1,1,1,1,1,2,1,1,2,2,1,2,1,1,1,1,1,1,1,2,1,1,1,1,1,1,1,1,1,2,1,1,1,1,1,2,2,1,2,1,,,,,,12,,2.0,,,,,,,,,,,75.0,,,,,,2.0,4.0,4.0,3.0,4.0,5.0,4.0,
346,5,4,5,5,5,2,4,1,5,5,30.0,4.0,1.0,1.0,6.0,,,,,,1.0,5.0,6.0,10,2.0,,,6.0,1.0,1.0,2.0,1.0,2.0,1.0,7,3,2,2,1,2,5,5,1,1,60.0,70.0,75.0,85.0,85.0,50.0,90.0,70.0,80.0,90.0,2,1,2,2,1,1,2,2,1,2,2,2,1,2,1,1,1,1,1,1,2,1,2,2,1,1,1,1,2,1,1,1,2,2,2,1,2,2,1,1,7.0,1.0,50,1.0,400,,,,,,,,,,,,,,,,,,,,1.0,,,,,,,2.0
347,4,3,4,4,4,3,4,5,4,4,,,3.0,3.0,3.0,,,,,,1.0,4.0,4.0,,,,,,1.0,1.0,1.0,2.0,1.0,1.0,6,4,4,5,4,4,5,5,3,1,70.0,40.0,66.0,74.0,74.0,36.0,78.0,71.0,70.0,74.0,2,2,2,1,1,2,1,2,2,2,1,2,2,2,2,2,2,2,2,2,2,1,1,2,2,2,1,2,2,2,2,2,2,2,2,2,2,1,2,2,6.0,1.0,50,1.0,320,20,,4.0,,,,,,,,,,,70.0,3.0,,,,1.0,2.0,,,,,,,5.0
348,1,1,1,3,4,4,3,4,3,3,25.0,,3.0,3.0,3.0,,2.0,58,1.0,1134,,,,19,,,1.0,6.0,1.0,2.0,1.0,1.0,2.0,1.0,5,1,2,2,2,6,6,6,1,1,5.0,5.0,12.0,35.0,65.0,20.0,18.0,53.0,28.0,73.0,2,1,2,2,2,2,2,2,2,1,2,1,2,1,2,2,2,2,2,2,2,2,2,2,2,2,2,2,2,2,2,2,2,1,2,2,2,2,2,2,3.0,,,,,,10.0,,,,,,,,,,,,,1.0,,,,1.0,,,,,3.0,5.0,6.0,
349,1,1,2,1,3,1,2,1,5,3,60.0,,,,,4.0,,,2.0,550,2.0,2.0,4.0,,,,2.0,4.0,1.0,1.0,1.0,1.0,1.0,1.0,6,2,5,5,3,6,7,6,1,2,25.0,35.0,39.0,41.0,40.0,33.0,54.0,30.0,61.0,59.0,2,1,2,1,2,2,1,2,1,2,2,2,2,2,2,2,1,2,2,2,2,2,2,2,2,2,1,1,2,1,2,1,2,2,2,2,1,1,2,1,,1.0,35,,,10,9.0,,,,,,,,,,,,,2.0,,,,1.0,,3.0,4.0,2.0,,,,
350,5,2,3,4,4,5,5,5,1,4,30.0,4.0,,,,6.0,1.0,68,,,,,,20,,,2.0,4.0,1.0,1.0,1.0,1.0,1.0,1.0,7,5,7,5,1,5,7,5,3,1,79.0,37.0,63.0,71.0,73.0,40.0,83.0,82.0,73.0,74.0,1,1,2,1,2,2,1,2,2,1,1,1,2,1,1,1,2,1,1,2,2,1,1,2,1,2,1,2,1,1,2,1,2,1,2,1,1,2,1,1,,,,1.0,150,,10.0,,,,,,,,,,,,,,,,,1.0,,6.0,5.0,2.0,1.0,5.0,5.0,
351,4,4,4,5,4,4,4,5,3,4,31.0,,5.0,3.0,4.0,,2.0,43,,,,,,,2.0,3.0,1.0,,2.0,2.0,2.0,1.0,1.0,2.0,6,2,4,4,2,6,6,5,3,1,100.0,90.0,90.0,100.0,90.0,85.0,100.0,100.0,55.0,85.0,2,1,1,2,1,1,2,1,2,2,2,1,1,1,2,2,2,1,1,2,1,2,1,1,2,1,2,1,2,1,1,2,1,2,1,1,1,2,1,1,6.0,,,1.0,266,8,,5.0,,,,,,,,,,,,2.0,,,,,,,,,5.0,5.0,5.0,
352,4,4,5,4,5,2,4,2,5,5,,,,,,4.0,2.0,5,2.0,700,1.0,2.0,6.0,20,2.0,,,,1.0,2.0,1.0,2.0,1.0,1.0,7,2,3,2,5,7,7,7,1,1,86.0,50.0,60.0,76.0,100.0,45.0,82.0,44.0,78.0,100.0,1,2,2,1,1,2,1,2,2,2,1,1,2,1,1,2,1,2,2,1,1,2,2,2,2,1,2,2,2,2,1,1,2,1,2,2,2,2,2,2,,,,,,,9.0,1.0,,,,,,,,,,,95.0,5.0,,,,,2.0,5.0,3.0,3.0,,,,
353,1,2,1,2,2,1,2,1,2,2,66.0,,3.0,3.0,2.0,6.0,,,,,,,,,,5.0,1.0,4.0,1.0,1.0,2.0,1.0,2.0,1.0,5,6,6,3,3,4,5,6,3,1,23.0,14.0,15.0,11.0,20.0,16.0,23.0,14.0,11.0,16.0,2,2,1,2,1,1,1,1,1,1,1,1,1,1,1,2,1,1,2,2,2,1,2,1,2,1,2,1,1,1,1,2,1,1,1,2,1,1,2,1,,1.0,54,1.0,2300,14,,,,,,,,,,,,,,4.0,3.0,2.0,4.0,2.0,,,,,,,,
354,5,5,5,5,5,5,5,5,3,5,,4.0,4.0,4.0,4.0,4.0,,,2.0,30,,,,,,4.0,1.0,,,,,,,,7,1,1,1,1,7,7,7,4,1,41.0,31.0,56.0,47.0,69.0,32.0,79.0,91.0,32.0,87.0,2,2,2,1,2,1,2,2,2,2,2,2,1,2,1,2,1,1,2,1,1,2,2,1,2,2,1,2,1,2,2,2,1,1,2,2,1,2,2,2,,1.0,50,,,5,,6.0,1.0,1.0,1.0,1.0,2.0,2.0,2.0,2.0,2.0,2.0,70.0,,1.0,5.0,6.0,1.0,,,,,,,,
355,3,3,3,5,4,3,5,3,3,3,40.0,4.0,,,,7.0,,,,,,,,10,,3.0,1.0,,,,,,,,7,1,5,6,5,6,4,4,3,1,50.0,30.0,40.0,80.0,75.0,60.0,100.0,50.0,50.0,55.0,1,2,2,2,1,2,2,1,2,1,2,2,2,1,1,1,1,2,2,2,1,1,1,2,1,2,2,2,1,2,2,1,2,2,2,1,2,2,1,2,,1.0,54,1.0,380,,,4.0,1.0,1.0,1.0,2.0,2.0,2.0,2.0,2.0,2.0,2.0,,,3.0,4.0,5.0,1.0,,5.0,6.0,4.0,,,,
356,4,2,4,4,2,2,2,2,5,4,,2.0,,,,,2.0,30,,,3.0,5.0,5.0,2,,,,,,,,,,,7,7,3,6,2,3,5,6,1,1,38.0,55.0,52.0,70.0,65.0,24.0,77.0,44.0,62.0,80.0,2,1,1,1,1,2,1,2,2,1,2,2,2,2,1,2,2,1,2,1,2,2,1,1,2,1,2,2,2,1,2,2,1,1,2,2,2,2,2,2,1.0,,,1.0,95,,,4.0,2.0,2.0,1.0,1.0,2.0,2.0,2.0,1.0,1.0,2.0,81.0,,,,,1.0,2.0,1.0,1.0,1.0,,,,3.0
357,1,2,2,2,3,1,2,1,5,4,,,,,,,1.0,70,1.0,7000,,,,,,,1.0,,,,,,,,6,1,2,2,2,5,6,6,2,1,0.0,0.0,4.0,1.0,1.0,0.0,0.0,0.0,100.0,40.0,1,2,2,2,2,1,1,2,2,2,2,2,2,1,2,2,2,2,2,1,2,1,2,2,2,2,2,2,2,1,2,1,1,1,2,2,2,2,1,1,6.0,,,,,5,,3.0,1.0,1.0,1.0,1.0,1.0,1.0,1.0,1.0,1.0,1.0,63.0,3.0,,,,2.0,,3.0,3.0,2.0,2.0,2.0,2.0,1.0
358,3,4,5,4,3,2,3,4,3,3,64.0,4.0,,,,4.0,,,1.0,400,,,,,2.0,2.0,,,1.0,2.0,2.0,2.0,1.0,2.0,4,5,6,6,4,4,6,6,3,1,29.0,25.0,32.0,20.0,42.0,25.0,59.0,26.0,40.0,48.0,1,1,1,1,1,1,1,2,1,1,1,1,1,1,1,1,1,1,1,1,1,1,1,1,1,1,1,1,1,1,1,1,1,1,1,1,1,1,1,1,,1.0,8,,,14,,4.0,,,,,,,,,,,,,,,,,1.0,4.0,4.0,5.0,3.0,4.0,4.0,
359,4,4,4,3,3,2,4,3,5,5,50.0,5.0,,,,,2.0,50,,,,,,10,,3.0,2.0,,,,,,,,6,2,1,1,2,5,7,7,1,2,75.0,67.0,61.0,63.0,47.0,62.0,86.0,56.0,85.0,90.0,2,2,2,1,1,2,2,1,1,2,2,2,2,2,1,2,2,2,1,2,1,1,1,2,1,2,2,1,1,2,1,2,2,2,2,2,1,2,2,2,4.0,,,1.0,150,,,5.0,1.0,1.0,1.0,1.0,1.0,1.0,1.0,1.0,1.0,1.0,,,,,,1.0,,3.0,3.0,3.0,4.0,4.0,5.0,
360,5,5,5,5,4,3,5,1,5,1,100.0,,5.0,2.0,2.0,,2.0,40,2.0,300,,,,8,,,,,1.0,1.0,2.0,1.0,2.0,1.0,6,5,4,6,6,6,6,6,4,1,68.0,79.0,80.0,83.0,80.0,10.0,79.0,5.0,79.0,21.0,1,1,2,1,1,2,1,2,1,1,1,1,1,1,2,1,2,2,1,1,2,1,2,2,2,1,2,1,1,2,1,1,2,1,1,2,2,2,1,1,1.0,,,,,,,5.0,,,,,,,,,,,,1.0,5.0,5.0,6.0,2.0,2.0,,,,,,,7.0
361,4,4,4,5,5,5,4,5,1,2,,,,,,7.0,2.0,45,1.0,1200,2.0,5.0,6.0,,2.0,,2.0,5.0,1.0,1.0,1.0,1.0,1.0,1.0,6,1,3,3,5,6,7,7,4,1,32.0,53.0,55.0,15.0,34.0,47.0,62.0,55.0,47.0,43.0,2,2,2,1,1,1,1,1,2,2,1,1,1,1,1,1,1,2,2,2,1,1,1,2,2,1,2,2,2,1,1,1,2,2,1,1,2,2,2,2,,,,,,10,,,,,,,,,,,,,90.0,4.0,,,,,,3.0,4.0,1.0,,,,3.0
362,5,5,5,5,5,5,5,5,1,2,70.0,4.0,,,,,2.0,54,,,,,,,,,2.0,5.0,,,,,,,7,3,4,4,2,5,4,4,4,2,55.0,40.0,49.0,50.0,50.0,45.0,90.0,90.0,60.0,49.0,2,2,1,2,2,2,1,2,1,1,2,2,2,2,1,2,2,2,1,1,1,2,1,2,2,2,2,2,2,2,2,2,2,1,2,2,1,1,2,2,6.0,,,1.0,300,3,,,1.0,1.0,1.0,1.0,1.0,2.0,2.0,2.0,2.0,2.0,,,2.0,5.0,6.0,2.0,,3.0,3.0,3.0,,,,2.0
363,5,5,5,5,5,5,5,3,1,3,,5.0,,,,,1.0,108,1.0,1400,1.0,5.0,6.0,5,,,,,,,,,,,7,4,4,2,4,5,5,6,3,1,78.0,83.0,87.0,60.0,63.0,34.0,46.0,2.0,43.0,53.0,1,1,1,2,2,1,1,2,2,2,1,1,1,2,1,2,1,2,2,1,2,2,1,2,2,2,2,1,1,2,1,2,2,2,2,2,1,1,2,1,5.0,,,,,,,6.0,1.0,2.0,1.0,1.0,2.0,1.0,1.0,1.0,2.0,1.0,70.0,,,,,1.0,2.0,4.0,4.0,2.0,,,,4.0
364,1,1,1,5,1,1,5,5,5,5,,5.0,2.0,2.0,2.0,,2.0,50,,,,,,,,,,2.0,1.0,2.0,1.0,2.0,2.0,1.0,6,1,1,1,1,6,7,7,1,2,0.0,0.0,0.0,80.0,0.0,0.0,100.0,100.0,100.0,75.0,2,2,1,2,1,2,2,2,2,1,2,2,1,2,2,2,1,1,2,1,2,2,2,1,2,2,1,2,1,2,2,1,2,1,2,2,2,1,1,2,6.0,,,1.0,400,10,,,,,,,,,,,,,3.0,,,,,1.0,1.0,,,,3.0,5.0,5.0,8.0
365,4,4,4,4,4,4,3,3,5,3,30.0,4.0,2.0,2.0,5.0,6.0,2.0,50,,,,,,20,2.0,,2.0,,1.0,1.0,2.0,1.0,2.0,1.0,5,5,5,5,5,5,5,4,2,2,64.0,53.0,63.0,75.0,73.0,29.0,37.0,69.0,86.0,55.0,2,2,1,2,2,1,1,2,2,2,1,2,1,2,2,2,2,1,2,1,1,2,2,2,2,2,1,1,2,2,2,2,2,1,1,2,2,2,2,2,,,,1.0,300,,,4.0,,,,,,,,,,,,,,,,,,,,,4.0,4.0,4.0,10.0
366,1,2,1,1,3,1,3,1,5,5,30.0,,3.0,3.0,3.0,5.0,,,,,1.0,3.0,2.0,20,2.0,,1.0,,1.0,2.0,2.0,1.0,1.0,1.0,6,4,6,5,2,3,5,5,1,1,3.0,5.0,1.0,15.0,57.0,6.0,87.0,10.0,72.0,90.0,2,1,2,1,2,2,1,2,1,2,2,2,2,2,1,1,1,2,2,2,1,1,1,2,1,1,2,2,1,2,2,2,1,2,2,1,1,2,1,1,,2.0,2,1.0,90,,,1.0,,,,,,,,,,,,2.0,,,,,,,,,,,,1.0
367,4,2,1,3,5,4,3,1,5,3,80.0,3.0,4.0,4.0,3.0,,2.0,47,1.0,1500,2.0,4.0,4.0,,2.0,,1.0,,,,,,,,6,4,4,5,3,5,4,3,2,1,45.0,10.0,5.0,45.0,80.0,50.0,70.0,40.0,90.0,60.0,1,1,2,2,1,2,1,1,2,1,1,2,2,2,2,1,2,1,1,2,1,1,2,2,2,2,1,2,2,2,2,2,2,1,2,1,2,2,2,2,6.0,,,,,18,8.0,3.0,1.0,1.0,1.0,1.0,1.0,1.0,1.0,1.0,1.0,1.0,,,,,,,,,,,,,,
368,5,4,5,5,5,3,5,5,4,2,,,,,,,2.0,54,1.0,1021,,,,0,,,,6.0,,,,,,,6,3,4,6,2,6,4,5,4,2,80.0,97.0,84.0,77.0,87.0,50.0,79.0,88.0,73.0,31.0,2,2,1,1,1,1,2,2,1,1,1,1,2,2,2,2,1,1,1,1,2,1,2,1,2,1,1,2,2,1,2,2,2,2,1,1,2,1,2,1,7.0,,,,,,10.0,,2.0,2.0,2.0,2.0,2.0,2.0,1.0,1.0,1.0,1.0,70.0,6.0,1.0,5.0,6.0,1.0,2.0,1.0,2.0,1.0,,,,
369,3,4,2,2,4,2,4,1,5,4,19.0,4.0,,,,,,,,,,,,,,2.0,,3.0,1.0,1.0,1.0,2.0,1.0,1.0,5,2,1,3,5,5,6,6,1,2,63.0,54.0,68.0,88.0,70.0,61.0,83.0,78.0,93.0,75.0,2,2,1,2,2,1,2,1,2,2,1,2,1,1,2,1,2,2,1,1,2,1,2,2,2,2,2,1,2,2,1,2,2,2,1,2,2,2,2,2,6.0,2.0,5,1.0,125,5,,,,,,,,,,,,,,,,,,1.0,1.0,1.0,3.0,3.0,3.0,2.0,1.0,
370,3,4,4,5,5,1,4,5,5,5,,2.0,6.0,3.0,2.0,7.0,2.0,54,,,5.0,5.0,6.0,,1.0,4.0,1.0,,,,,,,,5,1,1,4,2,6,7,4,1,1,54.0,40.0,70.0,73.0,65.0,25.0,80.0,70.0,55.0,74.0,2,1,1,1,1,2,2,2,2,1,1,1,1,2,1,1,1,1,1,1,1,2,2,2,1,2,1,1,1,2,2,1,1,2,2,2,1,2,1,2,,,,1.0,380,20,,5.0,1.0,1.0,1.0,1.0,2.0,2.0,2.0,2.0,1.0,2.0,80.0,,,,,,,,,,,,,
371,2,2,2,1,4,4,4,2,4,2,71.0,,,,,6.0,,,,,2.0,2.0,4.0,5,2.0,,1.0,4.0,,,,,,,6,3,5,5,3,3,5,5,1,2,31.0,40.0,31.0,42.0,59.0,61.0,81.0,22.0,62.0,48.0,1,1,2,1,2,2,2,2,2,2,2,2,2,2,2,2,2,1,2,2,2,2,2,1,2,2,2,2,1,2,2,2,2,2,2,1,2,2,2,2,,2.0,6,1.0,120,,,,1.0,1.0,1.0,2.0,2.0,1.0,1.0,2.0,1.0,1.0,,3.0,,,,,,5.0,5.0,4.0,,,,3.0
372,5,4,5,5,4,4,5,5,3,5,,6.0,4.0,1.0,2.0,,,,2.0,400,,,,,,4.0,,,2.0,2.0,1.0,1.0,1.0,1.0,6,4,5,6,5,6,5,5,1,2,88.0,81.0,77.0,73.0,86.0,73.0,85.0,93.0,55.0,84.0,1,1,2,2,2,1,1,1,1,2,2,2,2,2,2,2,2,1,1,2,2,1,2,1,2,2,1,1,2,1,2,2,2,2,2,1,1,1,1,1,7.0,1.0,55,,,15,,4.0,,,,,,,,,,,70.0,,,,,1.0,1.0,,,,5.0,5.0,6.0,
373,5,5,5,5,4,5,5,5,2,2,,,,,,,2.0,50,,,,,,,,,2.0,6.0,,,,,,,6,1,5,6,6,7,7,7,4,1,90.0,56.0,75.0,82.0,67.0,31.0,95.0,92.0,82.0,78.0,1,1,2,2,2,2,2,1,2,1,1,2,2,2,1,2,2,1,1,1,2,2,2,2,1,2,1,2,2,1,2,1,1,2,1,2,2,2,1,2,6.0,,,1.0,250,2,3.0,,1.0,1.0,2.0,1.0,1.0,1.0,2.0,1.0,2.0,1.0,70.0,3.0,4.0,5.0,6.0,1.0,,5.0,3.0,3.0,,,,
374,2,4,2,5,4,5,4,4,2,2,30.0,4.0,,,,6.0,,,2.0,800,,,,,2.0,2.0,,5.0,,,,,,,6,2,5,5,2,6,6,7,3,1,45.0,62.0,40.0,68.0,62.0,55.0,75.0,63.0,53.0,45.0,1,1,2,2,2,2,2,1,2,1,2,2,1,2,2,2,2,1,2,2,2,2,2,1,1,1,2,2,2,2,2,2,2,1,2,2,2,2,2,2,,1.0,18,,,15,,,1.0,1.0,1.0,2.0,1.0,1.0,2.0,2.0,1.0,1.0,,,,,,,2.0,3.0,3.0,3.0,2.0,4.0,5.0,
375,4,4,5,4,4,5,3,5,2,4,,2.0,3.0,3.0,2.0,6.0,,,,,,,,,,,,4.0,,,,,,,6,4,5,5,1,5,5,5,4,2,21.0,22.0,27.0,29.0,20.0,35.0,37.0,41.0,44.0,46.0,1,2,2,1,1,1,2,1,2,2,2,2,2,2,1,2,1,1,2,2,2,1,2,2,2,2,2,2,1,2,1,2,2,2,2,2,2,2,2,2,,2.0,4,1.0,112,0,3.0,,1.0,1.0,2.0,1.0,1.0,2.0,2.0,2.0,1.0,2.0,70.0,,,,,1.0,1.0,,,,4.0,5.0,5.0,
376,4,5,4,4,5,3,4,4,5,5,,3.0,,,,,2.0,30,2.0,500,1.0,4.0,6.0,,,3.0,2.0,,1.0,2.0,1.0,1.0,2.0,1.0,7,2,3,4,5,6,6,6,3,1,60.0,40.0,45.0,40.0,70.0,40.0,65.0,75.0,65.0,45.0,2,2,1,1,1,1,2,2,2,1,2,1,1,1,1,1,2,2,1,2,2,2,2,2,2,1,1,2,1,1,1,1,2,2,2,2,2,2,2,2,6.0,,,,,15,,4.0,,,,,,,,,,,70.0,,,,,1.0,,4.0,5.0,3.0,,,,
377,4,3,4,2,3,4,2,3,3,4,40.0,,,,,,2.0,54,2.0,400,4.0,3.0,2.0,12,2.0,,,,1.0,1.0,2.0,2.0,1.0,1.0,6,2,2,1,5,5,6,6,2,1,15.0,42.0,35.0,90.0,90.0,32.0,85.0,72.0,75.0,55.0,2,2,1,1,1,2,2,1,1,2,1,2,1,1,2,1,2,2,1,2,2,2,2,2,1,1,1,2,1,2,2,1,1,2,2,1,2,1,2,2,6.0,,,,,,3.0,5.0,,,,,,,,,,,,4.0,,,,,1.0,2.0,2.0,2.0,,,,
378,5,4,4,5,5,5,5,5,3,2,,,,,,6.0,1.0,85,2.0,300,,,,,2.0,,2.0,,,,,,,,7,3,5,4,2,5,6,6,4,1,40.0,39.0,39.0,68.0,75.0,54.0,83.0,74.0,54.0,55.0,2,2,2,2,1,1,2,1,2,2,2,1,1,2,2,1,1,2,2,1,2,2,2,2,2,2,2,2,2,2,2,2,2,1,2,2,2,1,2,1,,,,,,18,3.0,3.0,1.0,1.0,1.0,1.0,1.0,1.0,1.0,1.0,1.0,1.0,81.0,3.0,5.0,4.0,6.0,,,3.0,3.0,3.0,,,,
379,1,1,1,5,1,1,1,5,5,5,82.0,,,,,,2.0,11,,,1.0,1.0,1.0,20,2.0,,2.0,,,,,,,,6,4,6,6,5,5,5,5,1,1,23.0,12.0,6.0,36.0,26.0,26.0,32.0,38.0,61.0,32.0,1,1,1,2,1,2,2,2,2,2,2,2,1,2,2,2,2,1,2,1,2,2,2,2,1,2,1,2,1,2,2,2,1,2,2,2,1,1,2,2,6.0,,,1.0,400,,,1.0,1.0,1.0,1.0,1.0,1.0,1.0,1.0,1.0,1.0,2.0,,1.0,,,,,,5.0,5.0,4.0,,,,1.0
380,4,2,4,1,2,1,5,3,4,4,,4.0,4.0,2.0,5.0,6.0,,,1.0,2000,1.0,5.0,6.0,,,2.0,2.0,5.0,1.0,1.0,1.0,1.0,1.0,1.0,5,2,2,5,5,7,7,5,2,2,76.0,30.0,65.0,20.0,49.0,38.0,84.0,34.0,50.0,40.0,2,1,1,1,1,1,1,1,1,1,1,1,1,1,1,1,1,2,2,2,2,1,2,2,1,2,1,1,1,2,1,2,1,2,2,2,1,1,1,1,,1.0,58,,,10,,,,,,,,,,,,,80.0,,,,,2.0,,,,,,,,
381,4,4,4,5,4,4,4,5,3,2,90.0,3.0,,,,6.0,1.0,113,2.0,400,,,,,,1.0,2.0,5.0,1.0,1.0,2.0,1.0,1.0,2.0,5,3,6,5,5,6,6,6,3,2,47.0,69.0,63.0,68.0,83.0,64.0,56.0,94.0,63.0,53.0,2,2,1,2,2,2,2,1,2,2,2,2,1,2,2,2,2,1,1,2,2,1,2,2,1,2,2,2,1,2,2,2,1,1,2,2,1,1,2,2,,,,,,10,,,,,,,,,,,,,,,,,,1.0,,3.0,4.0,3.0,4.0,4.0,5.0,
382,4,3,4,4,5,4,4,4,4,1,,,3.0,3.0,3.0,6.0,2.0,50,,,1.0,5.0,6.0,,2.0,,1.0,4.0,1.0,1.0,1.0,1.0,2.0,2.0,7,4,5,3,1,3,3,3,2,1,50.0,40.0,45.0,47.0,49.0,46.0,45.0,54.0,55.0,35.0,2,2,2,2,1,2,2,1,2,1,2,2,2,2,1,1,2,1,2,2,1,1,2,2,1,2,2,2,1,2,2,2,2,2,1,1,1,1,2,2,,,,1.0,350,20,,,,,,,,,,,,,80.0,3.0,,,,,,,,,,,,2.0
383,5,4,4,4,4,4,4,4,4,3,100.0,2.0,,,,,2.0,54,2.0,400,,,,,,3.0,,2.0,,,,,,,6,2,2,5,2,6,6,4,4,2,60.0,75.0,82.0,82.0,64.0,39.0,100.0,58.0,42.0,20.0,2,1,1,1,2,1,2,1,1,1,1,2,2,1,2,1,1,1,2,2,1,2,2,1,2,1,1,1,2,1,1,1,2,1,1,1,1,1,1,2,6.0,,,,,18,,,1.0,2.0,1.0,2.0,2.0,2.0,1.0,2.0,1.0,2.0,,,,,,2.0,2.0,3.0,4.0,1.0,4.0,5.0,6.0,
384,2,4,4,5,3,5,5,5,3,4,,3.0,2.0,4.0,4.0,5.0,,,1.0,3000,1.0,4.0,3.0,18,,1.0,1.0,,1.0,1.0,2.0,1.0,1.0,2.0,5,1,6,4,2,3,6,6,3,2,30.0,50.0,70.0,55.0,50.0,55.0,95.0,75.0,25.0,70.0,2,2,2,2,2,2,2,2,2,2,1,2,2,2,2,1,2,2,1,2,2,1,2,2,2,2,2,2,2,2,2,2,2,2,2,2,1,2,2,2,,1.0,32,,,,,4.0,,,,,,,,,,,90.0,,,,,1.0,,,,,,,,
385,1,1,1,1,1,1,4,1,4,4,82.0,4.0,4.0,4.0,4.0,7.0,,,,,,,,20,1.0,,2.0,4.0,1.0,1.0,1.0,1.0,1.0,1.0,7,2,7,6,3,6,3,5,1,1,30.0,18.0,10.0,33.0,44.0,10.0,45.0,21.0,71.0,39.0,2,2,1,2,1,1,2,2,2,1,1,2,2,1,2,2,1,2,1,2,1,2,2,1,2,2,2,1,2,2,1,2,2,2,2,2,1,2,1,1,,1.0,40,1.0,120,,10.0,,,,,,,,,,,,,,5.0,1.0,2.0,,,,,,,,,
386,4,4,4,5,4,4,4,4,2,1,30.0,,2.0,2.0,2.0,,2.0,50,,,,,,18,,1.0,,,,,,,,,5,2,5,3,3,5,5,6,2,1,25.0,15.0,40.0,45.0,50.0,20.0,65.0,55.0,35.0,50.0,2,2,2,2,1,2,2,2,2,2,1,2,1,2,2,2,2,2,2,2,1,2,2,2,2,2,2,2,2,1,1,2,2,2,2,1,2,2,2,2,5.0,,,1.0,200,,,4.0,1.0,1.0,1.0,1.0,1.0,1.0,1.0,1.0,1.0,1.0,,2.0,2.0,4.0,5.0,1.0,1.0,,,,,,,
387,3,3,4,4,4,3,4,5,5,4,87.0,,2.0,3.0,4.0,6.0,,,2.0,350,1.0,4.0,6.0,16,1.0,,1.0,6.0,,,,,,,5,4,4,2,5,6,4,5,2,1,15.0,5.0,24.0,67.0,63.0,38.0,88.0,92.0,83.0,66.0,2,2,1,1,1,2,2,1,2,1,2,2,2,2,2,2,2,1,1,2,2,2,2,2,2,1,2,2,2,1,2,2,2,2,1,1,2,1,2,1,,1.0,40,,,,10.0,,1.0,1.0,2.0,1.0,1.0,1.0,2.0,1.0,2.0,1.0,,3.0,,,,,,,,,,,,
388,4,4,4,5,5,4,5,5,3,5,,,,,,6.0,2.0,54,2.0,360,4.0,5.0,6.0,5,,3.0,1.0,6.0,,,,,,,7,1,5,5,6,7,5,5,4,2,44.0,44.0,42.0,52.0,52.0,61.0,79.0,89.0,48.0,86.0,1,2,1,1,1,1,1,2,2,1,1,2,2,2,2,1,2,2,2,2,1,2,2,2,1,2,1,1,2,1,1,2,2,2,1,2,2,1,1,2,,,,,,,,,1.0,1.0,1.0,1.0,1.0,2.0,2.0,2.0,2.0,2.0,81.0,1.0,,,,1.0,,3.0,3.0,3.0,,,,
389,4,3,4,5,4,5,5,5,2,3,82.0,,,,,,2.0,40,,,,,,,2.0,1.0,,,,,,,,,6,2,6,7,5,6,5,5,3,1,44.0,20.0,21.0,52.0,52.0,16.0,92.0,89.0,57.0,55.0,1,2,2,1,1,1,2,2,1,1,2,2,2,1,1,1,1,2,2,2,2,2,2,2,1,2,2,2,1,2,1,2,1,2,1,2,1,1,2,1,6.0,,,1.0,130,15,,4.0,1.0,1.0,2.0,1.0,1.0,2.0,1.0,1.0,2.0,1.0,,2.0,,,,,2.0,4.0,2.0,2.0,1.0,5.0,6.0,
390,4,2,2,2,4,4,3,2,5,3,35.0,,,,,,,,2.0,950,,,,,,,2.0,,,,,,,,6,1,3,2,3,6,5,6,3,2,40.0,30.0,45.0,35.0,65.0,65.0,40.0,40.0,70.0,30.0,1,2,1,1,2,2,1,1,2,1,2,2,1,1,2,1,2,2,1,2,1,2,1,1,1,2,2,2,2,1,2,2,2,2,2,2,2,2,1,2,6.0,2.0,8,,,20,,3.0,1.0,1.0,2.0,2.0,1.0,1.0,2.0,2.0,2.0,2.0,,2.0,,,,1.0,,2.0,3.0,3.0,4.0,1.0,4.0,2.0
391,2,2,2,2,4,2,3,2,5,5,,2.0,4.0,4.0,5.0,5.0,,,2.0,800,,,,,,3.0,,4.0,,,,,,,6,4,6,5,2,3,4,5,2,1,42.0,39.0,38.0,36.0,38.0,40.0,42.0,40.0,53.0,50.0,1,1,1,2,1,1,2,1,1,2,1,2,1,1,1,2,1,1,1,2,1,1,1,1,1,1,1,1,1,1,1,2,1,1,2,1,1,1,1,1,,1.0,25,,,20,,,1.0,1.0,1.0,1.0,1.0,1.0,1.0,1.0,1.0,1.0,70.0,,5.0,5.0,6.0,2.0,2.0,,,,,,,
392,4,5,5,5,4,5,5,5,2,4,,,3.0,3.0,2.0,5.0,2.0,30,,,,,,,2.0,,1.0,4.0,,,,,,,5,2,3,3,5,7,5,5,3,2,45.0,49.0,60.0,86.0,84.0,70.0,94.0,58.0,34.0,74.0,2,2,2,1,1,1,1,2,1,2,2,2,2,2,1,2,1,2,2,2,2,2,1,2,1,2,1,2,2,2,1,2,2,2,1,2,2,2,1,2,,,,1.0,110,12,4.0,,1.0,1.0,1.0,1.0,2.0,2.0,1.0,1.0,1.0,1.0,63.0,2.0,1.0,4.0,4.0,,,,,,,,,
393,5,4,5,5,5,5,4,5,2,5,81.0,4.0,,,,4.0,,,2.0,450,,,,12,2.0,1.0,,4.0,1.0,2.0,1.0,1.0,2.0,1.0,7,5,3,4,1,6,7,7,1,2,98.0,95.0,95.0,86.0,91.0,84.0,62.0,85.0,14.0,81.0,1,1,1,1,1,1,1,2,1,1,2,1,1,1,2,1,2,2,2,1,1,1,2,1,2,1,2,1,1,2,1,2,1,2,1,1,1,2,2,1,,1.0,53,,,,,,,,,,,,,,,,,,,,,,1.0,5.0,3.0,1.0,3.0,4.0,5.0,
394,5,5,5,5,5,5,5,5,3,4,,,,,,6.0,2.0,50,,,1.0,4.0,5.0,20,1.0,,1.0,,1.0,2.0,1.0,1.0,2.0,1.0,6,1,3,2,5,6,6,6,3,1,36.0,26.0,35.0,28.0,32.0,19.0,71.0,39.0,56.0,50.0,2,1,2,2,2,1,2,2,2,2,2,2,2,2,2,2,2,2,1,2,1,1,2,2,1,1,2,2,2,2,2,2,1,2,2,2,2,2,2,2,,,,1.0,300,,5.0,5.0,,,,,,,,,,,70.0,2.0,,,,,,4.0,4.0,4.0,,,,
395,5,4,5,5,5,5,4,4,5,5,,6.0,6.0,4.0,2.0,,,,,,,,,5,,,,6.0,,,,,,,7,2,2,6,1,5,7,7,4,2,82.0,65.0,83.0,90.0,74.0,21.0,77.0,60.0,55.0,70.0,1,2,1,1,1,1,2,1,1,1,2,1,1,1,1,1,2,1,1,1,1,1,1,2,1,1,2,1,1,1,1,2,1,1,1,1,1,1,2,1,1.0,1.0,54,1.0,86,,2.0,,1.0,2.0,1.0,2.0,1.0,2.0,2.0,2.0,2.0,2.0,60.0,,,,,1.0,2.0,,,,1.0,5.0,6.0,
396,5,5,5,5,5,5,5,5,1,5,30.0,,3.0,1.0,3.0,7.0,2.0,50,2.0,350,,,,,1.0,,,6.0,,,,,,,5,1,1,1,1,5,6,7,4,1,90.0,85.0,95.0,60.0,60.0,70.0,97.0,99.0,40.0,90.0,2,1,1,1,2,2,1,2,1,2,1,1,1,2,2,2,1,1,2,1,2,1,1,2,1,1,2,1,1,1,1,1,1,1,1,1,2,2,1,2,,,,,,10,,,1.0,1.0,2.0,1.0,1.0,2.0,1.0,1.0,1.0,2.0,,4.0,1.0,5.0,6.0,,2.0,,,,,,,4.0
397,5,4,5,1,4,5,4,2,1,1,75.0,6.0,4.0,4.0,2.0,5.0,2.0,43,2.0,650,1.0,5.0,6.0,,2.0,,1.0,,1.0,1.0,1.0,1.0,1.0,1.0,6,2,6,7,3,5,6,5,4,1,72.0,65.0,70.0,18.0,45.0,60.0,55.0,40.0,30.0,68.0,1,1,2,1,1,2,2,2,2,2,2,1,1,2,2,2,1,2,2,2,2,2,1,2,2,2,2,2,2,2,2,2,2,2,2,2,2,2,2,2,,,,,,5,10.0,5.0,,,,,,,,,,,,,,,,,,,,,,,,
398,2,4,4,5,5,5,5,5,3,3,,5.0,4.0,4.0,4.0,7.0,2.0,50,2.0,300,,,,,,,,,,,,,,,3,1,5,2,2,3,6,7,3,2,27.0,34.0,79.0,80.0,82.0,59.0,87.0,94.0,30.0,89.0,2,2,1,2,2,2,1,1,1,2,1,2,2,1,2,2,2,2,2,1,1,2,1,1,1,1,1,2,2,2,2,1,2,2,1,2,1,1,2,2,,,,,,20,,4.0,1.0,1.0,1.0,1.0,1.0,1.0,1.0,1.0,1.0,1.0,74.0,,,,,1.0,1.0,,,,4.0,5.0,3.0,10.0
399,5,4,4,3,4,5,4,5,2,5,,,,,,,,,2.0,50,1.0,5.0,6.0,15,2.0,3.0,1.0,5.0,1.0,1.0,1.0,1.0,1.0,1.0,7,4,4,4,2,5,5,6,4,1,55.0,30.0,40.0,30.0,60.0,20.0,75.0,90.0,90.0,50.0,1,2,1,2,1,2,2,1,2,2,2,2,2,2,1,1,2,2,1,2,2,1,2,2,1,2,2,2,1,2,2,1,2,2,1,2,2,1,1,1,6.0,2.0,6,,,,,,,,,,,,,,,,100.0,2.0,,,,,,3.0,2.0,2.0,,,,
400,5,4,5,5,3,4,4,5,2,2,30.0,,,,,,,,2.0,230,,,,,2.0,,,,,,,,,,7,2,3,4,2,5,5,5,3,1,85.0,40.0,60.0,60.0,40.0,55.0,61.0,85.0,60.0,30.0,2,2,2,2,2,2,2,2,1,2,2,2,2,2,2,2,2,1,2,2,2,2,2,2,2,2,2,2,2,2,2,2,2,2,2,2,1,1,2,2,6.0,1.0,20,,,20,,4.0,1.0,1.0,1.0,2.0,1.0,2.0,1.0,1.0,1.0,2.0,,3.0,4.0,5.0,6.0,,2.0,4.0,4.0,3.0,,,,4.0
401,4,4,4,4,4,3,5,5,3,3,30.0,3.0,,,,,,,,,1.0,3.0,3.0,,,,,,1.0,1.0,1.0,1.0,2.0,2.0,7,2,4,4,3,6,6,6,1,1,71.0,25.0,0.0,30.0,50.0,50.0,99.0,100.0,30.0,100.0,1,1,2,2,2,1,1,2,2,1,2,1,1,1,2,1,1,1,2,1,1,1,1,1,2,2,2,2,2,2,1,1,1,1,1,2,2,1,1,1,5.0,1.0,40,1.0,250,20,6.0,3.0,,,,,,,,,,,,,,,,1.0,2.0,3.0,3.0,2.0,,,,
402,4,4,4,3,4,4,4,4,2,4,20.0,4.0,,,,6.0,2.0,30,,,,,,,,,2.0,6.0,1.0,1.0,1.0,1.0,2.0,1.0,7,2,2,2,2,5,7,7,4,2,10.0,6.0,8.0,20.0,26.0,30.0,20.0,35.0,30.0,55.0,2,1,2,2,2,1,1,2,2,1,2,2,2,1,1,2,2,2,2,2,2,2,2,2,2,2,2,2,2,2,2,2,2,1,2,1,2,2,2,1,,,,1.0,145,15,10.0,,,,,,,,,,,,,,4.0,5.0,6.0,2.0,,3.0,5.0,2.0,,,,
403,5,4,4,5,5,5,5,4,2,1,25.0,,2.0,1.0,4.0,,,,,,1.0,1.0,1.0,20,,1.0,1.0,4.0,1.0,1.0,1.0,1.0,2.0,2.0,7,2,4,4,1,5,7,7,4,1,61.0,71.0,42.0,51.0,69.0,56.0,90.0,40.0,57.0,34.0,1,1,2,2,1,2,2,2,2,2,2,2,1,2,2,2,1,2,2,1,2,2,2,2,2,2,1,2,2,2,2,2,2,2,2,2,2,2,2,1,5.0,1.0,18,1.0,215,,,,,,,,,,,,,,,1.0,,,,2.0,,,,,,,,
404,5,2,5,5,4,2,4,5,5,4,,,,,,6.0,1.0,80,2.0,850,,,,,2.0,,,6.0,1.0,1.0,1.0,1.0,2.0,2.0,5,1,5,5,5,6,7,7,3,1,78.0,76.0,75.0,57.0,67.0,88.0,78.0,93.0,83.0,69.0,2,2,1,2,2,1,2,2,1,2,1,1,2,1,1,2,2,2,1,2,1,2,1,1,2,1,1,2,2,2,1,1,2,2,2,1,2,2,2,2,,,,,,5,9.0,,,,,,,,,,,,86.0,5.0,5.0,5.0,6.0,,1.0,5.0,5.0,2.0,,,,
405,4,4,4,4,4,2,4,4,4,4,30.0,5.0,3.0,3.0,3.0,6.0,1.0,54,2.0,380,,,,20,1.0,,1.0,,,,,,,,6,2,1,4,4,5,6,5,3,1,90.0,93.0,82.0,91.0,81.0,40.0,89.0,77.0,97.0,88.0,1,1,2,1,1,1,1,1,1,2,2,2,2,1,1,1,1,1,1,2,1,2,1,1,1,2,2,2,2,1,2,1,1,1,1,1,1,1,1,1,,,,,,,8.0,3.0,2.0,2.0,2.0,2.0,1.0,1.0,1.0,1.0,1.0,1.0,,,4.0,4.0,3.0,,,,,,,,,
406,2,3,3,4,5,4,5,3,4,2,,3.0,,,,,,,2.0,900,,,,15,,,,6.0,,,,,,,7,2,6,7,2,7,7,7,3,2,47.0,51.0,51.0,62.0,71.0,48.0,79.0,41.0,50.0,42.0,1,1,2,1,1,2,1,2,1,1,1,1,1,2,1,1,1,1,2,1,2,2,2,1,2,2,1,1,1,1,2,1,1,1,1,2,1,2,1,2,3.0,1.0,54,,,,10.0,,1.0,1.0,2.0,1.0,1.0,2.0,1.0,1.0,2.0,1.0,2.0,,,,,2.0,1.0,3.0,5.0,2.0,1.0,5.0,4.0,
407,4,4,4,5,5,4,5,5,5,4,,,,,,,2.0,50,2.0,250,2.0,5.0,4.0,,2.0,,1.0,,,,,,,,7,4,4,5,2,5,6,5,3,1,65.0,60.0,52.0,60.0,70.0,45.0,60.0,75.0,70.0,70.0,2,1,1,1,2,2,2,1,2,2,2,1,2,1,2,2,2,2,2,2,1,2,2,2,1,2,2,2,2,1,2,2,2,2,1,2,2,1,2,2,6.0,,,,,5,9.0,4.0,1.0,1.0,1.0,1.0,1.0,1.0,1.0,1.0,1.0,1.0,70.0,1.0,,,,,,2.0,4.0,3.0,,,,
408,4,5,5,5,5,5,5,5,2,2,60.0,2.0,3.0,3.0,3.0,5.0,,,1.0,1400,1.0,4.0,6.0,18,,,2.0,,1.0,1.0,2.0,1.0,2.0,1.0,7,2,5,5,3,5,5,5,2,2,20.0,30.0,30.0,30.0,30.0,30.0,25.0,40.0,40.0,25.0,2,1,2,2,2,2,1,2,1,1,2,2,2,2,2,1,2,1,1,2,2,2,2,2,2,2,2,1,2,2,2,1,1,2,2,2,1,2,2,1,,1.0,30,,,,,5.0,,,,,,,,,,,,,,,,1.0,,,,,,,,3.0
409,4,5,4,4,4,4,4,4,3,2,,4.0,,,,6.0,,,2.0,295,,,,18,1.0,4.0,2.0,,,,,,,,6,4,5,5,3,5,6,6,3,2,40.0,55.0,60.0,56.0,68.0,65.0,75.0,70.0,45.0,35.0,1,1,2,1,1,1,2,1,1,1,1,1,1,2,1,1,2,1,2,1,1,1,1,1,1,1,2,1,1,2,1,2,2,1,1,1,2,1,1,1,,1.0,45,,,,,5.0,1.0,1.0,1.0,1.0,1.0,1.0,1.0,1.0,1.0,1.0,30.0,,2.0,4.0,5.0,,,3.0,4.0,2.0,,,,
410,4,5,4,3,4,4,5,5,4,5,30.0,,2.0,1.0,6.0,5.0,,,,,,,,,2.0,,2.0,,1.0,1.0,2.0,1.0,2.0,1.0,6,2,2,5,1,3,5,5,3,2,28.0,56.0,35.0,46.0,42.0,30.0,53.0,63.0,47.0,59.0,2,1,1,2,2,1,2,1,2,1,1,1,2,1,1,1,2,2,2,2,2,1,1,2,2,1,1,2,2,2,1,1,2,1,2,1,2,2,1,2,,1.0,14,1.0,120,1,4.0,5.0,,,,,,,,,,,,3.0,1.0,4.0,2.0,,,,,,,,,
411,4,5,4,4,4,4,4,4,3,4,30.0,4.0,3.0,4.0,5.0,,,,,,2.0,4.0,6.0,15,,,1.0,4.0,1.0,1.0,1.0,1.0,1.0,1.0,6,3,4,5,3,5,6,5,4,1,60.0,67.0,62.0,52.0,48.0,42.0,53.0,42.0,45.0,42.0,1,1,1,1,1,2,2,1,2,1,2,1,1,1,1,2,1,1,1,1,1,1,1,2,1,2,1,1,1,1,1,1,2,1,1,1,2,1,1,2,6.0,1.0,40,1.0,250,,8.0,,,,,,,,,,,,,,,,,1.0,,,,,,,,
412,4,4,5,3,2,4,4,3,5,4,,5.0,4.0,4.0,2.0,,,,1.0,1222,,,,8,2.0,,,,,,,,,,6,6,7,6,3,4,4,6,3,1,60.0,77.0,34.0,55.0,21.0,63.0,76.0,36.0,69.0,72.0,1,2,2,1,1,1,1,1,2,1,2,1,1,1,1,2,1,1,2,1,2,1,2,1,1,2,1,1,1,2,1,1,1,1,2,1,1,1,1,1,5.0,1.0,50,,,,6.0,2.0,1.0,1.0,1.0,2.0,2.0,2.0,1.0,1.0,2.0,2.0,70.0,,,,,,2.0,,,,3.0,4.0,6.0,
413,4,5,4,5,5,4,5,5,5,5,30.0,6.0,1.0,1.0,6.0,,,,2.0,415,,,,20,2.0,,1.0,6.0,,,,,,,7,1,7,5,5,7,7,7,4,2,55.0,65.0,55.0,85.0,80.0,50.0,100.0,100.0,100.0,100.0,1,2,1,2,2,2,1,2,1,2,1,2,1,2,2,1,2,1,2,1,2,2,1,2,2,1,2,2,1,1,1,2,1,2,1,1,2,1,1,2,6.0,1.0,32,,,,4.0,,2.0,2.0,1.0,2.0,1.0,1.0,1.0,2.0,1.0,2.0,,,3.0,5.0,6.0,,,,,,,,,
414,1,3,3,2,5,4,2,1,5,4,,,3.0,3.0,3.0,,2.0,45,1.0,1100,1.0,4.0,5.0,18,,2.0,2.0,4.0,,,,,,,7,1,5,3,2,6,5,5,2,1,30.0,30.0,30.0,40.0,100.0,50.0,45.0,30.0,80.0,100.0,2,1,1,1,1,1,1,2,2,2,2,1,2,1,1,2,1,1,2,2,2,1,1,2,1,1,1,2,1,2,1,1,2,2,2,1,1,2,1,1,4.0,,,,,,,,1.0,1.0,1.0,2.0,1.0,1.0,1.0,2.0,1.0,2.0,70.0,4.0,,,,1.0,,,,,,,,
415,5,3,5,5,5,4,4,5,3,2,30.0,3.0,3.0,3.0,3.0,,,,2.0,800,,,,,,2.0,,5.0,,,,,,,6,3,5,5,4,5,5,5,3,1,50.0,30.0,50.0,55.0,60.0,50.0,65.0,50.0,50.0,29.0,2,2,1,2,2,2,2,2,2,1,2,2,1,2,1,1,1,2,2,1,1,2,2,1,2,1,2,2,2,2,1,2,2,2,1,2,1,1,2,2,5.0,1.0,15,,,10,,,1.0,1.0,1.0,1.0,1.0,1.0,1.0,1.0,1.0,1.0,,,,,,1.0,2.0,,,,4.0,4.0,3.0,
416,1,2,1,1,4,1,4,4,5,5,30.0,,3.0,4.0,4.0,,,,2.0,400,,,,20,,,,5.0,,,,,,,6,2,1,3,3,6,5,5,1,2,30.0,41.0,33.0,70.0,60.0,39.0,70.0,75.0,72.0,70.0,2,1,1,2,2,2,1,2,2,2,2,1,1,1,1,2,2,1,2,1,1,2,1,1,2,2,2,1,2,2,2,2,1,1,1,1,2,2,1,1,6.0,2.0,10,,,,,,1.0,1.0,1.0,2.0,1.0,1.0,1.0,2.0,2.0,1.0,,1.0,2.0,4.0,3.0,2.0,2.0,,,,,,,5.0
417,4,3,4,4,4,4,4,4,3,2,3.0,,2.0,2.0,2.0,6.0,1.0,75,1.0,1200,,,,17,,,,4.0,,,,,,,6,4,3,4,5,5,5,5,3,1,31.0,30.0,60.0,52.0,52.0,55.0,61.0,79.0,55.0,51.0,2,2,2,2,2,2,2,2,2,2,2,2,1,1,2,1,2,1,2,2,2,1,1,2,2,1,2,2,2,1,2,2,2,2,2,1,1,1,2,1,,,,,,,9.0,,1.0,1.0,1.0,1.0,1.0,1.0,1.0,1.0,2.0,2.0,,3.0,,,,1.0,2.0,,,,5.0,5.0,5.0,
418,2,4,3,5,3,3,5,2,4,4,,,,,,7.0,2.0,54,,,5.0,5.0,4.0,5,,,1.0,4.0,,,,,,,5,3,2,4,3,5,6,6,4,1,40.0,60.0,50.0,80.0,20.0,10.0,75.0,30.0,65.0,37.0,2,1,2,1,1,1,2,2,1,1,1,2,1,2,1,2,1,2,1,1,2,2,2,1,2,2,2,2,1,1,1,1,2,1,1,2,1,1,1,2,,,,1.0,380,,7.0,,1.0,1.0,1.0,1.0,1.0,1.0,1.0,2.0,2.0,2.0,70.0,1.0,,,,1.0,,1.0,1.0,1.0,,,,
419,4,3,3,5,3,4,2,3,3,2,,5.0,,,,,2.0,30,2.0,400,,,,,2.0,,2.0,,1.0,1.0,2.0,2.0,1.0,1.0,6,3,2,5,6,2,3,5,4,2,62.0,36.0,21.0,70.0,60.0,29.0,32.0,21.0,70.0,40.0,1,1,2,2,2,2,2,2,2,1,2,1,1,2,2,2,2,1,2,2,1,2,2,2,2,2,1,2,2,2,1,2,2,1,1,2,2,2,1,2,7.0,,,,,10,,2.0,,,,,,,,,,,71.0,,,,,,,4.0,3.0,3.0,4.0,4.0,6.0,3.0
420,4,5,5,4,5,4,4,5,4,5,,,,,,,2.0,38,1.0,1200,,,,,,,,4.0,,,,,,,6,5,5,6,3,6,5,5,3,1,55.0,16.0,26.0,36.0,32.0,12.0,56.0,67.0,22.0,30.0,1,2,1,2,1,1,2,2,2,2,1,1,2,1,1,2,1,2,2,2,1,2,1,2,1,2,2,1,1,2,2,1,1,1,2,1,1,1,1,1,5.0,,,,,18,,,1.0,1.0,1.0,2.0,1.0,1.0,2.0,1.0,1.0,2.0,70.0,3.0,,,,2.0,2.0,3.0,3.0,3.0,5.0,5.0,6.0,3.0
421,4,5,5,3,5,3,5,5,5,5,65.0,4.0,3.0,3.0,4.0,,1.0,72,1.0,1200,4.0,5.0,5.0,,,,,,,,,,,,5,1,3,2,2,6,5,5,3,1,50.0,70.0,85.0,100.0,100.0,50.0,90.0,100.0,70.0,100.0,1,2,2,1,1,1,1,2,1,2,2,2,2,1,2,1,2,1,1,2,2,1,2,2,1,2,1,1,2,1,2,2,1,2,2,1,2,2,2,1,6.0,,,,,10,4.0,5.0,2.0,2.0,2.0,1.0,2.0,2.0,1.0,2.0,2.0,1.0,,,,,,1.0,2.0,,,,,,,
422,3,2,3,4,5,1,4,5,5,3,,,,,,5.0,,,,,,,,,,1.0,,,,,,,,,7,1,3,3,2,7,7,7,1,1,62.0,40.0,44.0,53.0,80.0,8.0,76.0,97.0,84.0,73.0,2,1,2,2,2,2,1,1,2,2,1,2,2,2,2,2,2,2,2,2,2,1,2,2,2,2,2,2,1,1,2,2,2,1,2,2,2,2,2,2,,1.0,19,1.0,322,10,,4.0,1.0,1.0,1.0,1.0,1.0,1.0,1.0,1.0,1.0,1.0,70.0,2.0,,,,2.0,1.0,4.0,4.0,2.0,1.0,3.0,3.0,
423,3,3,3,3,3,3,3,3,3,3,,4.0,4.0,2.0,3.0,,2.0,54,2.0,380,3.0,3.0,4.0,10,,3.0,,4.0,1.0,1.0,1.0,1.0,2.0,2.0,4,4,4,4,4,4,4,4,2,1,40.0,40.0,40.0,40.0,40.0,40.0,40.0,40.0,40.0,40.0,1,2,2,1,1,2,2,2,2,1,2,2,2,1,2,2,1,2,2,1,2,2,2,2,2,2,2,1,2,2,2,2,2,1,2,1,2,1,1,2,4.0,,,,,,,,,,,,,,,,,,70.0,,,,,1.0,2.0,,,,,,,
424,5,5,5,4,5,5,4,5,3,2,,4.0,,,,6.0,2.0,54,,,,,,20,,3.0,,4.0,,,,,,,7,2,5,2,4,6,6,7,2,1,45.0,30.0,55.0,70.0,75.0,50.0,80.0,75.0,52.0,30.0,2,2,2,1,2,2,1,2,1,1,1,1,2,1,1,1,1,1,1,1,1,1,2,1,1,2,1,2,1,1,2,2,2,1,1,1,1,1,2,1,,,,1.0,381,,,,1.0,1.0,1.0,1.0,1.0,2.0,2.0,2.0,2.0,2.0,91.0,,,,,1.0,1.0,5.0,5.0,4.0,4.0,5.0,6.0,
425,1,1,1,1,1,1,3,3,5,5,,,,,,6.0,2.0,20,,,4.0,4.0,2.0,,2.0,,,,1.0,1.0,2.0,1.0,1.0,2.0,7,1,4,5,5,6,5,5,1,2,50.0,45.0,46.0,47.0,47.0,40.0,43.0,47.0,65.0,89.0,2,2,2,2,2,2,2,1,2,1,2,2,2,2,2,1,1,2,2,2,2,2,2,2,2,2,2,1,2,2,2,2,2,2,2,2,2,2,2,2,,,,1.0,350,17,,2.0,,,,,,,,,,,90.0,5.0,,,,,2.0,4.0,4.0,3.0,,,,1.0
426,3,4,4,4,4,4,4,4,4,4,,4.0,,,,,2.0,50,,,,,,15,2.0,1.0,,,1.0,1.0,1.0,1.0,1.0,1.0,7,1,4,3,3,7,6,6,1,1,51.0,62.0,46.0,51.0,64.0,50.0,61.0,62.0,49.0,62.0,1,1,2,1,2,2,2,2,2,1,2,1,1,1,2,1,1,2,2,2,1,1,2,2,1,2,2,1,2,1,2,2,1,2,1,2,1,1,1,1,6.0,,,1.0,300,,,5.0,,,,,,,,,,,83.0,,,,,,2.0,4.0,5.0,3.0,4.0,4.0,3.0,
427,2,3,4,4,5,4,5,5,4,2,70.0,,,,,6.0,2.0,53,2.0,350,,,,,1.0,2.0,,,1.0,1.0,2.0,1.0,2.0,1.0,5,4,5,5,2,3,4,5,1,2,15.0,5.0,20.0,30.0,35.0,35.0,65.0,45.0,60.0,25.0,2,2,2,1,2,1,2,2,2,2,1,1,1,2,2,2,1,2,2,2,1,1,2,2,1,2,1,2,2,2,2,1,2,2,2,2,2,2,1,1,,,,,,0,,4.0,,,,,,,,,,,,2.0,,,,,2.0,4.0,4.0,3.0,4.0,4.0,3.0,
428,4,4,4,4,2,2,4,4,4,2,81.0,,,,,7.0,,,,,,,,10,,1.0,1.0,3.0,1.0,1.0,1.0,2.0,2.0,2.0,6,6,6,6,4,6,5,5,1,2,71.0,23.0,28.0,55.0,40.0,34.0,49.0,31.0,44.0,23.0,1,2,1,1,1,2,2,1,1,2,2,2,1,1,1,1,2,2,1,1,2,2,1,1,1,2,2,1,2,1,1,2,2,1,2,1,2,2,1,2,,1.0,40,2.0,6,,,,,,,,,,,,,,,5.0,1.0,4.0,3.0,1.0,,2.0,2.0,2.0,,,,
429,5,4,5,5,4,5,5,5,1,2,,4.0,,,,,2.0,42,2.0,325,1.0,4.0,2.0,15,2.0,,1.0,,1.0,1.0,1.0,1.0,1.0,1.0,6,2,5,5,2,5,7,7,2,1,71.0,54.0,79.0,59.0,61.0,63.0,58.0,84.0,48.0,45.0,2,2,2,2,1,2,2,1,2,2,2,2,2,1,1,2,2,1,2,2,2,2,2,2,2,2,2,2,2,2,1,1,2,2,2,2,2,2,2,2,6.0,,,,,,,5.0,,,,,,,,,,,70.0,,,,,,,3.0,3.0,3.0,,,,3.0
430,4,4,5,4,4,4,5,5,4,5,40.0,4.0,4.0,4.0,5.0,6.0,2.0,47,1.0,1200,,,,15,,,1.0,,,,,,,,7,1,3,3,1,6,5,3,3,1,79.0,69.0,74.0,73.0,92.0,72.0,96.0,97.0,87.0,92.0,2,1,2,2,2,2,1,1,2,2,2,1,2,1,1,2,1,2,2,1,1,1,1,1,1,2,1,2,2,1,2,1,1,1,1,1,1,2,1,1,,,,,,,4.0,5.0,2.0,1.0,1.0,2.0,1.0,1.0,1.0,2.0,1.0,1.0,,,,,,1.0,,,,,2.0,5.0,5.0,
431,2,3,3,4,4,5,5,1,5,4,,,,,,6.0,2.0,50,,,,,,19,2.0,,2.0,,1.0,1.0,1.0,2.0,2.0,1.0,7,2,2,2,3,6,7,7,1,2,45.0,65.0,70.0,60.0,92.0,84.0,100.0,45.0,95.0,76.0,1,1,1,1,1,2,2,1,1,2,2,1,2,1,1,1,2,1,1,1,1,1,1,1,1,1,2,1,2,2,1,1,1,1,2,1,1,2,1,2,,,,1.0,125,,10.0,5.0,,,,,,,,,,,70.0,3.0,5.0,5.0,6.0,,,4.0,5.0,1.0,,,,
432,3,2,1,4,4,4,4,2,4,4,30.0,4.0,3.0,3.0,3.0,5.0,2.0,54,2.0,200,,,,,2.0,2.0,,5.0,1.0,1.0,1.0,1.0,1.0,1.0,7,2,7,7,2,5,5,5,2,1,40.0,55.0,40.0,65.0,65.0,50.0,60.0,70.0,70.0,80.0,2,1,1,2,1,2,1,2,2,1,2,1,2,1,1,1,1,2,2,2,1,1,2,1,2,2,1,1,1,1,1,2,2,1,1,2,1,1,2,2,,,,,,15,,,,,,,,,,,,,,,,,,,1.0,,,,5.0,2.0,6.0,
433,2,3,3,4,4,4,4,3,4,4,,,,,,6.0,,,,,,,,,,,,,,,,,,,4,2,3,3,2,3,3,3,2,2,43.0,40.0,42.0,50.0,45.0,35.0,46.0,60.0,55.0,60.0,1,1,1,1,2,2,2,1,2,2,1,2,2,2,1,2,1,2,2,1,1,1,2,2,1,1,1,1,1,1,1,1,1,1,1,1,2,1,1,1,,1.0,50,1.0,325,15,10.0,4.0,1.0,1.0,2.0,1.0,1.0,2.0,1.0,1.0,2.0,1.0,40.0,3.0,4.0,4.0,4.0,2.0,2.0,4.0,2.0,2.0,,,,
434,2,2,4,5,5,4,5,4,2,1,,,3.0,3.0,3.0,,,,,,,,,15,,1.0,1.0,,,,,,,,6,5,7,6,5,5,6,6,2,1,40.0,25.0,57.0,58.0,61.0,41.0,66.0,50.0,57.0,20.0,2,1,1,2,2,1,1,2,2,1,2,1,2,1,1,2,2,2,1,2,1,1,2,2,1,2,1,2,2,2,2,1,2,2,2,2,1,2,1,2,6.0,1.0,53,1.0,360,,,3.0,1.0,1.0,1.0,1.0,1.0,1.0,1.0,1.0,1.0,1.0,81.0,5.0,5.0,5.0,4.0,1.0,,,,,,,,
435,1,1,1,1,3,1,1,1,5,4,74.0,3.0,3.0,3.0,2.0,6.0,,,,,5.0,1.0,1.0,20,2.0,,,1.0,,,,,,,5,5,5,5,3,3,3,3,3,1,52.0,52.0,47.0,54.0,51.0,41.0,32.0,57.0,72.0,56.0,2,1,2,2,2,2,2,1,2,2,2,1,2,2,2,2,1,1,1,2,2,1,1,2,2,1,2,2,2,1,2,1,2,1,2,2,1,1,2,1,,1.0,50,1.0,250,,,,1.0,1.0,1.0,1.0,1.0,1.0,1.0,1.0,1.0,1.0,,,,,,,2.0,,,,,,,2.0
436,4,4,5,5,3,5,5,5,2,1,,,,,,5.0,,,,,1.0,4.0,6.0,,,,,6.0,,,,,,,6,1,5,3,2,6,5,6,3,1,66.0,65.0,66.0,76.0,26.0,57.0,71.0,67.0,31.0,29.0,2,2,1,2,1,1,2,2,1,2,2,2,2,2,2,1,1,1,2,1,1,2,1,2,1,1,2,2,1,1,1,2,1,1,2,1,2,1,2,1,,1.0,15,1.0,100,10,,,1.0,1.0,1.0,1.0,1.0,1.0,1.0,1.0,1.0,1.0,50.0,3.0,,,,1.0,1.0,3.0,3.0,3.0,,,,4.0
437,4,3,4,4,5,5,4,2,2,2,30.0,,3.0,4.0,3.0,,2.0,54,,,,,,,2.0,2.0,2.0,,1.0,1.0,1.0,1.0,1.0,1.0,6,2,7,7,2,5,5,5,3,1,35.0,20.0,30.0,40.0,50.0,60.0,60.0,65.0,65.0,60.0,1,2,2,2,2,2,1,2,1,1,1,2,2,1,2,1,1,2,1,2,1,2,1,2,2,1,2,1,2,2,2,2,2,1,2,1,2,1,1,1,6.0,,,1.0,350,20,,3.0,,,,,,,,,,,,3.0,,,,,,,,,4.0,2.0,4.0,
438,4,4,5,4,5,3,5,5,4,4,,3.0,3.0,3.0,4.0,4.0,,,2.0,680,2.0,5.0,6.0,20,,2.0,,3.0,,,,,,,6,2,2,2,1,2,5,5,4,2,40.0,45.0,50.0,45.0,61.0,19.0,90.0,90.0,80.0,75.0,1,1,1,2,2,2,2,2,1,2,2,1,1,1,2,2,2,2,1,2,2,1,1,1,2,2,1,2,1,1,2,2,2,1,2,2,2,2,1,1,,1.0,37,,,,,,1.0,1.0,1.0,1.0,1.0,1.0,1.0,1.0,1.0,1.0,70.0,,,,,2.0,2.0,,,,,,,
439,1,2,1,2,3,1,1,3,5,4,30.0,,4.0,3.0,3.0,,,,1.0,1100,,,,20,,,,,,,,,,,6,1,3,6,1,7,5,5,1,1,20.0,23.0,21.0,34.0,50.0,35.0,50.0,50.0,70.0,66.0,2,2,1,1,1,1,1,1,1,2,1,1,2,1,1,1,1,2,1,1,1,1,1,1,1,1,2,1,1,1,1,2,1,2,1,1,1,1,1,1,5.0,1.0,50,,,,,6.0,1.0,1.0,1.0,1.0,2.0,1.0,1.0,2.0,1.0,1.0,,4.0,4.0,5.0,5.0,2.0,2.0,,,,,,,8.0
440,4,3,4,4,5,5,5,5,4,3,,,,,,,,,1.0,1500,1.0,4.0,5.0,18,2.0,2.0,,4.0,,,,,,,7,2,6,6,3,5,5,6,3,2,43.0,25.0,25.0,46.0,57.0,52.0,60.0,62.0,79.0,40.0,1,1,1,1,2,1,1,1,1,2,2,2,1,1,1,2,1,1,1,2,2,1,2,1,2,2,1,2,1,1,1,1,2,1,2,2,2,2,2,1,6.0,1.0,30,,,,,,1.0,1.0,1.0,2.0,1.0,1.0,1.0,2.0,1.0,1.0,70.0,4.0,,,,,2.0,4.0,4.0,3.0,,,,
441,2,2,2,4,4,2,4,4,4,4,29.0,,3.0,3.0,3.0,,2.0,54,1.0,1200,3.0,2.0,2.0,5,,,,,1.0,1.0,2.0,1.0,2.0,1.0,6,4,6,5,3,5,5,5,2,2,23.0,39.0,32.0,58.0,56.0,35.0,59.0,58.0,47.0,63.0,1,1,2,1,2,2,1,2,2,1,2,2,2,1,1,1,2,1,2,2,1,1,1,2,2,1,1,1,2,1,2,1,1,2,2,1,2,1,2,1,6.0,,,,,,10.0,5.0,,,,,,,,,,,,2.0,,,,2.0,2.0,,,,,,,
442,2,4,4,5,3,5,5,5,2,3,,,,,,6.0,,,,,1.0,4.0,5.0,3,2.0,1.0,1.0,,1.0,1.0,2.0,1.0,2.0,2.0,7,2,1,2,3,6,7,7,1,2,50.0,99.0,80.0,60.0,80.0,55.0,95.0,99.0,47.0,30.0,1,2,2,2,2,2,2,1,1,1,2,2,2,2,2,2,2,1,2,1,2,1,2,1,2,1,2,2,1,1,2,1,1,2,2,1,2,2,1,2,,1.0,22,1.0,100,,,5.0,,,,,,,,,,,99.0,5.0,,,,,,4.0,4.0,4.0,,,,
443,5,5,5,5,5,5,5,5,1,1,30.0,1.0,,,,,2.0,45,2.0,300,,,,,,,2.0,6.0,1.0,1.0,1.0,1.0,1.0,1.0,7,1,7,7,4,7,4,4,3,1,40.0,33.0,55.0,45.0,50.0,30.0,50.0,40.0,50.0,50.0,2,1,1,1,1,2,2,1,2,2,2,2,2,2,2,2,2,2,1,2,2,1,2,2,2,2,1,1,1,2,1,1,2,2,1,2,2,2,2,2,3.0,,,,,6,6.0,,,,,,,,,,,,,,5.0,5.0,6.0,1.0,,2.0,2.0,2.0,,,,
444,3,5,5,4,4,4,5,4,4,5,30.0,5.0,6.0,3.0,3.0,,,,,,,,,,,6.0,2.0,,1.0,2.0,2.0,1.0,2.0,2.0,7,2,2,7,1,7,7,7,4,2,32.0,91.0,56.0,89.0,63.0,3.0,100.0,73.0,71.0,43.0,1,1,1,1,2,1,1,1,1,1,1,1,1,1,1,1,1,1,1,1,1,1,2,1,1,1,1,1,1,1,2,1,2,1,1,1,1,1,1,1,3.0,1.0,54,1.0,379,15,,5.0,,,,,,,,,,,,,3.0,4.0,5.0,1.0,,,,,,,,
445,1,4,2,5,2,2,5,5,5,5,30.0,,3.0,2.0,5.0,,2.0,54,,,2.0,5.0,4.0,,,,,,1.0,1.0,1.0,2.0,1.0,1.0,7,1,5,6,1,6,6,7,1,1,53.0,61.0,45.0,88.0,68.0,35.0,92.0,56.0,86.0,70.0,1,2,1,1,2,1,1,1,1,2,1,1,1,2,1,1,2,2,1,1,1,1,1,1,1,1,1,1,1,1,2,2,1,1,1,2,1,1,1,1,6.0,,,1.0,100,1,,4.0,,,,,,,,,,,,1.0,,,,1.0,1.0,,,,,,,1.0
446,3,4,4,5,4,4,5,4,3,4,60.0,,4.0,4.0,4.0,,2.0,20,2.0,500,,,,20,,,1.0,6.0,,,,,,,6,2,4,5,5,6,5,5,3,1,40.0,40.0,40.0,45.0,45.0,50.0,75.0,50.0,50.0,50.0,1,2,1,1,1,1,1,1,2,2,2,2,1,1,2,2,1,2,2,2,1,2,2,1,1,1,2,1,2,1,2,1,1,2,1,2,2,1,1,1,3.0,,,,,,9.0,,1.0,1.0,1.0,1.0,1.0,1.0,1.0,1.0,1.0,1.0,,5.0,4.0,5.0,6.0,2.0,,,,,,,,
447,1,4,2,3,5,3,2,1,5,4,,,3.0,4.0,5.0,6.0,,,,,1.0,3.0,3.0,,2.0,,,4.0,1.0,1.0,2.0,1.0,1.0,2.0,5,1,4,4,2,5,5,5,2,1,10.0,60.0,40.0,70.0,80.0,50.0,40.0,50.0,60.0,80.0,2,1,1,2,2,2,2,2,2,1,2,1,2,2,1,2,2,2,1,1,1,2,2,1,1,2,2,2,1,1,2,2,2,2,1,2,2,1,2,2,,2.0,8,1.0,200,15,9.0,,,,,,,,,,,,70.0,3.0,,,,,2.0,,,,,,,
448,4,4,2,1,2,2,4,4,5,4,71.0,,,,,,2.0,50,2.0,450,,,,15,1.0,,2.0,3.0,,,,,,,5,4,4,5,5,6,6,6,1,1,57.0,54.0,40.0,6.0,43.0,52.0,77.0,70.0,85.0,47.0,2,1,2,1,1,1,1,1,2,2,1,1,2,2,2,1,2,1,2,2,1,2,2,2,1,1,1,1,1,2,2,2,2,2,2,2,1,2,2,1,3.0,,,,,,,,2.0,1.0,1.0,1.0,2.0,1.0,1.0,2.0,1.0,1.0,,4.0,,,,,,3.0,4.0,1.0,5.0,4.0,3.0,1.0
449,4,3,4,4,5,4,5,5,2,1,,,,,,4.0,2.0,32,,,1.0,2.0,3.0,20,,,1.0,,1.0,1.0,1.0,1.0,1.0,1.0,5,2,2,2,5,5,5,5,3,1,20.0,20.0,17.0,36.0,48.0,58.0,17.0,42.0,75.0,50.0,2,2,2,2,1,2,2,2,1,2,2,2,2,2,2,2,1,2,1,2,1,2,2,2,2,2,1,2,2,2,2,2,2,1,2,1,2,2,1,1,,,,1.0,150,,,4.0,,,,,,,,,,,70.0,2.0,,,,1.0,,3.0,3.0,3.0,,,,3.0
450,5,5,5,5,5,5,5,5,2,4,30.0,4.0,,,,,2.0,55,,,,,,,,,1.0,4.0,,,,,,,7,1,4,1,1,7,7,7,2,1,49.0,45.0,50.0,50.0,66.0,35.0,70.0,55.0,45.0,53.0,2,1,2,2,1,1,2,2,2,2,2,2,2,2,1,1,1,1,2,2,2,2,2,2,1,1,2,1,2,1,1,2,2,2,1,1,2,1,2,2,3.0,,,1.0,350,10,,,1.0,1.0,1.0,1.0,1.0,1.0,1.0,2.0,2.0,2.0,,,,,,1.0,,5.0,5.0,5.0,1.0,4.0,4.0,3.0
451,2,4,1,5,5,5,5,5,2,1,,4.0,,,,7.0,,,,,,,,15,,,1.0,6.0,,,,,,,7,3,6,5,3,5,7,7,3,1,60.0,70.0,52.0,75.0,80.0,71.0,74.0,73.0,55.0,64.0,2,2,2,2,2,2,2,2,2,1,2,2,1,2,2,2,1,1,2,2,2,1,2,2,1,2,1,2,1,2,2,1,2,1,1,2,2,2,2,2,,1.0,15,1.0,400,,9.0,,1.0,1.0,1.0,2.0,1.0,1.0,2.0,1.0,2.0,1.0,85.0,,5.0,5.0,4.0,1.0,,3.0,5.0,4.0,,,,
452,4,4,4,2,2,4,2,3,4,4,,,6.0,5.0,4.0,6.0,,,,,,,,15,2.0,,,,,,,,,,7,3,5,5,5,6,7,7,4,2,60.0,70.0,100.0,60.0,60.0,55.0,80.0,60.0,40.0,45.0,1,1,1,1,2,1,1,1,1,1,1,1,1,2,1,1,1,1,1,1,1,1,1,2,2,1,1,2,1,1,1,1,1,1,1,1,1,1,2,1,,1.0,54,1.0,380,,9.0,6.0,1.0,1.0,1.0,1.0,1.0,1.0,1.0,1.0,1.0,1.0,80.0,1.0,5.0,5.0,6.0,,2.0,,,,,,,
453,2,3,3,2,4,2,4,4,5,3,26.0,4.0,,,,4.0,,,,,1.0,5.0,6.0,,,3.0,,2.0,1.0,1.0,2.0,1.0,1.0,1.0,6,1,3,3,2,7,7,6,1,1,28.0,47.0,58.0,24.0,60.0,15.0,88.0,76.0,85.0,75.0,1,2,2,2,2,1,2,2,1,2,1,1,1,1,2,1,1,1,1,1,1,2,2,2,2,2,1,1,1,2,2,2,1,1,1,2,1,2,2,1,,1.0,54,2.0,80,5,,,,,,,,,,,,,,,,,,1.0,2.0,4.0,5.0,2.0,,,,
454,3,3,4,4,4,4,4,3,4,3,,,3.0,3.0,3.0,5.0,2.0,60,,,3.0,3.0,2.0,,,2.0,2.0,,1.0,1.0,1.0,1.0,1.0,1.0,7,4,5,6,2,5,4,3,2,1,47.0,29.0,40.0,37.0,55.0,60.0,74.0,50.0,44.0,41.0,1,2,2,2,2,2,2,1,2,1,1,2,1,2,2,1,1,2,2,2,2,2,1,2,1,2,2,1,2,2,2,1,2,2,2,2,2,2,1,2,,,,1.0,110,18,,4.0,,,,,,,,,,,76.0,3.0,,,,2.0,,,,,,,,
455,3,4,3,5,4,1,3,5,3,4,,,3.0,2.0,2.0,5.0,,,,,,,,2,2.0,2.0,1.0,4.0,,,,,,,2,1,3,4,1,6,4,3,3,1,64.0,34.0,49.0,91.0,79.0,4.0,61.0,95.0,85.0,63.0,1,2,2,2,2,1,1,2,1,1,2,1,2,2,1,2,2,1,2,2,1,2,2,1,2,1,2,2,1,2,2,2,2,1,2,2,2,2,2,1,,2.0,6,1.0,100,,,,1.0,1.0,2.0,1.0,2.0,2.0,1.0,1.0,1.0,1.0,49.0,4.0,2.0,2.0,3.0,,,,,,,,,
456,2,2,3,2,4,4,4,5,2,4,30.0,2.0,3.0,2.0,2.0,6.0,,,1.0,1200,2.0,4.0,4.0,18,1.0,3.0,,,1.0,1.0,2.0,1.0,2.0,1.0,3,3,5,5,2,3,6,6,4,2,50.0,60.0,27.0,34.0,66.0,49.0,70.0,95.0,51.0,86.0,2,2,1,2,2,1,1,2,1,2,2,2,1,2,2,1,1,2,2,1,2,2,2,2,2,1,2,2,1,2,1,2,2,2,1,1,2,1,2,1,,1.0,30,,,,,4.0,,,,,,,,,,,,,,,,,1.0,,,,,,,
457,2,3,1,1,5,2,3,1,5,5,,5.0,,,,,,,2.0,350,,,,10,,,2.0,6.0,,,,,,,6,1,4,4,4,6,6,6,3,1,45.0,50.0,10.0,25.0,50.0,25.0,50.0,25.0,80.0,100.0,2,1,2,2,2,1,2,2,2,2,2,1,1,1,1,2,2,1,1,2,1,2,2,2,2,1,1,2,2,1,1,1,2,2,2,2,1,1,2,2,4.0,1.0,50,,,,10.0,,1.0,1.0,1.0,1.0,1.0,1.0,1.0,1.0,1.0,1.0,70.0,,,,,1.0,,2.0,3.0,3.0,4.0,5.0,6.0,
458,3,5,5,5,4,3,3,4,3,4,38.0,,2.0,3.0,2.0,6.0,2.0,45,,,,,,5,,,1.0,,,,,,,,5,4,2,3,4,5,7,6,3,1,59.0,69.0,78.0,61.0,77.0,44.0,50.0,78.0,58.0,77.0,2,1,1,2,1,1,1,2,1,1,1,1,1,2,2,1,2,2,2,1,2,1,1,1,1,2,1,2,1,2,2,2,1,1,2,1,1,1,2,1,,,,1.0,124,,,4.0,1.0,2.0,1.0,1.0,1.0,2.0,1.0,1.0,1.0,2.0,,4.0,2.0,5.0,5.0,1.0,,,,,,,,3.0
459,5,5,5,5,5,5,5,5,2,3,30.0,,,,,,,,,,,,,15,,,,3.0,,,,,,,7,2,3,4,5,6,5,5,3,2,58.0,51.0,60.0,52.0,56.0,57.0,59.0,63.0,56.0,66.0,2,2,2,1,2,2,2,2,2,1,2,2,2,1,2,1,2,2,1,1,1,2,2,2,1,2,1,2,1,2,2,1,1,2,2,2,2,2,1,1,4.0,1.0,34,1.0,245,,10.0,,1.0,1.0,1.0,1.0,1.0,1.0,1.0,1.0,1.0,1.0,,3.0,3.0,5.0,4.0,2.0,1.0,4.0,4.0,2.0,,,,
460,4,3,4,4,3,2,4,4,4,3,,,,,,,2.0,60,,,,,,,,,,,,,,,,,5,2,4,3,3,6,4,3,3,1,43.0,20.0,34.0,57.0,44.0,11.0,66.0,70.0,90.0,47.0,1,2,2,1,2,1,2,2,1,2,1,1,2,1,1,1,1,1,2,1,2,2,2,2,2,2,1,2,1,2,1,1,2,2,1,1,2,2,2,1,5.0,,,1.0,150,14,,4.0,1.0,1.0,2.0,1.0,1.0,2.0,1.0,2.0,1.0,1.0,70.0,3.0,,,,2.0,1.0,2.0,4.0,1.0,4.0,2.0,4.0,4.0
461,5,4,5,5,4,4,5,1,3,5,,,,,,6.0,,,2.0,350,4.0,5.0,3.0,,,3.0,2.0,,1.0,1.0,1.0,1.0,2.0,1.0,7,1,3,5,1,5,7,5,1,1,97.0,82.0,91.0,96.0,72.0,60.0,81.0,2.0,39.0,74.0,2,1,1,1,1,1,1,2,1,1,2,1,2,2,1,2,1,1,1,1,1,2,1,2,1,2,1,1,1,2,2,2,1,1,1,1,2,1,1,1,,1.0,54,,,15,,5.0,,,,,,,,,,,95.0,1.0,,,,2.0,,6.0,2.0,1.0,,,,
462,2,3,2,3,3,4,4,3,5,4,,,2.0,3.0,4.0,6.0,,,,,,,,,2.0,,2.0,,,,,,,,7,1,4,6,2,3,6,6,2,2,31.0,50.0,26.0,50.0,81.0,51.0,50.0,68.0,66.0,50.0,2,1,2,1,2,1,2,1,1,2,1,1,1,2,1,2,1,1,2,1,1,1,1,2,2,1,1,1,2,1,1,1,2,2,1,1,2,2,1,2,,1.0,200,1.0,220,10,,3.0,1.0,1.0,1.0,2.0,1.0,1.0,2.0,1.0,1.0,1.0,70.0,5.0,,,,,,,,,3.0,5.0,6.0,3.0
463,4,5,5,5,4,5,5,5,1,2,30.0,,4.0,4.0,4.0,5.0,2.0,55,,,,,,,,,,6.0,1.0,1.0,1.0,1.0,1.0,1.0,7,1,3,3,3,6,5,5,4,1,60.0,50.0,45.0,40.0,40.0,45.0,45.0,45.0,45.0,35.0,1,2,2,2,1,1,1,2,2,2,1,1,1,2,2,1,1,2,2,1,1,2,2,2,1,1,2,1,1,2,2,1,2,1,2,1,1,1,1,1,,,,1.0,400,5,8.0,,,,,,,,,,,,,3.0,,,,1.0,2.0,,,,4.0,5.0,6.0,
464,5,4,5,5,3,5,4,5,1,3,,,3.0,5.0,3.0,6.0,,,1.0,1200,,,,,,,,,1.0,2.0,1.0,2.0,1.0,2.0,6,1,5,6,5,5,2,3,3,1,63.0,41.0,60.0,76.0,36.0,52.0,35.0,54.0,20.0,45.0,1,2,1,2,1,2,1,1,2,1,1,2,1,2,1,2,2,2,2,1,1,1,2,1,1,2,1,1,2,2,1,2,1,1,2,2,1,2,1,2,,2.0,4,,,17,5.0,5.0,,,,,,,,,,,70.0,3.0,,,,1.0,1.0,,,,2.0,5.0,6.0,
465,3,4,4,5,4,3,2,3,4,4,54.0,,,,,5.0,,,1.0,400,3.0,4.0,4.0,4,,,,4.0,1.0,2.0,2.0,2.0,2.0,2.0,4,5,5,6,6,5,6,7,3,2,15.0,15.0,24.0,23.0,24.0,30.0,46.0,30.0,27.0,43.0,1,2,1,1,1,2,1,1,1,1,1,1,1,1,1,1,1,1,1,1,1,1,1,1,1,2,2,2,1,1,1,1,1,1,1,1,1,1,1,1,,1.0,6,,,,,,,,,,,,,,,,,4.0,,,,2.0,1.0,3.0,4.0,3.0,,,,2.0
466,5,5,5,5,5,5,5,5,1,1,,,,,,,,,,,,,,18,1.0,,2.0,,,,,,,,7,2,6,6,5,5,7,6,3,1,50.0,50.0,50.0,35.0,45.0,40.0,50.0,30.0,55.0,55.0,1,2,2,2,2,1,2,2,1,2,2,1,2,2,2,1,2,1,1,2,1,2,2,2,2,2,2,1,2,2,2,2,2,2,1,2,1,2,2,1,6.0,1.0,20,1.0,250,,5.0,4.0,1.0,1.0,1.0,1.0,1.0,1.0,1.0,1.0,1.0,1.0,70.0,3.0,5.0,4.0,2.0,,,2.0,1.0,2.0,,,,
467,3,3,4,4,4,4,5,5,4,3,,,,,,,2.0,48,2.0,850,,,,,2.0,,,5.0,1.0,1.0,2.0,1.0,1.0,2.0,4,2,4,4,4,5,5,5,3,1,50.0,50.0,75.0,80.0,50.0,50.0,100.0,70.0,70.0,70.0,2,2,2,2,2,1,2,2,2,2,1,2,2,2,2,2,1,2,2,1,1,2,1,2,2,2,2,2,2,2,1,2,2,2,2,2,1,2,2,2,5.0,,,,,15,,,,,,,,,,,,,50.0,3.0,1.0,5.0,4.0,,1.0,3.0,3.0,3.0,,,,3.0
468,2,2,3,3,3,4,4,3,4,3,,3.0,,,,6.0,,,,,,,,15,2.0,,1.0,,,,,,,,6,2,3,3,3,5,5,5,2,2,50.0,20.0,64.0,45.0,75.0,63.0,90.0,30.0,75.0,51.0,2,2,2,1,1,2,2,2,1,1,1,1,1,2,1,1,1,1,2,2,1,1,2,1,2,1,1,2,1,1,1,1,1,2,1,2,1,2,1,1,,1.0,50,1.0,200,,,3.0,1.0,1.0,1.0,2.0,1.0,1.0,1.0,2.0,1.0,1.0,90.0,,,,,,,3.0,3.0,2.0,2.0,4.0,5.0,3.0
469,4,3,4,4,3,2,5,2,5,3,,,,,,6.0,1.0,54,,,2.0,5.0,6.0,0,,,2.0,,,,,,,,6,4,6,6,5,6,6,6,1,1,65.0,80.0,82.0,40.0,51.0,21.0,98.0,53.0,52.0,31.0,1,1,2,1,1,1,1,1,2,2,1,1,2,2,1,2,1,2,2,1,2,2,2,2,1,1,1,2,2,2,2,2,1,2,1,2,1,1,2,1,,,,1.0,380,,10.0,4.0,1.0,1.0,2.0,1.0,1.0,1.0,2.0,1.0,1.0,1.0,80.0,1.0,,,,2.0,,5.0,3.0,1.0,,,,
470,2,4,3,3,4,4,3,4,2,1,30.0,4.0,3.0,4.0,3.0,,,,1.0,1800,2.0,1.0,2.0,10,2.0,1.0,2.0,,,,,,,,6,4,6,5,3,6,4,7,1,1,40.0,30.0,25.0,60.0,39.0,30.0,50.0,50.0,60.0,20.0,2,2,1,2,1,1,2,2,1,2,1,1,2,1,1,2,2,2,2,2,2,2,2,2,1,2,2,2,2,2,2,1,1,2,2,2,2,2,2,1,3.0,1.0,17,,,,,4.0,2.0,2.0,2.0,1.0,1.0,2.0,2.0,2.0,1.0,1.0,,,,,,,,,,,,,,
471,3,3,4,4,4,4,5,4,1,4,,,,,,,,,,,2.0,4.0,2.0,,1.0,4.0,1.0,,,,,,,,7,1,7,5,1,6,7,5,2,1,50.0,50.0,50.0,50.0,50.0,50.0,50.0,50.0,50.0,50.0,2,2,1,2,2,2,1,1,2,2,1,2,2,2,2,1,1,2,1,1,2,1,1,1,1,1,2,2,1,2,1,2,1,2,2,1,1,2,2,1,5.0,1.0,54,1.0,380,0,,2.0,1.0,1.0,1.0,1.0,1.0,1.0,1.0,1.0,1.0,1.0,70.0,4.0,,,,,,3.0,3.0,3.0,,,,
472,2,4,1,2,4,2,4,2,4,3,70.0,,3.0,3.0,3.0,,,,2.0,350,,,,12,,,,,1.0,1.0,1.0,1.0,1.0,1.0,7,2,6,6,5,7,5,5,1,1,25.0,40.0,10.0,10.0,60.0,10.0,75.0,60.0,75.0,25.0,1,2,2,2,2,2,1,2,1,2,1,2,2,2,2,1,1,2,2,1,2,2,2,1,2,2,2,2,2,2,1,2,1,2,2,2,1,2,2,1,6.0,1.0,55,,,,10.0,4.0,,,,,,,,,,,,3.0,4.0,4.0,5.0,1.0,2.0,,,,,,,
473,5,5,5,5,4,5,5,5,1,1,30.0,5.0,2.0,3.0,4.0,,,,,,,,,,2.0,,,5.0,,,,,,,6,3,4,3,5,5,5,5,2,1,61.0,61.0,62.0,71.0,40.0,30.0,80.0,81.0,62.0,25.0,2,2,1,1,1,1,2,1,2,1,2,2,1,1,2,1,2,2,2,2,2,1,1,1,1,2,1,1,1,1,1,1,2,1,1,2,2,1,2,1,6.0,1.0,21,1.0,115,10,,,1.0,1.0,1.0,1.0,1.0,1.0,1.0,1.0,1.0,1.0,,,,,,,2.0,,,,5.0,5.0,6.0,4.0
474,5,5,5,5,5,5,5,5,3,5,30.0,,,,,6.0,,,2.0,750,,,,,2.0,,2.0,5.0,1.0,1.0,2.0,1.0,2.0,1.0,7,4,5,5,5,7,6,3,3,1,76.0,30.0,20.0,45.0,55.0,10.0,70.0,85.0,75.0,60.0,2,2,2,2,2,1,2,1,1,2,1,2,1,2,2,1,2,2,2,1,2,2,2,2,2,2,2,1,1,1,1,2,1,1,1,1,2,2,2,1,,1.0,50,,,20,,,,,,,,,,,,,,2.0,5.0,5.0,6.0,,,4.0,4.0,2.0,,,,4.0
475,5,4,5,5,4,3,4,5,3,4,30.0,,,,,6.0,2.0,30,2.0,100,4.0,2.0,2.0,,,,,4.0,1.0,1.0,1.0,1.0,1.0,1.0,6,2,3,4,2,6,5,5,4,1,62.0,30.0,52.0,53.0,42.0,41.0,54.0,70.0,36.0,59.0,2,2,2,2,2,2,1,2,2,2,2,2,2,2,1,2,1,2,2,1,1,2,2,2,2,2,2,2,1,1,1,2,2,2,1,1,2,1,2,2,,,,,,15,,,,,,,,,,,,,,2.0,,,,1.0,2.0,3.0,2.0,3.0,,,,3.0
476,3,2,1,4,5,1,5,5,5,3,,1.0,,,,,2.0,50,2.0,300,,,,19,,,1.0,,1.0,1.0,1.0,1.0,1.0,1.0,5,2,6,6,3,6,5,6,4,1,44.0,24.0,10.0,40.0,50.0,42.0,55.0,51.0,55.0,50.0,1,2,2,1,2,2,1,2,2,1,2,1,2,2,2,2,1,1,2,2,2,2,1,2,2,2,2,2,2,2,2,2,2,1,1,2,2,1,2,1,6.0,,,,,,,3.0,,,,,,,,,,,70.0,,4.0,4.0,2.0,1.0,,4.0,2.0,4.0,,,,2.0
477,1,2,1,1,1,1,4,1,5,2,49.0,1.0,,,,,1.0,110,1.0,1200,,,,,2.0,,2.0,,1.0,1.0,1.0,1.0,1.0,1.0,6,2,5,5,5,6,6,6,1,1,53.0,57.0,53.0,56.0,59.0,51.0,65.0,61.0,42.0,53.0,1,1,1,1,1,1,1,2,1,1,1,1,1,1,1,2,1,1,1,1,1,2,2,1,1,2,1,1,1,1,1,1,1,2,1,1,2,1,2,1,6.0,,,,,15,,1.0,,,,,,,,,,,,,1.0,2.0,2.0,,,4.0,2.0,3.0,,,,1.0
478,4,4,4,4,4,4,4,4,2,2,30.0,3.0,2.0,4.0,5.0,,,,,,,,,,,,,,,,,,,,5,3,5,5,3,5,6,6,4,1,60.0,70.0,80.0,60.0,70.0,70.0,80.0,70.0,50.0,50.0,1,1,1,2,1,1,1,1,2,2,1,2,1,1,1,1,2,2,1,2,2,2,1,2,2,2,1,1,2,1,1,1,1,1,2,1,1,2,1,2,6.0,1.0,54,1.0,380,15,10.0,5.0,1.0,1.0,1.0,1.0,1.0,1.0,1.0,1.0,1.0,1.0,,,,,,1.0,2.0,,,,4.0,5.0,6.0,
479,3,3,3,3,3,3,3,3,3,3,,4.0,,,,4.0,2.0,54,,,,,,,1.0,,,,,,,,,,4,4,4,4,4,4,4,4,2,1,50.0,50.0,50.0,50.0,50.0,50.0,50.0,50.0,50.0,50.0,2,2,2,1,1,2,1,2,1,2,1,2,1,2,2,1,2,2,1,2,2,2,2,2,2,1,1,1,2,1,1,2,1,1,2,2,1,2,2,1,,,,1.0,379,10,3.0,5.0,1.0,1.0,1.0,1.0,1.0,1.0,1.0,2.0,2.0,2.0,70.0,,,,,,2.0,3.0,2.0,4.0,3.0,3.0,4.0,
480,1,4,2,4,4,4,5,4,4,5,,,2.0,2.0,4.0,7.0,,,,,2.0,4.0,3.0,,,2.0,,4.0,1.0,1.0,1.0,2.0,1.0,1.0,6,1,3,1,3,5,6,7,1,1,41.0,50.0,30.0,74.0,73.0,50.0,74.0,61.0,40.0,80.0,1,2,2,2,2,2,1,2,1,1,2,2,1,2,2,1,1,1,1,1,2,2,2,1,2,2,2,2,2,1,1,2,2,1,1,1,2,2,1,1,,2.0,5,1.0,300,15,,,,,,,,,,,,,15.0,3.0,,,,1.0,2.0,,,,,,,
481,2,4,3,2,4,4,4,4,3,3,,,,,,,1.0,70,1.0,1492,2.0,4.0,3.0,15,,4.0,,,1.0,1.0,2.0,1.0,2.0,1.0,6,1,2,2,5,5,7,7,2,2,63.0,22.0,68.0,69.0,56.0,33.0,53.0,13.0,82.0,40.0,1,1,2,2,1,2,1,2,1,2,1,1,2,1,1,2,2,2,2,1,1,2,2,2,2,1,1,1,2,2,1,2,2,2,1,2,1,2,2,2,3.0,,,,,,,5.0,,,,,,,,,,,70.0,3.0,,,,2.0,1.0,2.0,3.0,3.0,,,,
482,4,3,4,3,4,4,3,4,3,4,74.0,,5.0,4.0,5.0,6.0,2.0,8,,,,,,,1.0,,2.0,,,,,,,,6,5,4,5,5,5,4,5,3,1,60.0,51.0,40.0,61.0,36.0,64.0,74.0,42.0,39.0,32.0,1,1,1,1,1,1,2,2,2,1,2,1,2,1,1,1,1,1,2,2,1,1,2,1,1,2,2,2,2,2,1,1,2,2,1,2,1,2,2,1,,,,1.0,105,14,,2.0,1.0,1.0,1.0,2.0,2.0,1.0,2.0,1.0,1.0,2.0,,2.0,1.0,4.0,5.0,,,,,,,,,4.0
483,2,1,2,2,4,2,4,2,4,4,90.0,2.0,5.0,5.0,6.0,,1.0,70,,,,,,,2.0,,,5.0,1.0,1.0,1.0,1.0,1.0,1.0,7,2,5,6,2,6,5,5,2,1,40.0,40.0,30.0,52.0,75.0,40.0,80.0,60.0,75.0,91.0,1,2,2,1,2,1,1,1,1,1,2,1,2,1,2,1,1,2,1,2,1,2,1,1,1,2,1,1,2,1,2,2,1,1,2,1,2,2,1,2,6.0,,,1.0,150,0,,,,,,,,,,,,,,,2.0,4.0,5.0,,1.0,,,,,,,3.0
484,4,3,3,4,3,5,5,5,1,5,30.0,,5.0,3.0,3.0,7.0,1.0,150,,,,,,5,2.0,,,4.0,1.0,1.0,1.0,1.0,1.0,1.0,7,2,3,3,2,7,7,5,1,1,43.0,28.0,45.0,31.0,49.0,60.0,45.0,65.0,25.0,62.0,2,1,2,2,1,2,2,1,2,2,1,2,2,2,1,1,1,1,2,2,1,2,2,2,2,2,2,2,2,1,1,2,1,2,2,2,2,2,2,1,,,,1.0,350,,4.0,,,,,,,,,,,,,4.0,1.0,5.0,6.0,,2.0,,,,,,,
485,5,3,5,5,5,5,5,5,1,3,,,2.0,2.0,2.0,,2.0,55,2.0,380,1.0,3.0,6.0,20,,,1.0,6.0,,,,,,,7,4,6,5,2,6,5,6,4,1,71.0,50.0,75.0,75.0,75.0,70.0,70.0,70.0,55.0,50.0,2,1,1,2,2,2,2,2,2,1,2,2,1,1,2,2,1,1,2,2,2,2,2,1,1,2,1,2,1,1,2,2,2,2,2,2,2,2,2,2,6.0,,,,,,8.0,,1.0,1.0,1.0,1.0,1.0,1.0,1.0,1.0,1.0,1.0,70.0,5.0,,,,1.0,,,,,,,,
486,2,4,4,5,4,4,4,4,1,3,,5.0,3.0,4.0,2.0,5.0,,,2.0,400,1.0,5.0,6.0,,,3.0,1.0,6.0,1.0,1.0,1.0,1.0,1.0,1.0,6,2,5,3,3,6,6,5,3,2,65.0,60.0,65.0,45.0,55.0,60.0,75.0,65.0,45.0,50.0,2,1,1,1,1,1,1,1,1,1,2,1,1,1,2,2,1,2,2,2,2,1,1,1,2,1,1,1,1,2,1,2,1,1,2,2,1,2,2,1,,1.0,50,,,15,,,,,,,,,,,,,70.0,,,,,1.0,,,,,,,,
487,2,4,4,4,4,1,5,4,4,4,57.0,,,,,,2.0,53,2.0,750,,,,,1.0,,,3.0,1.0,1.0,1.0,2.0,1.0,2.0,5,2,2,4,5,7,5,5,3,1,7.0,41.0,45.0,38.0,71.0,14.0,87.0,55.0,48.0,56.0,2,1,2,2,2,1,1,2,2,1,1,2,2,1,2,2,1,1,2,2,1,2,2,1,2,2,2,1,1,1,1,2,2,2,2,2,2,2,2,2,2.0,,,,,10,,,,,,,,,,,,,,5.0,,,,,1.0,3.0,2.0,1.0,2.0,3.0,4.0,2.0
488,2,2,4,3,4,2,2,4,5,4,,,,,,,2.0,50,,,,,,,,,,,1.0,2.0,1.0,1.0,2.0,1.0,2,1,2,2,2,5,6,5,1,2,35.0,25.0,47.0,40.0,80.0,32.0,81.0,83.0,86.0,68.0,2,1,2,2,2,2,2,2,1,2,1,2,2,2,2,1,1,2,1,2,1,1,2,2,2,2,2,1,1,2,1,2,2,2,2,1,2,2,2,1,3.0,,,1.0,200,10,,6.0,,,,,,,,,,,80.0,4.0,,,,1.0,2.0,3.0,3.0,3.0,3.0,4.0,3.0,1.0
489,1,5,1,5,5,5,5,5,1,5,,4.0,4.0,2.0,3.0,6.0,,,1.0,1600,,,,,2.0,,2.0,6.0,,,,,,,7,4,3,3,2,5,7,7,2,2,31.0,11.0,41.0,68.0,49.0,35.0,54.0,81.0,64.0,80.0,1,2,1,2,2,2,1,2,2,2,1,2,2,2,2,1,2,2,2,2,2,2,2,2,2,2,2,2,2,2,2,2,2,1,2,2,2,2,1,1,,2.0,4,,,0,,,1.0,1.0,2.0,1.0,1.0,1.0,2.0,1.0,2.0,2.0,74.0,,,,,,,,,,4.0,5.0,3.0,2.0
490,4,4,3,4,4,3,4,3,5,4,,,,,,7.0,2.0,50,2.0,700,1.0,5.0,5.0,15,2.0,,1.0,,,,,,,,6,2,3,5,5,7,6,6,3,1,40.0,30.0,25.0,45.0,60.0,40.0,55.0,75.0,70.0,45.0,1,1,1,2,2,2,2,2,1,1,1,2,1,2,1,2,2,1,1,1,1,2,1,1,1,1,1,2,1,2,1,2,1,2,2,2,1,2,1,2,,,,,,,4.0,4.0,1.0,1.0,1.0,1.0,1.0,1.0,1.0,2.0,2.0,2.0,85.0,2.0,,,,,,4.0,5.0,3.0,,,,
491,4,4,4,4,2,5,5,5,3,5,,2.0,,,,6.0,2.0,50,,,4.0,3.0,2.0,15,2.0,,,,1.0,1.0,1.0,1.0,2.0,2.0,7,2,6,5,1,7,7,7,3,1,49.0,42.0,66.0,72.0,34.0,77.0,70.0,80.0,46.0,29.0,1,1,1,2,2,1,2,1,1,1,1,2,1,2,1,2,2,1,1,2,2,1,1,1,1,2,1,1,2,1,1,2,1,2,1,1,1,1,1,1,,,,1.0,115,,5.0,3.0,,,,,,,,,,,64.0,,,,,,1.0,6.0,6.0,6.0,,,,
492,2,3,3,4,3,5,5,5,4,4,,3.0,,,,5.0,2.0,50,,,3.0,4.0,4.0,,,,1.0,4.0,1.0,1.0,1.0,1.0,1.0,2.0,3,1,5,3,2,3,3,3,2,2,30.0,30.0,30.0,50.0,50.0,30.0,60.0,70.0,80.0,80.0,2,1,1,1,2,2,2,2,2,1,2,2,1,2,1,2,1,2,1,2,1,2,2,2,2,1,1,1,1,1,2,2,1,1,2,2,1,1,2,2,,,,1.0,90,15,,,,,,,,,,,,,50.0,,,,,1.0,,3.0,1.0,3.0,,,,2.0
493,5,5,5,5,3,5,5,5,1,1,,,5.0,5.0,3.0,,2.0,53,,,,,,20,2.0,1.0,,4.0,1.0,1.0,1.0,1.0,1.0,1.0,7,2,5,5,3,5,5,5,3,1,64.0,56.0,52.0,74.0,43.0,63.0,89.0,96.0,55.0,12.0,2,2,2,1,1,2,2,2,2,2,1,2,2,2,1,2,1,2,2,2,1,1,2,2,1,1,1,1,1,2,1,2,2,1,1,1,2,2,1,1,6.0,,,1.0,136,,,,,,,,,,,,,,70.0,1.0,4.0,5.0,4.0,,2.0,,,,,,,
494,4,4,4,5,5,5,3,5,3,5,3.0,2.0,,,,6.0,,,2.0,500,,,,,2.0,1.0,1.0,6.0,,,,,,,7,2,2,3,2,5,6,6,1,2,75.0,50.0,45.0,60.0,70.0,40.0,20.0,85.0,50.0,75.0,2,1,2,1,2,2,2,2,2,2,2,2,2,1,2,2,2,1,2,1,2,1,2,1,1,2,2,1,2,2,2,2,1,1,2,1,1,1,1,2,,1.0,63,,,0,,,1.0,1.0,2.0,1.0,1.0,2.0,1.0,1.0,2.0,1.0,,,1.0,5.0,6.0,,,3.0,3.0,3.0,,,,
495,4,4,5,4,4,4,5,5,4,5,,,3.0,4.0,2.0,7.0,2.0,50,,,,,,5,1.0,,,,1.0,1.0,1.0,2.0,2.0,1.0,6,1,5,5,2,3,6,5,2,1,75.0,60.0,80.0,70.0,85.0,60.0,95.0,85.0,85.0,95.0,1,2,2,1,2,2,2,2,2,2,2,2,1,2,2,2,2,2,2,1,2,1,2,2,2,2,2,1,2,2,2,1,1,2,2,2,2,1,2,2,,,,2.0,78,,,4.0,,,,,,,,,,,50.0,2.0,,,,,2.0,,,,4.0,4.0,3.0,10.0
496,1,3,1,3,2,1,5,2,5,5,49.0,6.0,,,,4.0,,,,,3.0,5.0,6.0,9,1.0,,1.0,,1.0,2.0,1.0,2.0,1.0,2.0,7,7,7,7,1,2,2,3,3,1,11.0,32.0,18.0,8.0,12.0,16.0,17.0,16.0,14.0,29.0,1,2,1,1,1,1,1,1,1,1,1,1,1,1,1,1,1,1,1,1,1,1,1,1,1,1,1,1,1,1,1,1,1,1,1,1,1,1,1,1,,1.0,13,1.0,40,,9.0,4.0,,,,,,,,,,,,,,,,,,1.0,1.0,1.0,,,,
497,5,4,5,4,4,4,4,4,4,4,80.0,2.0,2.0,2.0,1.0,2.0,,,2.0,380,,,,,,4.0,,6.0,1.0,1.0,2.0,1.0,1.0,2.0,6,2,2,2,2,6,6,6,3,2,66.0,70.0,95.0,100.0,100.0,66.0,70.0,24.0,34.0,87.0,1,1,1,1,1,1,1,1,1,1,2,1,1,2,1,2,2,2,1,2,2,2,1,1,1,2,1,1,2,1,2,1,2,1,1,1,1,1,1,1,,1.0,14,,,10,,,,,,,,,,,,,,,5.0,5.0,5.0,1.0,1.0,,,,,,,
498,2,4,2,4,4,4,3,2,3,5,80.0,,,,,6.0,,,2.0,600,,,,,,,1.0,4.0,,,,,,,6,2,4,6,2,5,6,6,3,2,10.0,25.0,10.0,35.0,70.0,15.0,25.0,50.0,60.0,90.0,2,1,1,2,2,2,2,1,1,1,1,1,1,1,2,1,1,2,2,1,1,1,1,1,1,2,1,1,1,2,1,1,2,1,2,1,2,1,2,1,,2.0,6,,,10,4.0,,1.0,1.0,2.0,1.0,1.0,2.0,1.0,1.0,2.0,1.0,,2.0,2.0,5.0,6.0,1.0,,4.0,2.0,2.0,,,,
499,5,5,5,5,2,5,5,5,1,1,,3.0,,,,,,,,,3.0,5.0,4.0,,,,1.0,6.0,1.0,1.0,2.0,1.0,1.0,2.0,7,5,6,6,2,5,5,5,4,1,40.0,35.0,50.0,40.0,30.0,40.0,40.0,60.0,40.0,30.0,2,2,2,2,1,2,2,2,2,2,2,2,1,2,2,2,1,2,2,2,2,1,2,2,2,2,2,2,1,2,2,2,2,2,2,1,2,1,2,2,6.0,1.0,25,1.0,300,5,,,,,,,,,,,,,70.0,,,,,1.0,,3.0,3.0,3.0,,,,3.0
500,5,5,5,5,5,5,5,5,1,3,,,,,,,2.0,50,,,,,,5,2.0,,,,1.0,1.0,1.0,1.0,2.0,2.0,7,4,2,2,5,5,6,6,2,2,51.0,51.0,51.0,50.0,50.0,50.0,55.0,50.0,34.0,50.0,1,2,2,1,2,2,2,2,2,2,2,2,2,2,2,2,1,1,2,2,2,2,2,2,2,1,2,2,2,2,2,2,2,2,2,2,2,2,2,2,6.0,,,1.0,300,,,6.0,,,,,,,,,,,70.0,6.0,3.0,4.0,4.0,,1.0,3.0,3.0,2.0,,,,3.0
501,4,4,5,5,3,5,5,4,3,2,,,,,,5.0,,,,,2.0,5.0,5.0,5,,,2.0,,1.0,1.0,1.0,1.0,2.0,2.0,7,1,5,2,3,5,2,6,3,1,45.0,65.0,55.0,70.0,45.0,85.0,100.0,80.0,45.0,25.0,1,2,1,1,1,1,1,1,2,1,1,2,1,1,2,2,1,1,1,1,2,2,2,1,2,2,1,1,1,1,1,1,2,1,2,1,1,2,1,1,,1.0,35,1.0,150,,8.0,6.0,,,,,,,,,,,85.0,2.0,,,,1.0,,4.0,4.0,3.0,,,,
502,4,3,4,5,5,4,3,5,2,5,,4.0,2.0,6.0,3.0,,,,,,,,,20,,,1.0,6.0,,,,,,,7,1,3,3,1,3,5,6,2,2,60.0,21.0,42.0,75.0,84.0,17.0,90.0,75.0,87.0,91.0,2,1,2,1,2,2,2,2,2,1,1,2,2,2,2,2,1,1,1,1,1,1,2,2,2,1,2,2,2,1,1,1,2,2,2,2,2,2,2,1,5.0,1.0,20,1.0,150,,10.0,,1.0,1.0,1.0,2.0,1.0,2.0,2.0,1.0,1.0,1.0,90.0,,,,,1.0,,,,,4.0,4.0,2.0,
503,5,3,4,5,4,4,4,5,3,5,15.0,5.0,2.0,5.0,2.0,,,,,,,,,15,2.0,1.0,,,1.0,1.0,2.0,1.0,2.0,2.0,5,4,2,1,5,5,7,7,2,2,85.0,15.0,70.0,40.0,50.0,25.0,70.0,100.0,80.0,10.0,2,1,1,2,2,1,1,1,2,1,2,2,1,2,1,2,2,1,2,2,2,1,1,2,1,2,1,1,2,2,1,2,1,1,2,1,1,2,1,1,3.0,1.0,30,1.0,300,,,5.0,,,,,,,,,,,,,4.0,5.0,5.0,,2.0,,,,,,,
504,1,2,4,4,4,1,5,1,5,3,50.0,2.0,,,,,2.0,37,,,,,,,,,1.0,4.0,,,,,,,7,1,5,3,6,7,7,6,1,1,42.0,13.0,62.0,16.0,78.0,49.0,54.0,39.0,20.0,88.0,1,2,2,2,2,1,2,1,2,2,1,2,2,1,2,2,2,2,2,2,2,2,2,2,2,2,2,1,2,1,2,2,2,2,2,2,2,1,2,2,5.0,,,1.0,457,17,,,2.0,1.0,1.0,1.0,1.0,1.0,1.0,1.0,2.0,2.0,,,,,,1.0,,3.0,5.0,2.0,1.0,5.0,1.0,1.0
505,5,4,5,5,4,5,3,5,3,4,3.0,,3.0,4.0,4.0,,,,,,1.0,5.0,5.0,,2.0,3.0,2.0,,1.0,1.0,2.0,1.0,1.0,2.0,7,2,6,3,3,5,6,6,3,1,45.0,20.0,30.0,35.0,35.0,20.0,5.0,75.0,35.0,30.0,1,1,1,1,1,2,1,2,1,1,2,1,1,1,2,1,2,1,2,1,1,1,2,2,1,2,2,2,2,1,2,1,1,1,2,2,1,2,1,1,7.0,1.0,50,1.0,350,12,,3.0,,,,,,,,,,,,3.0,,,,,,,,,,,,
506,2,3,4,1,3,1,1,1,4,4,,,,,,7.0,2.0,4,2.0,350,,,,,2.0,1.0,1.0,2.0,1.0,1.0,1.0,2.0,2.0,2.0,6,4,6,6,2,5,5,5,3,2,20.0,30.0,25.0,10.0,40.0,5.0,21.0,1.0,95.0,50.0,1,2,1,2,2,1,1,2,2,2,2,2,1,2,2,1,1,1,2,2,2,1,2,1,2,1,1,2,2,2,2,2,1,1,1,1,1,2,1,1,,,,,,10,,,,,,,,,,,,,92.0,1.0,2.0,2.0,2.0,,,5.0,3.0,2.0,,,,
507,3,3,4,4,4,3,4,2,4,5,,2.0,3.0,4.0,5.0,,,,2.0,379.7,,,,17,2.0,,2.0,4.0,1.0,1.0,1.0,1.0,1.0,1.0,5,4,4,4,1,2,1,2,3,1,60.0,70.0,75.0,56.0,74.0,70.0,85.0,70.0,45.0,50.0,2,1,1,2,1,1,1,1,1,2,1,1,1,1,1,1,1,1,1,2,2,2,1,1,2,2,2,2,2,1,2,2,1,1,1,1,2,1,2,1,6.0,1.0,54,,,,4.0,,,,,,,,,,,,70.0,,,,,,,,,,4.0,5.0,6.0,
508,2,3,3,4,5,5,3,5,4,3,,,,,,6.0,,,,,,,,,2.0,,2.0,,1.0,1.0,1.0,2.0,2.0,1.0,5,2,5,6,3,6,5,4,3,1,8.0,9.0,10.0,59.0,70.0,42.0,67.0,60.0,88.0,72.0,1,1,1,1,2,1,1,2,1,2,2,2,1,2,2,2,1,1,1,2,2,1,2,1,2,2,2,1,2,1,1,1,1,1,1,2,1,1,2,1,,1.0,15,2.0,55,12,,4.0,,,,,,,,,,,70.0,3.0,,,,,,3.0,5.0,3.0,4.0,4.0,2.0,8.0
509,5,4,4,5,4,5,4,4,3,4,,5.0,,,,,,,2.0,380,4.0,4.0,5.0,12,,,1.0,5.0,,,,,,,6,1,3,6,2,7,6,6,2,1,67.0,47.0,63.0,51.0,69.0,65.0,50.0,72.0,58.0,67.0,1,2,2,1,1,1,1,2,1,1,1,2,1,1,1,1,1,1,1,1,2,1,1,1,1,1,1,2,1,1,1,1,2,1,2,1,1,1,2,1,2.0,1.0,54,,,,,,1.0,1.0,1.0,1.0,2.0,2.0,2.0,1.0,1.0,1.0,73.0,,,,,1.0,,5.0,4.0,4.0,,,,3.0
510,4,5,4,5,5,5,5,4,4,5,88.0,5.0,5.0,5.0,3.0,5.0,,,,,,,,15,2.0,,,2.0,,,,,,,7,3,2,3,2,5,6,7,2,2,19.0,70.0,30.0,83.0,60.0,50.0,81.0,50.0,49.0,80.0,2,2,1,1,1,1,2,2,1,2,1,2,2,1,2,1,2,1,2,1,2,1,2,1,2,2,2,2,2,2,1,1,2,1,2,2,1,2,2,1,,1.0,65,2.0,80,,,,1.0,1.0,1.0,1.0,1.0,1.0,2.0,2.0,2.0,2.0,,,4.0,5.0,6.0,,1.0,,,,,,,5.0
511,4,5,4,4,5,4,4,4,5,4,,4.0,,,,,,,2.0,360,,,,,2.0,4.0,1.0,,1.0,2.0,1.0,1.0,2.0,1.0,6,2,6,3,3,5,6,5,1,2,72.0,58.0,60.0,49.0,48.0,47.0,51.0,37.0,83.0,49.0,2,1,2,1,1,1,1,2,2,1,2,1,2,1,2,1,2,1,2,1,1,2,1,2,1,2,1,2,1,2,1,2,1,1,2,1,2,1,2,1,1.0,1.0,54,,,10,,5.0,,,,,,,,,,,71.0,,5.0,5.0,5.0,,,4.0,2.0,3.0,,,,
512,1,5,2,4,5,1,4,4,5,5,70.0,4.0,3.0,4.0,5.0,4.0,,,,,,,,10,,4.0,,6.0,1.0,1.0,2.0,1.0,2.0,1.0,5,6,2,6,5,3,6,5,3,2,30.0,70.0,50.0,60.0,85.0,20.0,25.0,60.0,100.0,50.0,1,1,2,1,2,1,1,1,1,2,1,2,2,2,1,2,2,1,1,1,2,1,2,1,1,2,1,1,1,1,2,1,1,2,2,2,2,1,1,1,,1.0,54,1.0,300,,,,,,,,,,,,,,,,,,,1.0,2.0,,,,5.0,5.0,5.0,
513,4,4,5,4,5,5,4,4,3,4,70.0,2.0,1.0,1.0,3.0,,,,,,,,,15,,,,6.0,2.0,2.0,1.0,2.0,1.0,2.0,7,2,1,2,1,5,6,5,4,1,100.0,89.0,85.0,100.0,76.0,90.0,75.0,52.0,20.0,84.0,1,1,1,1,1,1,1,2,1,1,1,1,1,1,1,1,2,1,1,1,2,2,1,1,1,2,2,2,1,1,1,1,2,1,1,2,1,1,1,1,5.0,1.0,15,1.0,380,,,,,,,,,,,,,,,,,,,1.0,1.0,,,,4.0,5.0,6.0,6.0
514,4,2,4,4,4,3,5,5,5,5,70.0,5.0,4.0,5.0,2.0,,,,2.0,350,,,,,2.0,,,5.0,,,,,,,5,1,2,1,1,7,5,6,3,2,75.0,25.0,75.0,75.0,75.0,40.0,90.0,90.0,100.0,75.0,2,1,1,1,1,2,2,1,2,1,2,2,2,2,2,1,1,1,2,1,2,2,2,1,1,2,2,2,1,2,2,2,1,2,1,2,2,2,2,2,6.0,1.0,50,,,20,,,1.0,1.0,2.0,1.0,1.0,2.0,2.0,1.0,1.0,2.0,,,2.0,5.0,4.0,,1.0,,,,,,,2.0
515,5,4,4,5,5,5,3,2,1,1,50.0,4.0,,,,,2.0,25,,,,,,20,1.0,,2.0,,,,,,,,5,1,6,6,1,7,5,5,3,1,45.0,40.0,55.0,51.0,60.0,55.0,52.0,53.0,53.0,48.0,2,2,1,1,2,2,2,2,1,2,2,1,2,1,1,1,2,1,2,2,2,2,2,2,2,1,2,2,1,2,1,1,1,2,1,1,2,2,2,2,6.0,,,1.0,100,,,3.0,1.0,1.0,1.0,1.0,1.0,1.0,1.0,1.0,1.0,1.0,,,,,,,,3.0,3.0,2.0,5.0,2.0,5.0,2.0
516,4,4,4,4,4,4,4,5,2,4,30.0,,,,,6.0,,,2.0,350,,,,20,1.0,,,3.0,1.0,2.0,1.0,1.0,1.0,2.0,7,2,5,5,3,6,6,6,3,2,36.0,19.0,50.0,39.0,62.0,45.0,67.0,78.0,52.0,68.0,1,1,2,1,2,2,2,1,2,2,2,1,1,1,2,2,2,1,2,2,1,2,2,1,1,2,2,2,2,1,2,1,1,2,2,2,1,2,1,1,,1.0,45,,,,10.0,,,,,,,,,,,,,3.0,,,,,1.0,3.0,3.0,2.0,5.0,5.0,5.0,
517,4,4,5,4,5,3,5,5,3,4,,,,,,6.0,,,2.0,300,,,,15,,,,,1.0,1.0,1.0,2.0,2.0,2.0,7,1,2,4,1,6,5,5,2,2,37.0,43.0,60.0,68.0,71.0,21.0,86.0,40.0,44.0,67.0,1,1,1,2,1,1,1,1,1,2,1,2,1,1,2,1,1,1,1,2,2,1,1,1,1,2,2,2,2,1,1,1,2,1,2,2,2,2,1,2,,1.0,25,,,,3.0,3.0,,,,,,,,,,,43.0,2.0,,,,2.0,1.0,3.0,4.0,3.0,2.0,5.0,3.0,
518,1,4,2,1,4,2,4,1,5,5,70.0,,,,,6.0,,,,,,,,,1.0,,,3.0,,,,,,,7,4,7,7,4,5,5,5,4,1,33.0,40.0,33.0,25.0,50.0,33.0,80.0,51.0,75.0,67.0,1,2,2,2,2,1,2,1,2,2,2,1,1,2,2,1,2,2,2,2,1,2,2,1,2,1,1,2,2,2,1,2,2,1,1,2,2,1,2,2,,1.0,20,1.0,200,5,10.0,,1.0,1.0,1.0,1.0,1.0,1.0,1.0,1.0,1.0,1.0,,2.0,,,,,2.0,3.0,4.0,3.0,2.0,4.0,3.0,
519,2,1,2,3,4,1,3,1,5,4,,4.0,,,,,1.0,110,,,,,,,2.0,1.0,,,,,,,,,5,2,4,2,3,6,6,7,3,1,52.0,44.0,41.0,54.0,64.0,41.0,51.0,60.0,66.0,67.0,2,2,1,2,1,2,1,1,2,1,1,1,1,1,1,1,1,1,1,1,1,1,1,1,1,1,1,2,2,1,2,1,1,1,1,2,1,1,2,1,6.0,,,1.0,250,5,,3.0,1.0,1.0,1.0,1.0,1.0,1.0,1.0,1.0,1.0,1.0,75.0,,5.0,5.0,6.0,,1.0,3.0,3.0,2.0,,,,
520,4,1,2,1,1,2,2,1,5,2,,,3.0,5.0,2.0,,,,,,,,,10,1.0,,,,,,,,,,7,2,6,3,6,5,6,6,2,1,25.0,10.0,26.0,10.0,25.0,20.0,38.0,31.0,81.0,27.0,2,1,2,2,2,1,2,2,2,2,2,1,2,2,2,2,2,2,2,2,2,2,2,2,2,2,2,2,2,2,2,2,2,2,1,1,2,1,2,2,6.0,1.0,22,1.0,400,,,5.0,1.0,1.0,1.0,1.0,1.0,1.0,2.0,2.0,2.0,2.0,85.0,3.0,,,,,2.0,,,,5.0,5.0,6.0,2.0
521,4,5,5,4,5,5,5,5,2,3,,,4.0,4.0,3.0,,,,1.0,1500,,,,,1.0,1.0,,,1.0,1.0,2.0,1.0,2.0,1.0,6,2,1,1,2,6,6,6,3,2,44.0,44.0,38.0,40.0,66.0,34.0,52.0,83.0,68.0,46.0,2,2,2,2,2,2,2,2,2,1,1,2,2,2,1,1,1,1,2,1,1,1,2,2,2,2,1,2,2,2,2,1,2,2,1,2,1,1,2,1,5.0,1.0,48,,,15,,5.0,,,,,,,,,,,75.0,2.0,3.0,5.0,5.0,,1.0,,,,,,,
522,5,4,5,5,4,5,4,5,3,2,30.0,,3.0,4.0,4.0,,1.0,75,,,,,,19,,,,3.0,1.0,1.0,1.0,1.0,1.0,1.0,7,5,6,4,4,5,7,7,2,1,15.0,18.0,16.0,26.0,30.0,18.0,60.0,84.0,53.0,27.0,2,2,2,1,2,1,1,1,2,1,2,1,1,2,2,2,1,1,2,2,2,2,2,2,1,1,1,1,2,2,2,2,1,2,2,2,2,1,2,2,4.0,,,1.0,315,,,,,,,,,,,,,,,2.0,5.0,4.0,5.0,2.0,1.0,,,,,,,3.0
523,4,4,5,5,3,3,5,4,5,5,92.0,1.0,2.0,3.0,6.0,,,,,,,,,10,,2.0,,,1.0,1.0,1.0,1.0,2.0,2.0,6,5,3,1,2,5,6,7,1,2,85.0,94.0,99.0,100.0,91.0,55.0,100.0,80.0,100.0,100.0,1,2,1,2,1,2,1,1,1,2,1,1,2,1,2,2,1,1,1,1,1,1,1,2,1,1,2,1,1,1,1,1,2,1,1,2,1,1,2,2,7.0,1.0,20,1.0,100,,,5.0,,,,,,,,,,,,,4.0,5.0,3.0,1.0,1.0,,,,,,,
524,5,5,5,5,5,4,5,5,3,1,70.0,,,,,,1.0,80,,,3.0,5.0,5.0,,1.0,,1.0,,,,,,,,6,2,2,1,2,5,5,6,3,2,50.0,50.0,50.0,55.0,55.0,45.0,65.0,70.0,50.0,25.0,2,2,2,2,2,2,2,2,2,2,2,1,2,2,1,2,2,1,2,2,1,2,2,1,2,1,2,2,1,1,2,2,1,1,2,1,2,2,2,1,6.0,,,1.0,95,15,2.0,5.0,1.0,1.0,1.0,2.0,1.0,1.0,2.0,1.0,1.0,2.0,,2.0,,,,,,3.0,4.0,2.0,,,,
525,4,3,4,5,4,4,5,3,3,3,30.0,4.0,,,,6.0,,,1.0,1123,4.0,3.0,4.0,,1.0,1.0,,,,,,,,,6,3,5,5,3,5,4,4,3,1,46.0,37.0,59.0,90.0,88.0,52.0,80.0,30.0,44.0,53.0,1,2,2,1,1,2,1,2,2,1,2,2,2,2,2,2,2,1,2,1,1,1,2,2,1,1,2,1,2,2,2,1,1,2,1,2,1,2,2,1,,1.0,15,,,0,,4.0,1.0,1.0,1.0,1.0,1.0,1.0,1.0,1.0,1.0,1.0,,,,,,,2.0,2.0,3.0,2.0,,,,
526,3,4,3,1,4,4,4,3,5,4,,,,,,6.0,,,,,,,,,,,,4.0,1.0,1.0,2.0,1.0,1.0,2.0,7,3,5,2,7,7,7,7,2,2,30.0,30.0,20.0,0.0,55.0,65.0,80.0,5.0,70.0,80.0,1,2,2,2,2,2,2,2,1,2,2,1,1,2,2,1,2,1,2,1,2,1,1,2,2,1,2,2,2,1,2,2,2,2,1,2,1,2,2,1,,2.0,10,1.0,100,8,10.0,,,,,,,,,,,,70.0,3.0,3.0,2.0,3.0,1.0,2.0,2.0,4.0,2.0,,,,
527,2,3,2,4,5,4,4,4,4,5,30.0,,3.0,4.0,4.0,6.0,,,2.0,300,,,,15,2.0,,,4.0,,,,,,,7,1,6,5,3,3,5,5,1,1,40.0,45.0,33.0,60.0,75.0,70.0,50.0,95.0,55.0,100.0,2,1,1,1,1,2,2,1,1,1,1,2,2,2,1,1,1,2,1,2,1,2,2,1,2,1,2,1,1,1,1,1,2,1,1,1,2,2,2,1,,1.0,50,,,,10.0,,1.0,1.0,1.0,1.0,1.0,1.0,1.0,1.0,1.0,1.0,,5.0,1.0,5.0,6.0,,2.0,,,,,,,
528,5,4,4,5,5,5,5,5,1,2,42.0,,3.0,3.0,3.0,,,,,,,,,,2.0,2.0,2.0,5.0,,,,,,,7,2,3,3,1,5,5,5,3,1,40.0,51.0,32.0,47.0,48.0,26.0,36.0,44.0,12.0,23.0,1,2,2,2,2,2,2,1,2,1,1,2,1,2,1,2,2,1,2,1,2,1,1,1,2,1,1,2,2,1,2,1,1,1,2,2,2,2,2,1,6.0,2.0,6,1.0,119,10,,,1.0,2.0,2.0,1.0,1.0,2.0,2.0,1.0,1.0,2.0,,3.0,2.0,4.0,5.0,,,,,,,,,
529,5,5,4,3,4,4,5,5,3,5,,3.0,2.0,3.0,3.0,6.0,2.0,50,1.0,1200,3.0,4.0,4.0,16,,2.0,,5.0,,,,,,,6,4,5,4,3,5,5,6,4,1,57.0,43.0,53.0,35.0,34.0,21.0,29.0,61.0,67.0,59.0,2,1,2,1,1,2,1,2,2,2,2,1,1,2,2,1,2,2,2,1,2,2,2,2,2,2,1,2,1,2,2,2,1,2,2,1,2,2,2,2,,,,,,,,,1.0,2.0,1.0,2.0,1.0,1.0,1.0,2.0,1.0,1.0,70.0,,,,,2.0,2.0,,,,,,,
530,3,3,3,5,4,4,3,5,3,4,90.0,4.0,,,,,2.0,35,,,,,,,2.0,,,4.0,1.0,1.0,2.0,1.0,1.0,2.0,6,4,3,3,5,6,6,6,1,1,45.0,40.0,50.0,70.0,60.0,40.0,50.0,80.0,60.0,70.0,2,2,2,2,2,2,1,2,1,1,2,2,2,1,1,2,2,2,2,1,2,2,2,1,2,2,2,2,2,2,2,2,1,2,1,1,2,2,2,2,5.0,,,1.0,200,15,,,,,,,,,,,,,,,,,,,2.0,2.0,3.0,2.0,5.0,4.0,3.0,1.0
531,4,4,4,4,5,5,5,5,3,4,,3.0,3.0,3.0,4.0,5.0,,,2.0,400,1.0,5.0,6.0,5,1.0,,1.0,4.0,1.0,1.0,1.0,1.0,2.0,2.0,7,2,3,3,5,3,5,5,2,2,60.0,70.0,50.0,50.0,50.0,40.0,60.0,80.0,40.0,60.0,1,1,1,1,1,2,1,2,2,2,1,1,2,1,1,1,2,2,1,1,1,2,2,2,1,1,1,1,1,1,1,1,2,1,2,2,2,1,1,1,,2.0,2,,,,,,,,,,,,,,,,70.0,,,,,,,,,,,,,3.0
532,4,4,4,5,5,5,5,5,1,5,,2.0,4.0,4.0,4.0,6.0,2.0,13,,,,,,20,2.0,1.0,,,,,,,,,7,2,4,5,5,5,6,5,4,1,72.0,86.0,86.0,86.0,88.0,60.0,60.0,86.0,52.0,59.0,1,2,2,2,2,2,2,2,1,2,2,1,1,2,2,2,2,2,2,2,2,2,1,2,2,2,2,2,2,2,2,1,2,1,2,2,1,2,1,2,,,,1.0,100,,,4.0,1.0,1.0,1.0,1.0,1.0,2.0,1.0,1.0,1.0,1.0,70.0,,,,,,1.0,,,,3.0,4.0,5.0,
533,4,3,4,5,5,5,5,5,3,1,,,5.0,3.0,3.0,5.0,1.0,70,,,,,,,1.0,2.0,,,,,,,,,7,1,7,3,2,3,5,6,4,2,60.0,30.0,70.0,45.0,70.0,55.0,65.0,70.0,66.0,45.0,2,1,2,2,2,2,2,2,2,2,2,1,2,1,2,1,1,1,2,1,1,2,1,2,1,2,1,2,2,2,2,1,2,2,1,1,2,2,2,2,,,,1.0,300,15,,4.0,1.0,1.0,1.0,1.0,1.0,1.0,1.0,1.0,1.0,1.0,70.0,4.0,4.0,2.0,2.0,,2.0,,,,,,,
534,4,3,2,4,4,5,4,3,4,2,,5.0,,,,5.0,,,,,,,,,,1.0,,,,,,,,,7,2,6,6,5,6,3,2,4,1,40.0,30.0,25.0,75.0,60.0,70.0,85.0,60.0,70.0,50.0,1,1,1,2,2,1,1,2,2,2,1,2,2,1,2,2,2,1,2,2,2,2,2,1,2,2,1,2,2,1,1,2,2,2,2,1,2,2,2,2,,2.0,10,1.0,200,20,,3.0,1.0,1.0,1.0,1.0,1.0,1.0,1.0,1.0,1.0,1.0,75.0,,,,,1.0,1.0,5.0,4.0,2.0,1.0,1.0,2.0,
535,5,5,4,5,4,5,5,5,1,4,70.0,,,,,,2.0,32,,,4.0,4.0,4.0,15,,,,5.0,1.0,1.0,2.0,2.0,1.0,2.0,7,3,3,5,3,6,6,5,3,2,30.0,11.0,16.0,35.0,25.0,45.0,75.0,41.0,41.0,18.0,1,1,1,2,1,2,1,1,1,1,1,2,1,1,1,2,2,2,1,1,1,2,2,1,1,1,2,1,2,1,1,2,2,1,1,1,2,2,1,1,5.0,,,1.0,165,,9.0,,,,,,,,,,,,,4.0,,,,1.0,1.0,3.0,5.0,2.0,,,,
536,1,1,1,1,1,1,1,2,5,3,,,,,,6.0,,,,,1.0,1.0,2.0,20,,,2.0,,,,,,,,7,1,7,5,2,5,3,3,1,1,10.0,10.0,10.0,10.0,30.0,20.0,40.0,50.0,80.0,50.0,1,2,1,1,1,1,2,1,1,1,1,1,1,1,1,1,2,2,1,1,1,1,2,2,1,1,1,2,1,1,2,2,2,1,2,2,1,2,2,2,,1.0,30,1.0,200,,,5.0,1.0,1.0,1.0,1.0,1.0,1.0,1.0,1.0,1.0,1.0,70.0,1.0,,,,1.0,,4.0,5.0,3.0,,,,1.0
537,5,5,5,5,5,5,5,5,1,2,,2.0,2.0,2.0,2.0,,2.0,25,,,1.0,5.0,5.0,,,1.0,,6.0,,,,,,,7,1,1,1,1,7,7,7,4,1,41.0,60.0,58.0,30.0,26.0,42.0,62.0,62.0,44.0,72.0,2,2,2,2,1,1,2,2,1,2,2,2,2,1,1,2,1,2,1,2,1,2,1,2,1,2,2,1,1,2,2,1,2,2,2,2,1,2,2,2,6.0,,,1.0,150,2,,,1.0,1.0,1.0,1.0,2.0,1.0,2.0,1.0,1.0,2.0,70.0,,,,,1.0,2.0,,,,,,,
538,2,3,2,2,3,1,5,2,5,4,,4.0,4.0,5.0,3.0,7.0,2.0,25,,,2.0,4.0,5.0,,2.0,1.0,2.0,4.0,,,,,,,5,1,1,1,2,6,7,7,1,2,35.0,51.0,24.0,32.0,79.0,83.0,88.0,63.0,95.0,78.0,2,2,1,2,2,1,2,2,2,1,1,2,2,2,2,1,1,2,1,2,2,2,2,1,2,1,1,2,1,1,1,2,1,2,2,2,1,1,1,2,,,,1.0,112,10,,,1.0,1.0,1.0,1.0,1.0,2.0,2.0,2.0,2.0,2.0,59.0,,,,,,,,,,,,,
539,3,3,3,3,3,4,4,4,3,4,,,1.0,1.0,1.0,,1.0,70,1.0,2300,,,,6,,,1.0,,1.0,2.0,2.0,1.0,2.0,1.0,6,5,6,7,2,5,5,4,2,1,63.0,55.0,65.0,48.0,54.0,48.0,87.0,72.0,66.0,63.0,1,1,1,2,1,2,1,1,2,2,1,1,1,2,2,1,1,2,1,1,1,2,1,1,1,1,1,2,1,1,1,2,2,2,1,2,1,2,1,2,3.0,,,,,,10.0,5.0,,,,,,,,,,,0.0,2.0,3.0,2.0,2.0,1.0,,,,,,,,
540,4,3,4,2,4,4,4,5,4,4,30.0,,3.0,4.0,4.0,6.0,2.0,50,2.0,700,,,,,,2.0,,,,,,,,,6,3,2,3,3,6,6,5,1,1,70.0,49.0,69.0,41.0,66.0,49.0,53.0,69.0,40.0,63.0,1,1,2,2,2,2,2,1,2,2,1,1,2,1,2,1,2,2,2,2,1,2,2,2,2,2,1,2,1,2,2,1,2,2,2,1,2,1,2,1,,,,,,20,,5.0,2.0,1.0,2.0,1.0,2.0,1.0,2.0,1.0,2.0,1.0,,3.0,3.0,4.0,5.0,1.0,2.0,,,,,,,
541,4,4,5,5,4,5,4,5,4,4,80.0,,5.0,4.0,3.0,,2.0,60,2.0,600,2.0,5.0,6.0,18,2.0,3.0,2.0,6.0,,,,,,,7,4,7,6,5,5,5,5,3,2,50.0,42.0,43.0,58.0,59.0,39.0,36.0,90.0,55.0,57.0,2,1,1,2,1,2,2,2,2,1,1,2,2,2,2,2,2,2,1,2,2,2,2,1,2,1,2,2,1,1,1,2,1,2,2,2,2,2,1,2,3.0,,,,,,,,1.0,1.0,1.0,1.0,1.0,1.0,1.0,2.0,2.0,2.0,,3.0,,,,,,,,,,,,
542,4,2,4,5,4,4,5,5,4,2,30.0,,2.0,6.0,3.0,,,,,,,,,,2.0,,1.0,6.0,1.0,1.0,1.0,2.0,1.0,1.0,3,1,2,2,5,6,7,7,2,1,18.0,31.0,18.0,47.0,56.0,44.0,74.0,77.0,55.0,33.0,1,2,2,2,1,2,2,2,2,2,1,2,2,1,2,2,2,2,1,2,2,1,2,2,2,2,2,2,2,2,2,2,2,1,2,2,2,2,2,2,6.0,1.0,26,1.0,100,2,4.0,,,,,,,,,,,,,2.0,2.0,4.0,2.0,,,,,,,,,
543,3,4,3,4,4,1,5,5,5,4,70.0,,,,,6.0,2.0,50,2.0,400,,,,15,,,2.0,,,,,,,,7,3,6,6,4,6,4,6,3,1,50.0,70.0,50.0,80.0,90.0,5.0,90.0,95.0,90.0,90.0,1,1,2,2,2,1,1,1,1,2,1,2,1,2,1,1,2,1,2,1,1,1,2,2,1,1,1,1,2,1,1,1,2,2,2,1,2,2,1,2,,,,,,,8.0,4.0,1.0,1.0,2.0,1.0,2.0,1.0,1.0,2.0,1.0,1.0,,4.0,,,,1.0,,4.0,3.0,3.0,4.0,4.0,3.0,
544,4,4,4,5,4,4,3,5,1,4,30.0,4.0,,,,,,,2.0,500,,,,20,1.0,,,6.0,2.0,1.0,1.0,1.0,1.0,2.0,7,2,6,6,5,6,4,5,4,1,83.0,86.0,76.0,81.0,82.0,81.0,77.0,100.0,6.0,51.0,1,2,2,2,2,1,2,1,1,1,2,1,1,1,2,1,1,1,2,1,1,1,2,1,2,1,1,1,1,1,1,1,1,2,1,2,2,1,1,1,6.0,1.0,50,,,,,,,,,,,,,,,,,,,,,,2.0,4.0,4.0,3.0,5.0,5.0,5.0,3.0
545,5,5,5,5,5,4,4,5,4,5,50.0,4.0,,,,,1.0,75,,,,,,10,,,1.0,,1.0,1.0,2.0,1.0,2.0,2.0,7,1,4,2,2,6,6,6,4,1,100.0,100.0,100.0,100.0,100.0,50.0,100.0,100.0,50.0,100.0,2,2,1,1,1,2,1,2,1,2,2,1,2,1,2,1,1,1,2,2,2,1,1,1,2,1,1,1,1,1,1,2,1,1,2,2,1,2,2,2,4.0,,,1.0,200,,,3.0,,,,,,,,,,,,,3.0,5.0,4.0,1.0,,4.0,3.0,3.0,,,,1.0
546,2,2,3,4,4,2,4,3,3,2,30.0,,1.0,2.0,4.0,,2.0,50,,,,,,,,,1.0,4.0,1.0,2.0,1.0,1.0,1.0,2.0,5,2,3,4,2,5,4,4,3,1,51.0,61.0,24.0,36.0,25.0,63.0,23.0,42.0,69.0,18.0,1,1,2,2,1,2,2,2,2,2,1,1,1,1,1,2,1,2,1,1,2,1,1,2,2,2,2,1,1,1,2,1,2,2,1,2,2,2,2,2,5.0,,,2.0,70,10,,,,,,,,,,,,,,3.0,2.0,4.0,5.0,1.0,,,,,,,,4.0
547,4,4,3,3,3,3,4,4,3,4,30.0,3.0,3.0,4.0,2.0,5.0,,,,,,,,20,2.0,,,4.0,1.0,1.0,1.0,1.0,1.0,1.0,4,1,4,3,5,7,6,5,4,2,50.0,60.0,70.0,45.0,55.0,30.0,100.0,100.0,20.0,100.0,1,1,2,1,1,1,1,2,1,1,1,1,2,1,1,1,2,1,1,1,1,2,2,2,1,1,1,1,1,1,1,2,1,1,1,1,1,1,1,1,,1.0,54,1.0,380,,,,,,,,,,,,,,,,3.0,3.0,4.0,,2.0,,,,,,,4.0
548,1,1,1,1,1,2,1,1,5,5,30.0,,2.0,4.0,4.0,6.0,,,,,,,,5,1.0,,2.0,,,,,,,,5,4,6,6,4,5,4,5,3,1,27.0,22.0,12.0,35.0,41.0,48.0,52.0,39.0,87.0,79.0,1,1,2,2,2,1,2,2,1,2,1,2,2,2,1,1,2,2,2,2,2,2,2,2,1,1,1,2,2,2,2,2,2,1,2,2,2,1,1,1,,1.0,27,1.0,325,,8.0,4.0,1.0,1.0,1.0,2.0,2.0,1.0,1.0,1.0,1.0,2.0,,2.0,,,,,,,,,3.0,4.0,2.0,
549,5,4,5,5,5,3,5,5,4,3,,2.0,4.0,3.0,2.0,,2.0,54,2.0,350,1.0,5.0,6.0,15,2.0,2.0,,,,,,,,,5,2,4,5,2,6,6,5,4,1,61.0,67.0,70.0,80.0,72.0,30.0,74.0,63.0,85.0,52.0,1,1,2,1,1,1,1,1,2,1,1,2,1,2,2,1,1,1,2,2,2,1,1,2,2,2,2,1,1,2,1,1,1,2,2,2,1,2,2,2,6.0,,,,,,,6.0,1.0,1.0,1.0,1.0,1.0,1.0,1.0,1.0,1.0,1.0,70.0,,,,,,2.0,,,,,,,
550,2,4,5,5,5,4,4,5,4,4,80.0,5.0,2.0,3.0,4.0,,,,,,4.0,4.0,4.0,,,,,,,,,,,,6,6,5,3,3,5,6,7,3,2,45.0,53.0,61.0,79.0,86.0,79.0,84.0,70.0,78.0,80.0,2,2,2,2,2,2,2,2,1,2,2,2,2,2,2,2,2,2,2,2,2,2,2,2,1,2,1,1,1,1,1,1,1,1,1,1,2,2,2,2,6.0,1.0,50,1.0,350,5,8.0,4.0,2.0,1.0,1.0,2.0,1.0,2.0,1.0,1.0,1.0,2.0,,,,,,1.0,2.0,,,,,,,
551,4,3,4,4,5,4,5,4,4,5,,3.0,,,,,2.0,55,2.0,400,1.0,3.0,4.0,,,,,4.0,,,,,,,7,2,1,2,5,5,7,6,3,2,60.0,40.0,70.0,50.0,70.0,50.0,75.0,80.0,45.0,60.0,1,1,1,2,1,1,2,2,1,2,1,2,1,1,1,1,2,1,1,1,2,1,1,1,1,1,1,2,1,1,2,2,2,1,1,1,1,1,1,1,6.0,,,,,15,,,1.0,1.0,1.0,1.0,1.0,1.0,1.0,1.0,1.0,1.0,65.0,,,,,2.0,2.0,4.0,4.0,2.0,,,,3.0
552,5,5,5,5,4,5,5,5,1,2,85.0,3.0,3.0,3.0,4.0,,2.0,50,2.0,325,,,,,,,,,,,,,,,7,1,4,6,5,7,7,3,2,2,55.0,56.0,56.0,59.0,63.0,57.0,52.0,70.0,48.0,58.0,2,2,2,2,2,2,1,2,2,1,2,2,2,2,1,1,1,2,2,1,1,1,2,2,2,2,2,2,2,2,2,2,1,2,1,2,2,2,1,2,6.0,,,,,5,9.0,6.0,1.0,2.0,1.0,1.0,1.0,1.0,1.0,1.0,1.0,1.0,,,,,,1.0,2.0,,,,1.0,5.0,5.0,
553,3,3,4,2,2,1,4,4,5,4,,4.0,4.0,3.0,3.0,,2.0,30,1.0,1500,,,,18,2.0,,1.0,4.0,1.0,1.0,1.0,1.0,2.0,2.0,6,5,5,5,3,5,5,3,3,2,53.0,67.0,62.0,7.0,7.0,9.0,92.0,71.0,99.0,54.0,2,2,1,2,2,2,2,2,2,2,2,2,2,2,2,2,2,2,2,2,1,2,1,2,2,2,2,2,2,2,2,2,2,2,2,2,2,1,2,2,3.0,,,,,,10.0,,,,,,,,,,,,92.0,,1.0,5.0,5.0,,,,,,,,,
554,5,4,5,1,5,3,5,5,4,5,4.0,4.0,6.0,1.0,3.0,6.0,2.0,45,2.0,600,3.0,5.0,3.0,10,1.0,,1.0,,1.0,2.0,1.0,1.0,2.0,1.0,7,1,5,7,1,1,5,6,3,1,100.0,42.0,100.0,100.0,100.0,36.0,100.0,100.0,64.0,100.0,2,1,1,1,2,1,1,1,2,2,1,1,1,2,2,1,1,1,2,1,2,1,1,2,1,1,1,1,2,2,1,2,2,2,1,1,2,1,1,1,,,,,,,,4.0,,,,,,,,,,,,,,,,,,,,,,,,2.0
555,3,4,3,4,4,3,4,5,4,4,,,,,,,,,2.0,675,,,,,,,1.0,4.0,,,,,,,5,1,2,2,2,6,6,6,3,1,31.0,77.0,33.0,89.0,44.0,55.0,88.0,95.0,58.0,83.0,2,1,2,1,1,2,2,2,2,1,1,2,2,2,2,2,1,2,1,2,1,2,1,2,2,2,2,2,2,2,2,2,2,2,2,1,1,1,1,2,6.0,1.0,27,,,20,6.0,,1.0,1.0,1.0,1.0,1.0,2.0,1.0,2.0,2.0,1.0,49.0,1.0,4.0,5.0,3.0,1.0,,3.0,3.0,2.0,,,,
556,3,3,3,3,3,3,3,3,3,3,79.0,,3.0,4.0,3.0,,,,,,,,,,2.0,2.0,,5.0,,,,,,,6,1,4,4,3,6,5,5,3,1,50.0,50.0,50.0,50.0,50.0,50.0,50.0,50.0,50.0,50.0,1,2,2,2,1,2,2,2,2,2,1,1,2,2,2,2,2,2,2,1,2,2,1,1,1,2,2,1,2,2,1,2,2,2,1,2,2,2,1,2,4.0,1.0,45,1.0,90,20,,,1.0,1.0,1.0,2.0,1.0,2.0,1.0,2.0,2.0,1.0,,3.0,3.0,4.0,4.0,,1.0,,,,,,,
557,3,3,3,4,4,3,4,4,4,4,66.0,,,,,6.0,,,,,,,,,,,,6.0,2.0,2.0,1.0,2.0,1.0,2.0,7,4,4,4,5,6,4,4,3,1,61.0,41.0,50.0,72.0,73.0,26.0,72.0,78.0,58.0,68.0,2,1,1,1,2,1,1,1,1,1,2,2,2,1,1,2,2,2,2,2,2,1,2,2,1,1,1,1,1,1,1,1,1,2,2,1,1,2,1,1,,2.0,5,1.0,100,14,7.0,,,,,,,,,,,,,3.0,5.0,5.0,5.0,1.0,2.0,2.0,4.0,4.0,,,,
558,5,1,2,2,3,3,3,3,4,3,69.0,,,,,4.0,,,2.0,380.8,,,,,1.0,2.0,,5.0,,,,,,,4,5,3,6,4,5,3,4,4,2,39.0,56.0,70.0,25.0,67.0,36.0,53.0,18.0,89.0,30.0,1,2,1,1,2,1,2,1,2,1,2,1,1,2,1,2,1,2,1,2,1,2,1,2,1,2,1,2,2,1,2,2,2,1,2,1,2,2,1,2,,1.0,54,,,15,,,2.0,2.0,2.0,1.0,2.0,1.0,2.0,1.0,2.0,1.0,,4.0,,,,,1.0,4.0,5.0,5.0,4.0,4.0,4.0,
559,5,5,5,5,5,5,5,5,1,3,,5.0,4.0,4.0,4.0,6.0,,,1.0,2700,,,,,1.0,3.0,1.0,6.0,1.0,1.0,1.0,1.0,2.0,1.0,7,5,3,3,6,6,6,6,4,1,45.0,18.0,47.0,44.0,62.0,66.0,41.0,63.0,81.0,47.0,2,1,1,2,2,2,2,2,1,1,1,2,1,1,2,2,1,1,1,1,1,1,2,1,1,1,2,2,1,1,2,2,2,1,2,2,2,2,1,1,,1.0,16,,,5,,,,,,,,,,,,,70.0,,,,,,,,,,2.0,5.0,6.0,
560,2,2,3,1,3,2,2,2,4,3,,,,,,,,,,,2.0,4.0,5.0,,,,,3.0,,,,,,,5,4,6,5,5,6,5,6,1,1,27.0,27.0,40.0,30.0,31.0,51.0,33.0,30.0,51.0,71.0,2,1,1,1,1,2,2,2,1,1,1,2,2,1,2,1,1,1,1,2,2,1,1,1,2,2,2,2,1,2,2,1,2,2,2,1,1,2,1,1,5.0,1.0,45,1.0,300,0,,,1.0,1.0,1.0,1.0,1.0,1.0,1.0,1.0,1.0,1.0,70.0,5.0,,,,1.0,2.0,3.0,3.0,2.0,,,,4.0
561,5,4,4,5,5,3,5,5,3,4,60.0,5.0,2.0,2.0,5.0,5.0,1.0,80,,,,,,,,,,,,,,,,,7,1,5,5,3,5,6,6,2,2,60.0,20.0,35.0,40.0,55.0,20.0,70.0,75.0,80.0,35.0,2,1,1,2,2,2,1,1,2,1,2,1,1,2,1,1,1,1,2,1,2,2,1,2,2,2,2,1,2,2,1,1,2,1,2,1,2,1,2,2,,,,1.0,300,10,3.0,5.0,1.0,1.0,2.0,1.0,2.0,2.0,1.0,2.0,1.0,1.0,,,,,,1.0,2.0,,,,5.0,5.0,6.0,
562,5,5,5,5,5,5,3,5,2,2,30.0,4.0,3.0,2.0,4.0,6.0,2.0,47,2.0,420,1.0,5.0,6.0,17,,2.0,1.0,,1.0,1.0,2.0,1.0,2.0,1.0,5,2,3,3,3,5,3,5,2,1,54.0,23.0,54.0,37.0,75.0,26.0,72.0,77.0,69.0,52.0,2,1,2,1,2,2,2,2,1,1,1,2,1,2,1,1,2,1,2,2,2,2,2,1,2,2,2,2,2,1,2,1,1,2,1,1,1,1,2,2,,,,,,,,6.0,,,,,,,,,,,,,,,,1.0,,,,,,,,
563,4,4,5,5,5,4,4,5,3,5,30.0,5.0,,,,,2.0,40,2.0,500,,,,19,2.0,2.0,2.0,6.0,1.0,1.0,1.0,1.0,1.0,1.0,7,2,3,3,5,5,5,6,3,1,38.0,41.0,43.0,39.0,44.0,24.0,41.0,59.0,55.0,44.0,1,1,1,2,2,2,1,2,1,2,1,1,2,2,1,1,1,1,1,2,2,2,1,2,2,2,2,1,2,1,2,1,2,2,1,2,1,2,2,1,6.0,,,,,,,,,,,,,,,,,,,,5.0,4.0,5.0,,,4.0,5.0,1.0,,,,
564,5,5,5,4,5,5,5,5,3,4,63.0,,3.0,3.0,4.0,5.0,1.0,72,,,2.0,5.0,5.0,,,,,4.0,,,,,,,7,2,2,2,2,6,7,7,3,1,54.0,55.0,62.0,43.0,52.0,43.0,62.0,71.0,50.0,48.0,1,2,1,1,2,1,2,1,2,2,2,1,2,2,2,1,2,2,2,2,2,2,2,2,1,2,2,1,1,1,1,1,1,2,1,2,2,2,2,1,,,,1.0,400,15,,,1.0,2.0,1.0,2.0,1.0,2.0,1.0,2.0,1.0,2.0,,2.0,,,,1.0,1.0,,,,,,,3.0
565,2,3,3,4,3,4,3,3,3,4,55.0,,3.0,1.0,1.0,5.0,2.0,56,2.0,900,,,,10,2.0,,,,1.0,1.0,1.0,2.0,1.0,1.0,4,2,3,3,4,3,4,4,2,1,45.0,51.0,38.0,43.0,69.0,59.0,82.0,82.0,44.0,57.0,1,1,2,1,1,2,1,2,1,1,1,1,1,1,2,2,1,1,1,2,1,1,1,1,2,2,2,2,2,2,2,2,2,2,1,2,1,1,2,1,,,,,,,2.0,4.0,,,,,,,,,,,,4.0,4.0,3.0,2.0,,1.0,,,,,,,
566,2,2,2,3,4,2,4,4,4,4,87.0,,,,,,2.0,40,2.0,500,,,,,1.0,,1.0,4.0,2.0,2.0,1.0,2.0,1.0,1.0,6,1,1,1,5,7,7,7,1,2,0.0,47.0,0.0,37.0,0.0,0.0,65.0,100.0,88.0,10.0,1,2,2,2,1,1,2,2,1,2,2,1,1,1,1,2,2,2,2,1,2,1,2,2,2,2,1,1,2,2,2,2,2,2,2,2,1,1,2,2,5.0,,,,,15,,,,,,,,,,,,,,2.0,2.0,4.0,4.0,,,1.0,1.0,6.0,,,,3.0
567,5,5,5,5,1,5,5,5,3,5,,,3.0,3.0,5.0,7.0,2.0,50,1.0,1500,,,,,2.0,1.0,1.0,,1.0,2.0,1.0,2.0,1.0,2.0,7,1,5,5,2,6,5,5,3,2,40.0,17.0,35.0,66.0,51.0,74.0,88.0,50.0,42.0,72.0,1,2,2,1,2,1,1,1,2,1,2,1,1,2,2,2,2,2,2,1,1,1,2,1,1,2,2,1,2,1,1,1,2,1,2,1,1,1,2,2,,,,,,20,,6.0,,,,,,,,,,,93.0,4.0,1.0,5.0,6.0,,,,,,,,,
568,4,5,4,5,5,5,5,5,4,5,35.0,4.0,,,,5.0,,,,,,,,15,1.0,,1.0,,,,,,,,6,4,2,2,4,5,7,7,3,2,50.0,70.0,52.0,90.0,98.0,80.0,55.0,52.0,52.0,95.0,2,2,2,2,2,2,1,2,2,2,1,2,2,1,2,1,2,2,2,1,1,2,2,2,1,2,1,2,2,2,2,1,2,1,2,2,2,2,1,2,,1.0,50,1.0,300,,10.0,4.0,1.0,1.0,2.0,1.0,1.0,1.0,1.0,2.0,1.0,1.0,,,,,,,,3.0,2.0,1.0,3.0,3.0,4.0,
569,3,3,4,2,4,3,4,5,4,4,,,,,,,2.0,48,2.0,900,,,,15,,,2.0,,1.0,1.0,2.0,1.0,1.0,2.0,5,2,3,1,2,5,5,6,2,1,40.0,60.0,50.0,30.0,55.0,45.0,66.0,65.0,60.0,80.0,1,1,1,2,1,2,2,1,1,2,2,2,1,1,1,1,1,1,1,1,1,1,1,1,1,1,1,2,1,2,2,2,1,1,1,1,1,1,2,1,2.0,,,,,,5.0,3.0,,,,,,,,,,,70.0,2.0,2.0,5.0,4.0,1.0,,5.0,3.0,2.0,,,,
570,4,4,4,4,4,4,4,4,2,3,61.0,5.0,,,,6.0,,,2.0,700,,,,,,,,,,,,,,,6,5,5,5,5,6,6,6,4,2,72.0,60.0,68.0,67.0,79.0,75.0,87.0,96.0,46.0,39.0,2,2,2,2,1,2,1,2,1,2,2,2,1,1,2,2,1,2,1,2,2,2,2,2,1,2,1,1,2,2,1,2,1,2,2,2,1,2,2,2,,1.0,27,,,5,,4.0,1.0,2.0,1.0,2.0,1.0,2.0,1.0,2.0,1.0,2.0,,,1.0,1.0,2.0,1.0,1.0,2.0,2.0,4.0,,,,2.0
571,3,4,4,4,3,2,2,5,4,4,,4.0,2.0,2.0,4.0,,,,,,2.0,4.0,3.0,,,,,4.0,1.0,1.0,1.0,1.0,1.0,1.0,5,1,2,3,2,7,6,7,1,1,16.0,18.0,23.0,28.0,31.0,2.0,49.0,78.0,4.0,34.0,2,2,2,2,2,1,1,2,1,2,1,1,2,2,1,2,1,2,2,1,1,2,2,1,2,1,2,1,2,1,2,1,2,1,1,1,1,1,1,2,5.0,1.0,50,1.0,300,15,10.0,,,,,,,,,,,,70.0,,,,,1.0,2.0,,,,,,,
572,5,5,4,5,5,2,4,4,5,3,73.0,,,,,3.0,,,,,,,,20,1.0,2.0,,2.0,,,,,,,7,1,1,7,2,6,7,5,3,2,72.0,74.0,73.0,97.0,69.0,10.0,79.0,75.0,86.0,50.0,2,1,1,1,2,2,2,2,2,2,2,1,1,1,2,1,1,1,1,1,2,1,1,1,1,1,1,2,2,2,1,2,2,2,1,1,2,2,1,1,,1.0,50,1.0,379,,,,1.0,1.0,1.0,1.0,1.0,1.0,1.0,1.0,1.0,1.0,,2.0,,,,,2.0,3.0,3.0,3.0,3.0,5.0,6.0,
573,4,4,4,4,4,4,4,4,4,2,,3.0,3.0,3.0,2.0,5.0,,,2.0,400,2.0,4.0,4.0,,2.0,1.0,2.0,4.0,,,,,,,6,4,4,4,2,4,5,5,2,1,70.0,69.0,67.0,69.0,65.0,62.0,71.0,79.0,63.0,40.0,2,2,2,2,2,2,2,1,2,2,2,2,2,1,1,1,2,1,2,2,2,2,1,2,2,2,2,2,2,2,1,1,2,2,2,2,2,1,2,2,,1.0,50,,,10,,,1.0,1.0,1.0,1.0,1.0,1.0,1.0,1.0,1.0,1.0,70.0,,,,,,,,,,,,,
574,2,4,3,1,4,4,4,2,4,3,,4.0,4.0,6.0,4.0,5.0,,,,,,,,,1.0,,1.0,4.0,,,,,,,7,5,5,5,1,5,5,5,2,1,31.0,31.0,31.0,39.0,59.0,50.0,51.0,40.0,64.0,50.0,1,1,2,2,1,2,2,1,2,2,2,2,2,1,2,1,1,2,2,2,1,2,1,1,1,2,2,2,2,1,2,2,1,2,2,2,2,1,2,1,,1.0,20,1.0,150,1,9.0,,1.0,1.0,1.0,1.0,1.0,1.0,1.0,1.0,1.0,1.0,87.0,,,,,,,,,,4.0,5.0,5.0,
575,2,1,1,1,2,1,1,1,5,4,,2.0,,,,7.0,2.0,25,,,,,,,2.0,2.0,2.0,2.0,1.0,1.0,2.0,1.0,2.0,1.0,6,2,1,2,3,5,7,6,2,2,25.0,40.0,30.0,45.0,55.0,25.0,75.0,45.0,70.0,60.0,2,2,1,1,2,1,1,1,2,1,2,1,1,1,1,1,1,1,2,2,1,2,1,2,2,2,2,2,1,1,1,2,1,1,1,2,2,1,2,2,,,,1.0,115,20,,,,,,,,,,,,,70.0,,1.0,3.0,3.0,,,4.0,3.0,2.0,,,,
576,5,4,5,5,4,5,4,5,1,4,70.0,,2.0,4.0,3.0,,2.0,37,,,1.0,5.0,6.0,10,2.0,,,6.0,,,,,,,6,1,2,1,5,7,7,7,3,2,60.0,30.0,60.0,55.0,30.0,25.0,40.0,99.0,60.0,30.0,1,1,2,2,2,1,1,2,1,2,2,2,2,1,1,1,2,2,2,2,2,1,2,2,2,1,2,1,2,2,2,2,2,1,1,2,2,1,2,2,6.0,,,1.0,125,,,,1.0,1.0,1.0,1.0,1.0,1.0,1.0,1.0,1.0,1.0,,2.0,,,,,2.0,,,,,,,6.0
577,2,5,3,4,3,1,4,5,4,5,19.0,5.0,5.0,1.0,3.0,,2.0,38,,,,,,3,2.0,,1.0,,,,,,,,5,1,1,1,5,7,6,5,3,1,13.0,37.0,19.0,35.0,9.0,17.0,39.0,73.0,55.0,33.0,1,2,2,2,1,1,1,1,1,1,2,2,1,1,2,2,1,1,2,2,1,1,1,2,2,1,1,2,1,2,2,1,2,2,2,2,1,2,1,2,3.0,,,1.0,130,,,6.0,1.0,2.0,2.0,2.0,1.0,2.0,1.0,2.0,2.0,1.0,,,2.0,3.0,3.0,,,,,,,,,6.0
578,4,5,4,4,5,5,5,4,2,2,30.0,,4.0,5.0,2.0,6.0,2.0,25,,,,,,15,2.0,3.0,,4.0,1.0,1.0,1.0,1.0,1.0,1.0,6,5,5,3,1,5,6,5,3,2,73.0,60.0,55.0,60.0,70.0,80.0,74.0,67.0,40.0,58.0,1,2,1,2,2,2,1,1,1,2,2,1,2,1,1,2,2,2,1,1,2,1,2,1,2,2,1,1,1,1,1,2,2,1,2,1,1,2,2,2,,,,1.0,350,,,,,,,,,,,,,,,2.0,1.0,4.0,4.0,,2.0,,,,,,,
579,4,4,4,5,4,5,5,5,5,5,65.0,4.0,,,,6.0,2.0,50,2.0,300,1.0,5.0,4.0,,,3.0,,4.0,1.0,1.0,2.0,1.0,2.0,1.0,6,2,2,3,3,5,6,5,3,1,45.0,30.0,30.0,50.0,45.0,60.0,50.0,60.0,25.0,35.0,2,1,2,2,1,2,1,1,2,2,2,2,1,2,2,2,2,1,1,1,2,2,1,2,1,1,2,1,1,1,2,1,1,1,2,2,2,2,2,2,,,,,,10,,,,,,,,,,,,,,,,,,1.0,1.0,3.0,3.0,3.0,,,,
580,4,3,4,5,4,2,4,3,4,3,85.0,,3.0,2.0,2.0,,,,2.0,870,3.0,4.0,5.0,,2.0,,1.0,,1.0,1.0,1.0,2.0,1.0,2.0,4,2,3,5,2,3,5,4,2,2,60.0,52.0,66.0,58.0,51.0,30.0,64.0,30.0,71.0,57.0,1,1,1,1,2,1,1,1,1,1,1,2,1,2,2,1,2,1,2,2,2,1,2,2,2,2,1,1,1,1,2,1,2,1,1,2,2,1,2,1,4.0,1.0,51,,,18,,3.0,,,,,,,,,,,,2.0,,,,,,,,,,,,5.0
581,5,4,4,5,4,5,4,4,5,4,,5.0,,,,,,,,,,,,17,2.0,,1.0,4.0,,,,,,,5,4,3,5,2,4,6,6,4,1,90.0,74.0,73.0,85.0,65.0,94.0,66.0,56.0,98.0,70.0,2,1,1,2,1,1,2,1,2,2,1,2,1,1,1,1,1,2,1,1,1,1,1,1,1,2,1,1,1,1,2,1,2,1,2,1,1,2,2,2,6.0,1.0,54,1.0,350,,6.0,,1.0,1.0,1.0,1.0,1.0,1.0,2.0,2.0,2.0,2.0,86.0,,,,,,,1.0,1.0,1.0,2.0,4.0,5.0,
582,2,4,4,5,4,3,4,5,4,4,30.0,4.0,3.0,4.0,3.0,6.0,2.0,23,1.0,2500,2.0,2.0,4.0,,2.0,2.0,,,,,,,,,6,5,5,5,2,5,5,3,2,2,5.0,16.0,35.0,65.0,40.0,20.0,59.0,45.0,20.0,30.0,1,2,2,1,2,2,1,1,2,1,1,2,2,1,1,2,2,2,1,2,2,1,2,1,2,2,2,1,1,1,2,2,2,2,2,2,2,1,2,2,,,,,,10,,4.0,1.0,1.0,1.0,1.0,1.0,1.0,1.0,1.0,1.0,1.0,,,,,,,2.0,,,,,,,
583,2,3,2,3,4,4,4,3,2,2,75.0,,,,,6.0,1.0,100,2.0,500,,,,,,,,,1.0,1.0,1.0,1.0,1.0,2.0,7,5,6,6,3,5,5,5,3,2,16.0,45.0,55.0,60.0,70.0,60.0,75.0,81.0,40.0,50.0,1,2,2,1,1,2,2,1,2,1,2,2,1,1,1,1,1,1,1,2,2,1,2,1,2,2,1,1,2,2,1,2,2,2,2,2,1,1,2,2,,,,,,10,9.0,4.0,,,,,,,,,,,,4.0,,,,1.0,2.0,3.0,4.0,3.0,3.0,5.0,6.0,
584,3,3,3,3,3,3,5,3,2,3,,,,,,,,,2.0,50,,,,7,,2.0,,4.0,,,,,,,6,1,4,4,1,7,7,5,2,1,50.0,50.0,50.0,51.0,51.0,45.0,93.0,74.0,28.0,63.0,2,2,1,2,1,1,2,1,1,1,2,1,2,1,1,1,1,2,2,1,2,1,2,1,2,2,1,2,1,2,1,2,1,1,1,2,2,2,2,1,3.0,1.0,70,,,,,,1.0,1.0,1.0,2.0,1.0,2.0,2.0,1.0,1.0,1.0,49.0,3.0,1.0,4.0,4.0,2.0,1.0,4.0,3.0,2.0,,,,
585,1,3,1,1,1,1,1,1,5,4,99.0,,5.0,4.0,4.0,6.0,,,,,1.0,1.0,1.0,5,,,,,1.0,1.0,2.0,1.0,2.0,1.0,5,1,6,6,3,5,7,7,1,2,20.0,7.0,7.0,5.0,9.0,7.0,23.0,11.0,86.0,18.0,1,2,2,2,2,2,2,2,2,2,2,2,2,2,1,1,2,2,2,1,2,2,2,2,2,1,2,2,2,2,2,2,2,1,2,2,2,1,1,2,,1.0,56,1.0,200,,10.0,1.0,,,,,,,,,,,,2.0,,,,1.0,1.0,,,,,,,
586,2,4,4,4,5,3,4,5,5,3,30.0,,5.0,3.0,5.0,,,,2.0,360,1.0,5.0,5.0,10,,3.0,,,1.0,1.0,1.0,1.0,2.0,2.0,7,1,1,3,5,6,7,6,2,2,30.0,50.0,40.0,60.0,40.0,50.0,50.0,80.0,75.0,50.0,2,2,1,1,2,1,2,2,1,1,2,2,2,1,1,1,1,2,2,1,2,2,1,1,1,1,1,1,1,2,2,2,2,2,2,1,1,2,1,2,3.0,1.0,54,,,,,6.0,,,,,,,,,,,,3.0,,,,1.0,1.0,,,,,,,
587,1,4,5,5,3,1,5,5,5,3,30.0,5.0,1.0,3.0,1.0,7.0,,,,,,,,,2.0,,,6.0,,,,,,,7,1,1,3,1,5,6,6,2,1,10.0,60.0,70.0,90.0,10.0,5.0,100.0,95.0,40.0,20.0,2,2,1,1,1,1,2,2,1,1,1,2,1,1,1,1,2,1,1,2,2,2,2,1,1,2,1,2,1,1,1,2,1,1,1,2,1,1,2,1,,1.0,37,1.0,200,15,,,1.0,1.0,1.0,1.0,1.0,1.0,1.0,1.0,1.0,1.0,,,2.0,5.0,5.0,,1.0,,,,,,,1.0
588,5,5,5,5,3,5,5,5,1,2,70.0,5.0,5.0,4.0,4.0,6.0,2.0,46,1.0,1250,2.0,5.0,2.0,,2.0,,1.0,5.0,1.0,1.0,2.0,1.0,2.0,1.0,6,2,4,3,3,6,5,6,4,1,45.0,40.0,62.0,70.0,80.0,28.0,79.0,54.0,62.0,42.0,1,1,2,1,2,2,1,1,1,1,1,2,1,1,1,1,2,1,1,1,2,1,1,1,1,2,2,1,1,1,2,1,1,2,1,2,2,1,1,2,,,,,,10,5.0,,,,,,,,,,,,,,,,,,,,,,,,,
589,4,4,5,4,4,2,4,2,5,4,,,,,,6.0,,,2.0,400,,,,1,,4.0,,,,,,,,,6,1,1,1,1,6,6,6,1,2,47.0,56.0,50.0,40.0,43.0,36.0,51.0,6.0,90.0,57.0,1,2,1,2,1,1,2,1,1,1,1,1,1,1,2,1,2,1,1,1,2,1,1,1,1,1,2,1,1,1,2,1,2,1,1,1,1,1,1,2,,1.0,50,,,,,2.0,2.0,2.0,1.0,1.0,1.0,1.0,2.0,2.0,2.0,1.0,90.0,6.0,,,,2.0,2.0,1.0,1.0,1.0,3.0,5.0,5.0,
590,4,5,4,4,4,4,3,5,2,5,77.0,5.0,,,,6.0,2.0,58,2.0,400,,,,5,,1.0,1.0,3.0,1.0,1.0,2.0,1.0,1.0,2.0,7,5,5,5,5,5,6,6,4,1,64.0,68.0,68.0,73.0,69.0,67.0,78.0,83.0,61.0,68.0,2,2,2,2,1,2,2,2,2,2,2,2,2,2,1,2,2,1,2,2,2,2,2,2,2,2,2,2,2,2,1,2,2,2,1,2,1,2,2,2,,,,,,,,,,,,,,,,,,,,,,,,1.0,,3.0,4.0,3.0,4.0,5.0,4.0,
591,3,4,4,5,4,5,1,5,4,2,,2.0,,,,4.0,,,1.0,5000,,,,15,1.0,,,4.0,1.0,1.0,2.0,1.0,1.0,2.0,6,2,4,5,1,5,6,5,3,1,60.0,40.0,55.0,62.0,50.0,60.0,65.0,70.0,60.0,15.0,2,2,1,2,2,2,2,2,2,2,1,2,2,1,1,2,2,1,2,1,2,2,1,2,2,2,2,2,1,2,2,2,2,2,1,2,2,2,2,2,,1.0,20,,,,,,,,,,,,,,,,88.0,,5.0,1.0,3.0,,2.0,3.0,4.0,2.0,,,,2.0
592,4,5,5,5,5,4,5,5,5,3,30.0,,4.0,2.0,2.0,5.0,,,,,,,,5,,4.0,,,1.0,1.0,2.0,1.0,2.0,1.0,7,5,2,1,2,6,5,7,3,1,25.0,25.0,20.0,51.0,76.0,29.0,75.0,80.0,80.0,50.0,2,1,2,2,1,2,1,1,1,2,1,2,2,2,1,1,2,2,2,1,1,2,2,1,1,1,2,1,1,2,1,2,1,1,2,1,1,2,2,2,,1.0,10,1.0,115,,,6.0,,,,,,,,,,,,2.0,5.0,5.0,6.0,1.0,1.0,,,,,,,
593,4,4,5,3,4,4,5,2,5,4,62.0,4.0,,,,,2.0,54,,,,,,11,,,,5.0,,,,,,,6,3,5,5,2,6,6,7,1,2,45.0,59.0,52.0,61.0,50.0,34.0,52.0,68.0,87.0,55.0,1,2,1,2,1,1,1,2,1,2,1,2,1,2,1,2,1,2,1,1,1,1,2,1,1,1,2,1,1,2,1,1,2,1,2,1,2,1,1,1,2.0,,,1.0,350,,,,1.0,1.0,1.0,2.0,1.0,1.0,2.0,1.0,2.0,1.0,,,5.0,4.0,5.0,1.0,1.0,3.0,5.0,2.0,,,,2.0
594,2,4,4,5,5,5,5,4,4,5,30.0,3.0,4.0,5.0,3.0,,2.0,50,1.0,1200,5.0,4.0,6.0,,2.0,,1.0,,1.0,1.0,1.0,1.0,1.0,1.0,7,7,6,6,1,7,5,5,2,1,49.0,49.0,49.0,49.0,49.0,35.0,55.0,40.0,40.0,60.0,1,1,2,1,2,2,2,2,1,2,1,1,1,2,2,1,2,2,2,2,1,1,2,2,1,1,2,2,2,2,1,1,2,2,2,1,2,2,2,2,6.0,,,,,20,,3.0,,,,,,,,,,,,,,,,,,,,,,,,3.0
595,5,5,5,3,5,5,5,5,4,5,,,2.0,4.0,5.0,,2.0,55,2.0,375,1.0,5.0,6.0,,,1.0,1.0,,1.0,1.0,1.0,1.0,2.0,2.0,7,1,1,1,1,5,7,7,1,1,57.0,39.0,53.0,31.0,70.0,75.0,65.0,74.0,67.0,75.0,2,2,1,2,2,2,2,1,2,1,2,2,2,2,2,2,1,1,2,2,2,2,2,1,2,2,2,2,2,1,2,2,2,2,2,2,2,2,2,1,6.0,,,,,15,,4.0,,,,,,,,,,,35.0,2.0,,,,1.0,,,,,,,,
596,3,5,4,4,4,3,4,3,3,4,80.0,3.0,,,,6.0,2.0,20,2.0,750,,,,20,2.0,,2.0,,,,,,,,6,4,5,5,3,5,5,5,3,2,30.0,40.0,25.0,50.0,50.0,35.0,55.0,30.0,50.0,60.0,1,2,1,1,1,1,2,2,1,2,1,2,1,1,2,2,1,1,2,1,1,1,1,2,2,1,2,1,1,2,1,2,2,2,2,2,1,1,1,2,,,,,,,,3.0,1.0,1.0,2.0,1.0,1.0,1.0,2.0,1.0,1.0,2.0,,,,,,,,4.0,5.0,3.0,1.0,4.0,4.0,1.0
597,4,5,4,3,5,5,5,5,1,4,30.0,4.0,,,,7.0,,,,,4.0,4.0,4.0,,,2.0,1.0,5.0,1.0,1.0,2.0,1.0,2.0,1.0,6,1,1,2,2,5,6,6,3,2,35.0,66.0,35.0,42.0,67.0,52.0,77.0,71.0,14.0,58.0,2,1,1,1,2,1,1,1,2,1,1,2,1,2,2,1,2,2,2,2,1,2,2,2,2,1,2,2,1,2,1,1,2,2,1,1,2,2,2,1,,1.0,54,1.0,300,10,,,,,,,,,,,,,,,,,,2.0,,4.0,3.0,4.0,,,,
598,4,4,5,5,3,5,5,5,1,3,70.0,,2.0,4.0,3.0,7.0,,,,,,,,15,2.0,,,,,,,,,,7,2,4,2,1,3,4,7,3,1,80.0,60.0,100.0,100.0,50.0,100.0,100.0,100.0,0.0,0.0,2,1,2,2,1,2,2,2,2,2,2,2,2,2,1,1,2,2,2,2,1,2,2,1,2,2,1,2,2,2,2,2,2,2,1,2,2,2,2,2,,2.0,6,1.0,95,,10.0,6.0,1.0,1.0,2.0,1.0,1.0,1.0,2.0,1.0,1.0,2.0,,2.0,1.0,5.0,5.0,,2.0,,,,,,,
599,5,3,5,5,5,5,4,3,4,2,34.0,,3.0,4.0,3.0,7.0,2.0,55,1.0,1200,,,,15,1.0,2.0,,,1.0,1.0,2.0,1.0,1.0,2.0,7,2,5,5,1,5,5,5,3,2,51.0,26.0,66.0,71.0,73.0,91.0,45.0,12.0,61.0,20.0,1,1,1,1,1,2,1,1,2,1,1,2,2,2,1,1,1,2,1,2,1,1,1,2,1,1,2,2,1,1,2,1,2,1,2,2,1,2,1,1,,,,,,,,4.0,,,,,,,,,,,,2.0,,,,,1.0,,,,1.0,3.0,4.0,
600,4,3,4,4,4,5,4,4,3,3,,4.0,2.0,3.0,3.0,6.0,,,2.0,50,,,,10,2.0,,1.0,,1.0,2.0,2.0,1.0,1.0,2.0,6,4,5,5,2,6,5,5,3,2,46.0,37.0,49.0,47.0,35.0,45.0,68.0,48.0,53.0,53.0,1,2,1,1,2,2,2,2,2,2,2,1,2,2,2,2,2,2,1,2,2,1,2,2,2,2,2,1,2,2,1,1,2,2,1,1,1,1,2,2,,1.0,15,,,,8.0,5.0,,,,,,,,,,,92.0,,,,,,,,,,2.0,5.0,5.0,
601,4,4,4,4,4,5,4,5,2,1,30.0,,3.0,3.0,3.0,5.0,,,2.0,800,,,,18,,,,,,,,,,,6,3,7,7,3,6,5,5,4,1,35.0,20.0,20.0,30.0,40.0,45.0,30.0,65.0,30.0,25.0,2,2,2,2,2,2,2,2,2,2,2,2,2,2,1,2,2,1,1,2,1,2,1,2,2,2,1,2,2,1,2,2,2,1,1,2,2,2,1,2,,1.0,20,,,,,3.0,1.0,1.0,1.0,1.0,1.0,1.0,1.0,1.0,1.0,1.0,,4.0,5.0,5.0,5.0,1.0,2.0,,,,,,,5.0
602,4,4,5,5,4,5,5,5,2,3,100.0,3.0,,,,5.0,2.0,50,,,,,,20,,3.0,,,,,,,,,6,3,5,4,3,6,5,5,3,1,45.0,35.0,45.0,55.0,75.0,40.0,55.0,65.0,55.0,70.0,2,2,2,2,1,2,2,1,1,2,2,1,2,2,1,2,2,2,2,2,2,2,1,1,2,2,2,2,2,1,1,2,1,2,1,1,2,1,2,2,,,,1.0,250,,,5.0,1.0,1.0,1.0,1.0,1.0,1.0,1.0,1.0,1.0,1.0,,,5.0,4.0,5.0,2.0,1.0,3.0,3.0,3.0,,,,
603,5,5,5,5,5,5,5,5,1,4,,,,,,,1.0,120,,,4.0,5.0,4.0,,,,1.0,,,,,,,,6,5,7,5,2,3,3,3,3,1,45.0,60.0,45.0,70.0,65.0,60.0,75.0,60.0,50.0,65.0,2,1,2,1,1,1,2,2,1,2,2,1,1,1,2,2,2,2,2,2,2,2,2,1,2,2,2,2,1,2,2,1,1,1,1,2,1,1,2,1,7.0,,,1.0,500,20,,6.0,1.0,1.0,1.0,1.0,1.0,1.0,1.0,1.0,1.0,1.0,70.0,2.0,,,,1.0,,4.0,4.0,3.0,,,,10.0
604,3,3,3,3,4,3,4,2,4,4,30.0,5.0,,,,,1.0,80,1.0,2000,5.0,1.0,3.0,,2.0,,,3.0,,,,,,,6,5,5,5,2,4,5,5,2,1,50.0,70.0,50.0,60.0,75.0,70.0,65.0,25.0,60.0,60.0,2,2,2,1,2,2,1,1,1,1,2,1,2,2,2,2,2,2,2,2,2,2,1,2,2,2,2,2,2,1,2,1,2,1,1,2,1,1,2,2,3.0,,,,,10,,,1.0,1.0,1.0,1.0,1.0,1.0,1.0,1.0,1.0,1.0,,,,,,,2.0,3.0,3.0,1.0,,,,2.0
605,3,4,5,5,3,5,4,5,2,3,,3.0,3.0,3.0,6.0,,2.0,54,,,4.0,2.0,3.0,,2.0,,1.0,6.0,1.0,1.0,1.0,1.0,2.0,2.0,7,2,6,4,4,7,6,5,3,1,70.0,90.0,70.0,85.0,55.0,75.0,65.0,95.0,35.0,50.0,1,2,2,1,1,2,1,2,2,1,1,1,1,1,2,2,1,2,2,2,1,1,1,1,2,1,1,2,1,2,1,2,1,2,2,1,1,1,2,2,6.0,,,1.0,100,0,,,,,,,,,,,,,65.0,,,,,,,,,,,,,3.0
606,4,3,4,5,5,3,4,4,4,5,,5.0,,,,7.0,1.0,85,,,,,,5,,,2.0,,,,,,,,6,4,5,6,4,6,5,6,4,2,64.0,49.0,40.0,72.0,65.0,50.0,88.0,62.0,42.0,78.0,1,2,1,1,2,1,1,2,1,2,1,1,1,1,1,1,2,2,1,2,1,1,2,1,2,1,2,2,1,1,2,1,1,2,2,2,1,2,1,1,,,,1.0,141,,4.0,5.0,1.0,2.0,2.0,1.0,1.0,1.0,1.0,1.0,2.0,1.0,70.0,,,,,1.0,,4.0,3.0,2.0,2.0,4.0,5.0,
607,5,5,5,5,5,5,5,5,4,4,100.0,,4.0,2.0,2.0,,2.0,20,2.0,700,4.0,5.0,6.0,,2.0,,2.0,5.0,,,,,,,7,5,2,2,2,7,7,7,3,2,75.0,80.0,75.0,80.0,85.0,65.0,70.0,95.0,75.0,85.0,2,1,2,1,1,2,2,1,1,2,1,1,2,1,2,2,1,1,1,2,1,1,1,2,2,1,2,1,1,2,2,1,1,1,1,2,1,2,1,1,6.0,,,,,12,,,1.0,1.0,1.0,2.0,2.0,2.0,1.0,1.0,2.0,2.0,,5.0,,,,,,,,,,,,4.0
608,4,4,4,3,4,4,5,4,4,4,70.0,,5.0,5.0,5.0,5.0,,,1.0,3000,,,,17,2.0,1.0,1.0,5.0,,,,,,,6,4,1,1,2,6,7,7,2,1,62.0,69.0,69.0,67.0,61.0,62.0,80.0,65.0,68.0,72.0,2,1,1,2,2,2,2,2,1,2,1,1,2,1,2,2,2,2,1,2,1,1,2,2,2,1,2,1,1,1,2,1,2,2,1,2,1,1,2,1,,1.0,25,,,,,,2.0,2.0,2.0,2.0,2.0,2.0,2.0,2.0,2.0,2.0,,1.0,,,,,,,,,2.0,4.0,5.0,
609,3,2,3,4,4,2,4,3,3,4,,,,,,,,,,,,,,,2.0,,1.0,,1.0,1.0,1.0,1.0,2.0,2.0,6,3,5,5,2,5,7,7,3,2,45.0,52.0,57.0,69.0,59.0,43.0,79.0,82.0,68.0,69.0,2,2,2,1,2,2,2,1,1,2,2,2,2,1,2,2,1,1,1,2,2,1,1,2,1,1,1,1,2,1,2,1,2,2,2,2,2,2,2,1,4.0,1.0,40,1.0,155,15,,4.0,,,,,,,,,,,61.0,3.0,3.0,5.0,6.0,,,3.0,4.0,2.0,,,,4.0
610,4,4,4,5,5,4,5,5,4,4,,4.0,,,,,1.0,80,1.0,1400,,,,5,1.0,2.0,,4.0,1.0,1.0,1.0,1.0,2.0,2.0,5,2,3,3,2,3,5,5,3,1,62.0,32.0,22.0,40.0,60.0,15.0,42.0,32.0,60.0,28.0,2,2,2,1,1,1,1,1,2,2,2,1,2,2,2,2,2,1,1,2,2,2,2,1,1,2,1,1,1,1,2,2,2,2,1,1,2,2,2,2,4.0,,,,,,,,,,,,,,,,,,100.0,,2.0,5.0,6.0,,1.0,3.0,3.0,2.0,,,,
611,4,5,4,5,3,5,5,5,1,5,,,4.0,5.0,2.0,6.0,,,,,,,,18,,,1.0,,1.0,1.0,2.0,1.0,1.0,2.0,7,1,4,2,2,5,5,5,3,1,76.0,87.0,67.0,94.0,51.0,37.0,99.0,87.0,53.0,99.0,2,2,2,2,2,2,2,2,2,2,1,2,2,2,2,2,2,2,2,2,2,2,2,2,2,2,2,2,2,2,1,2,2,2,2,2,2,2,2,2,,1.0,50,1.0,120,,3.0,1.0,,,,,,,,,,,83.0,2.0,5.0,5.0,6.0,2.0,,,,,,,,
612,4,4,2,3,5,5,5,2,4,5,30.0,5.0,,,,6.0,2.0,45,1.0,1200,4.0,5.0,6.0,,1.0,,1.0,,,,,,,,5,1,2,3,5,6,6,5,3,1,50.0,45.0,40.0,40.0,70.0,55.0,70.0,30.0,55.0,60.0,1,2,1,1,1,1,1,2,2,2,1,1,2,2,2,2,2,2,2,2,2,2,2,2,1,2,2,2,2,1,2,2,2,2,2,2,2,2,1,2,,,,,,15,,2.0,1.0,1.0,1.0,1.0,1.0,1.0,1.0,1.0,1.0,1.0,,,,,,,,4.0,4.0,2.0,,,,2.0
613,4,4,4,4,4,4,5,5,2,3,60.0,4.0,3.0,3.0,3.0,6.0,2.0,45,2.0,350,,,,10,2.0,,,5.0,,,,,,,6,2,3,3,2,5,6,6,3,1,45.0,35.0,42.0,48.0,55.0,40.0,75.0,52.0,50.0,50.0,2,1,2,2,2,2,2,2,1,2,2,2,1,2,2,1,1,1,2,2,2,2,2,1,2,1,2,2,2,2,1,2,2,1,2,2,2,2,2,1,,,,,,,9.0,,1.0,1.0,2.0,1.0,1.0,2.0,1.0,2.0,1.0,1.0,,,,,,,1.0,,,,2.0,5.0,6.0,
614,5,5,5,3,3,5,5,5,3,3,81.0,3.0,,,,3.0,2.0,64,,,,,,0,1.0,10.0,,6.0,,,,,,,7,1,1,1,1,7,7,7,4,2,88.0,89.0,86.0,75.0,88.0,89.0,88.0,88.0,81.0,91.0,2,2,2,2,2,2,2,2,2,2,2,2,2,2,2,1,2,2,2,2,2,2,2,2,2,2,2,2,2,2,1,2,2,2,2,2,2,1,2,2,,,,1.0,86,,,,1.0,1.0,1.0,1.0,1.0,1.0,1.0,1.0,1.0,1.0,,,4.0,5.0,6.0,,1.0,5.0,5.0,1.0,,,,
615,5,3,4,4,5,4,2,2,3,1,30.0,,2.0,1.0,1.0,6.0,,,,,,,,,,,,,,,,,,,7,2,3,6,2,3,3,3,4,1,35.0,20.0,40.0,45.0,60.0,45.0,75.0,60.0,75.0,30.0,2,2,1,2,2,1,1,1,2,1,1,2,2,2,2,1,2,1,1,2,1,2,2,2,2,2,1,2,1,2,2,2,2,1,2,2,2,2,2,2,,1.0,55,1.0,300,18,,4.0,1.0,1.0,1.0,1.0,1.0,1.0,1.0,1.0,1.0,1.0,,4.0,,,,1.0,2.0,,,,5.0,4.0,6.0,10.0
616,2,2,2,5,5,5,5,5,2,2,,,,,,,2.0,35,,,,,,,,,2.0,5.0,,,,,,,6,1,6,6,2,5,6,6,3,1,20.0,29.0,19.0,80.0,80.0,50.0,80.0,87.0,50.0,69.0,2,2,2,1,2,1,2,1,1,2,1,2,2,1,1,2,2,2,2,1,2,1,2,2,1,2,1,2,1,1,2,2,1,2,2,2,1,1,1,2,6.0,,,1.0,250,10,,,1.0,1.0,2.0,1.0,2.0,1.0,1.0,1.0,2.0,1.0,90.0,4.0,,,,1.0,,2.0,5.0,3.0,4.0,5.0,6.0,3.0
617,4,3,4,4,5,4,4,5,2,3,,3.0,,,,,,,,,,,,,,,2.0,,,,,,,,5,5,5,3,5,5,6,6,3,1,60.0,30.0,60.0,70.0,85.0,65.0,55.0,55.0,50.0,25.0,2,2,1,1,1,2,2,1,1,2,2,1,2,2,2,2,2,1,2,1,1,2,2,2,1,2,2,1,2,1,2,1,1,1,2,2,2,2,2,2,6.0,1.0,25,1.0,300,15,7.0,4.0,1.0,1.0,2.0,1.0,2.0,1.0,1.0,1.0,2.0,1.0,70.0,,2.0,4.0,5.0,1.0,,3.0,4.0,2.0,,,,
618,4,3,3,4,4,3,4,3,2,3,80.0,,4.0,4.0,4.0,,,,2.0,75,,,,20,,,2.0,,,,,,,,6,3,4,4,5,6,6,6,2,1,28.0,22.0,18.0,32.0,38.0,38.0,39.0,57.0,32.0,35.0,2,1,2,2,1,1,2,1,1,2,1,1,1,2,2,1,2,2,1,2,2,2,1,1,2,2,2,2,2,1,2,2,1,1,2,2,1,2,1,2,6.0,1.0,50,,,,5.0,4.0,1.0,1.0,2.0,1.0,2.0,2.0,2.0,1.0,2.0,1.0,,2.0,5.0,4.0,4.0,1.0,,,,,,,,
619,2,1,1,1,3,1,1,3,5,4,,,3.0,2.0,5.0,,,,,,,,,,1.0,,,,,,,,,,6,5,6,6,5,6,5,5,3,2,40.0,35.0,45.0,40.0,20.0,35.0,40.0,60.0,55.0,45.0,2,1,2,2,2,2,1,2,2,1,1,2,1,1,1,2,2,2,1,2,1,1,1,2,2,1,1,2,2,2,1,2,1,2,2,2,1,2,2,1,5.0,1.0,21,1.0,130,15,10.0,3.0,1.0,1.0,2.0,1.0,1.0,1.0,2.0,1.0,1.0,2.0,80.0,3.0,,,,,2.0,,,,2.0,4.0,4.0,
620,1,4,1,1,4,1,1,1,5,3,95.0,,,,,7.0,2.0,45,,,,,,20,1.0,2.0,,,,,,,,,3,5,4,4,2,2,2,2,3,2,20.0,42.0,20.0,42.0,48.0,42.0,20.0,42.0,48.0,48.0,2,2,1,2,2,2,2,2,1,1,1,2,1,1,2,1,2,1,1,2,2,1,2,1,2,2,2,1,2,1,1,2,1,2,1,1,2,1,1,2,,,,1.0,300,,,4.0,1.0,1.0,2.0,1.0,1.0,2.0,1.0,1.0,2.0,1.0,,4.0,,,,,2.0,5.0,3.0,2.0,1.0,4.0,2.0,
621,5,5,5,4,3,4,1,5,1,3,,5.0,4.0,6.0,2.0,6.0,,,2.0,500,,,,15,,1.0,2.0,,1.0,1.0,2.0,1.0,1.0,2.0,7,5,1,2,3,3,6,7,1,2,30.0,25.0,30.0,20.0,65.0,30.0,50.0,65.0,20.0,50.0,2,1,2,2,2,2,2,2,2,2,2,2,2,2,2,2,2,2,2,2,2,2,2,2,2,2,2,2,2,1,2,2,1,2,2,2,2,2,2,2,,2.0,8,,,,,4.0,,,,,,,,,,,90.0,,,,,1.0,,,,,1.0,5.0,2.0,
622,4,4,5,4,5,5,5,5,1,4,,3.0,,,,6.0,2.0,47,2.0,50,,,,,1.0,,1.0,,1.0,1.0,1.0,1.0,1.0,2.0,7,1,2,2,5,7,7,7,4,1,58.0,45.0,66.0,22.0,31.0,10.0,42.0,7.0,59.0,34.0,1,1,1,1,1,2,1,1,1,1,2,2,2,2,2,1,2,2,2,2,2,1,1,1,1,2,1,2,1,1,1,1,1,2,1,1,1,1,1,2,,,,,,10,,3.0,,,,,,,,,,,95.0,,,,,,,5.0,5.0,3.0,3.0,5.0,6.0,7.0
623,1,1,1,1,1,1,3,1,5,4,,,5.0,4.0,5.0,,1.0,75,2.0,900,,,,,,2.0,1.0,,1.0,1.0,1.0,2.0,2.0,1.0,5,5,2,3,2,2,5,6,3,2,40.0,40.0,40.0,0.0,30.0,30.0,60.0,25.0,60.0,45.0,1,2,2,2,1,1,2,1,2,1,2,2,2,1,1,1,2,2,2,2,2,2,1,2,1,1,1,2,2,2,1,2,2,2,2,2,2,1,1,1,6.0,,,,,5,,1.0,,,,,,,,,,,90.0,2.0,5.0,5.0,5.0,1.0,,,,,,,,
624,5,5,5,4,5,5,4,5,2,4,75.0,,4.0,3.0,4.0,6.0,2.0,15,,,,,,,,2.0,1.0,,1.0,1.0,1.0,1.0,1.0,1.0,5,1,1,6,1,6,5,7,2,2,65.0,45.0,40.0,32.0,45.0,25.0,37.0,65.0,76.0,31.0,2,2,2,2,2,1,2,1,2,1,1,2,2,2,1,2,2,2,2,2,2,2,2,2,2,1,2,2,2,2,2,2,2,2,1,1,2,2,2,2,,,,1.0,100,10,,2.0,,,,,,,,,,,,2.0,1.0,4.0,3.0,1.0,,,,,,,,
625,4,3,5,2,5,5,4,5,4,4,,5.0,5.0,6.0,3.0,6.0,,,,,1.0,5.0,2.0,,2.0,1.0,,,1.0,2.0,1.0,2.0,1.0,2.0,7,2,5,3,6,7,7,7,2,1,70.0,45.0,77.0,39.0,65.0,83.0,75.0,86.0,73.0,84.0,1,2,1,2,2,1,1,1,2,2,1,1,2,2,2,1,1,2,2,2,2,2,2,2,2,2,1,2,2,2,2,2,2,2,2,1,1,1,1,2,,2.0,10,2.0,83,18,,6.0,,,,,,,,,,,90.0,,,,,,2.0,,,,,,,
626,5,4,4,5,4,4,5,5,3,5,,2.0,,,,3.0,,,1.0,2200,,,,,2.0,4.0,,5.0,,,,,,,6,3,6,5,2,3,6,6,3,2,81.0,76.0,73.0,68.0,70.0,64.0,62.0,72.0,70.0,71.0,2,1,2,1,1,2,1,2,1,1,1,1,2,1,1,1,1,2,1,1,1,1,1,1,1,1,1,1,1,2,1,1,1,1,1,1,2,1,2,1,,1.0,52,,,8,,,1.0,1.0,1.0,1.0,1.0,1.0,1.0,2.0,2.0,2.0,70.0,,,,,,2.0,5.0,2.0,2.0,4.0,5.0,5.0,
627,1,1,1,1,1,1,1,1,5,1,30.0,,4.0,4.0,3.0,7.0,2.0,30,2.0,500,1.0,1.0,1.0,,2.0,2.0,,1.0,1.0,1.0,1.0,1.0,1.0,1.0,2,1,6,5,2,6,5,5,1,1,11.0,3.0,1.0,1.0,1.0,5.0,2.0,2.0,89.0,2.0,2,2,1,1,2,2,2,1,2,2,2,2,2,2,2,2,2,2,2,2,2,2,2,2,2,1,2,1,2,1,1,2,2,2,2,2,2,2,2,1,,,,,,20,,,,,,,,,,,,,,1.0,,,,,2.0,,,,,,,
628,2,4,3,2,4,1,2,4,5,4,,,2.0,5.0,3.0,,,,,,,,,,,,,,1.0,2.0,1.0,2.0,1.0,2.0,6,1,1,1,4,6,7,7,4,2,15.0,20.0,10.0,45.0,50.0,5.0,40.0,35.0,60.0,40.0,1,2,2,1,1,1,2,1,2,1,1,1,1,1,1,2,1,1,1,1,1,2,1,2,1,1,1,1,1,1,1,2,2,1,2,1,1,1,1,1,6.0,2.0,10,1.0,90,10,,4.0,,,,,,,,,,,70.0,1.0,4.0,4.0,4.0,1.0,2.0,,,,,,,2.0
629,4,3,5,5,3,5,5,4,1,3,,3.0,,,,5.0,,,2.0,900,,,,20,,,1.0,,,,,,,,6,2,2,4,3,6,6,4,3,1,55.0,40.0,50.0,70.0,50.0,55.0,80.0,45.0,40.0,50.0,2,2,1,1,2,2,1,2,2,2,2,2,2,1,2,2,1,1,2,1,2,1,2,1,2,2,2,2,1,1,2,2,1,2,2,1,1,2,1,2,,1.0,14,,,,,5.0,1.0,1.0,1.0,1.0,1.0,1.0,1.0,1.0,1.0,1.0,100.0,,,,,1.0,,4.0,4.0,3.0,2.0,2.0,1.0,4.0
630,3,2,4,5,4,3,5,5,3,5,50.0,3.0,3.0,4.0,4.0,5.0,1.0,89,1.0,3000,3.0,4.0,4.0,,,,2.0,,1.0,1.0,2.0,1.0,2.0,1.0,6,1,1,1,2,7,7,7,3,1,70.0,50.0,70.0,80.0,80.0,50.0,75.0,95.0,70.0,85.0,2,2,1,2,2,2,2,1,2,2,2,2,1,1,2,2,1,2,2,2,1,2,1,2,1,1,1,2,1,2,1,2,2,1,2,2,2,2,1,2,,,,,,20,1.0,4.0,,,,,,,,,,,,,,,,1.0,,,,,,,,
631,4,4,4,5,5,3,5,4,3,5,,,4.0,2.0,5.0,5.0,,,,,,,,,2.0,,1.0,,,,,,,,7,1,4,5,5,5,6,3,2,2,40.0,60.0,90.0,80.0,75.0,25.0,80.0,55.0,75.0,60.0,2,2,1,2,1,1,2,2,2,1,2,2,1,2,1,1,1,1,1,1,2,1,1,1,1,1,1,1,1,1,1,2,1,2,1,2,1,1,1,1,,1.0,45,2.0,80,7,10.0,4.0,1.0,1.0,2.0,1.0,2.0,2.0,1.0,2.0,1.0,2.0,85.0,4.0,4.0,5.0,6.0,,,,,,,,,
632,2,3,4,4,4,4,4,4,4,4,,,,,,5.0,,,2.0,380,2.0,2.0,3.0,,,,,5.0,1.0,1.0,2.0,1.0,1.0,2.0,3,1,2,2,3,2,3,5,1,2,18.0,18.0,81.0,71.0,75.0,65.0,97.0,95.0,75.0,85.0,1,2,2,2,2,1,1,1,1,2,1,2,2,2,1,2,1,1,1,2,1,1,1,2,2,1,2,1,2,1,2,1,2,1,1,2,1,1,1,1,,1.0,54,,,8,10.0,,,,,,,,,,,,60.0,2.0,,,,2.0,1.0,5.0,4.0,2.0,,,,
633,4,4,5,5,4,4,4,5,5,3,,3.0,,,,7.0,,,,,1.0,5.0,5.0,,2.0,,,4.0,1.0,1.0,1.0,2.0,1.0,1.0,6,2,7,7,3,5,7,7,3,2,45.0,65.0,75.0,55.0,60.0,65.0,50.0,45.0,60.0,55.0,2,1,1,1,2,2,1,1,1,1,1,2,1,1,2,2,2,2,2,2,1,2,2,1,1,1,1,2,2,1,2,2,1,2,2,1,1,1,2,1,,1.0,43,1.0,350,13,,,,,,,,,,,,,90.0,,,,,,2.0,5.0,3.0,2.0,,,,3.0
634,5,4,5,5,4,5,5,5,2,3,30.0,5.0,,,,7.0,,,2.0,500,,,,15,2.0,,1.0,,1.0,1.0,1.0,1.0,1.0,1.0,6,1,3,5,1,5,5,6,4,1,48.0,27.0,31.0,40.0,45.0,31.0,70.0,45.0,53.0,23.0,1,2,2,2,1,2,1,2,2,2,2,2,1,2,1,2,2,2,1,2,1,1,2,2,1,1,2,2,1,2,2,2,1,1,2,2,2,1,2,2,,1.0,15,,,,3.0,5.0,,,,,,,,,,,,,,,,,,4.0,4.0,3.0,2.0,5.0,6.0,
635,1,1,1,1,2,1,2,1,5,5,,,,,,,,,2.0,380,1.0,5.0,5.0,,1.0,,1.0,5.0,,,,,,,7,5,6,5,5,5,6,6,3,2,50.0,60.0,50.0,50.0,50.0,60.0,80.0,70.0,50.0,45.0,1,1,2,1,2,1,2,2,2,1,2,1,1,1,2,1,1,2,2,2,1,1,1,1,2,2,2,1,1,2,1,1,1,1,1,2,1,1,2,1,6.0,1.0,54,,,15,,,1.0,1.0,1.0,1.0,1.0,1.0,1.0,1.0,1.0,1.0,70.0,1.0,,,,,,3.0,3.0,5.0,,,,3.0
636,4,4,5,4,4,3,4,4,3,4,,4.0,,,,6.0,1.0,72,,,,,,15,,2.0,1.0,4.0,1.0,1.0,2.0,1.0,2.0,2.0,6,3,3,5,4,5,6,6,3,2,53.0,65.0,71.0,74.0,52.0,32.0,51.0,69.0,28.0,69.0,2,1,1,2,1,2,1,1,1,2,2,2,2,1,2,1,1,1,1,1,2,1,1,1,1,2,1,1,2,2,1,2,2,1,2,1,1,1,1,1,,,,1.0,110,,,,,,,,,,,,,,70.0,,2.0,5.0,3.0,1.0,,4.0,3.0,2.0,,,,
637,4,3,4,5,4,5,5,5,2,5,30.0,,,,,,,,,,,,,,,2.0,,6.0,1.0,1.0,2.0,1.0,2.0,1.0,7,2,5,5,5,6,6,6,3,2,45.0,29.0,49.0,64.0,60.0,51.0,75.0,52.0,43.0,65.0,2,2,2,2,1,2,2,1,1,2,1,2,1,2,2,1,2,2,2,2,2,2,2,1,1,1,2,2,2,2,2,1,2,2,2,2,2,1,2,2,6.0,1.0,30,1.0,200,15,,,,,,,,,,,,,,2.0,,,,2.0,2.0,3.0,3.0,2.0,2.0,4.0,4.0,
638,4,4,4,4,4,3,4,4,4,4,50.0,2.0,3.0,2.0,5.0,,,,,,1.0,5.0,6.0,,2.0,,,,,,,,,,6,2,5,5,3,6,5,5,3,2,80.0,80.0,75.0,50.0,65.0,54.0,100.0,83.0,73.0,77.0,1,2,2,2,2,2,2,2,2,1,1,1,2,1,1,2,1,2,2,2,2,2,1,2,1,2,1,2,1,2,2,2,2,2,2,1,2,2,1,1,5.0,1.0,50,1.0,3000,15,,3.0,1.0,1.0,1.0,1.0,2.0,1.0,1.0,1.0,2.0,1.0,,,,,,,2.0,,,,,,,2.0
639,4,5,4,5,5,5,5,5,1,1,30.0,2.0,2.0,3.0,3.0,5.0,2.0,55,2.0,888,,,,,,,,,,,,,,,5,2,4,4,4,3,5,5,3,1,23.0,8.0,23.0,26.0,28.0,23.0,58.0,81.0,71.0,38.0,1,2,1,1,2,2,2,2,2,2,2,2,2,2,1,1,1,2,2,1,2,1,2,2,2,1,1,2,1,2,2,2,2,2,1,1,2,1,2,2,,,,,,8,9.0,5.0,1.0,1.0,1.0,1.0,1.0,1.0,1.0,1.0,1.0,1.0,,,2.0,5.0,2.0,1.0,2.0,,,,,,,
640,4,3,4,2,4,3,4,4,2,5,81.0,4.0,4.0,4.0,3.0,,1.0,200,,,,,,,1.0,,2.0,5.0,,,,,,,6,2,3,3,2,6,6,5,3,2,60.0,40.0,95.0,10.0,95.0,60.0,95.0,95.0,80.0,100.0,1,2,1,2,1,2,2,2,1,1,2,1,1,2,1,1,1,1,1,2,2,2,1,1,1,2,2,1,2,2,1,2,1,2,1,1,2,2,2,1,6.0,,,1.0,250,5,,,1.0,1.0,1.0,1.0,1.0,1.0,1.0,2.0,1.0,1.0,,,,,,,,,,,2.0,5.0,6.0,5.0
641,4,3,3,4,3,4,3,5,4,4,80.0,5.0,3.0,5.0,1.0,,,,,,1.0,5.0,4.0,15,2.0,,,6.0,,,,,,,6,4,4,5,5,6,5,5,2,2,65.0,50.0,50.0,60.0,50.0,35.0,30.0,90.0,90.0,50.0,1,1,1,1,2,1,1,1,2,1,1,1,2,2,2,2,2,1,1,2,2,2,1,2,2,1,2,2,2,1,2,2,2,2,2,2,2,2,2,2,6.0,2.0,5,1.0,300,,,,1.0,1.0,1.0,1.0,1.0,1.0,1.0,1.0,1.0,1.0,,,,,,,2.0,,,,,,,3.0
642,4,5,2,4,5,5,5,5,3,5,30.0,3.0,2.0,3.0,3.0,,2.0,55,,,1.0,4.0,4.0,20,,,,,1.0,1.0,1.0,2.0,1.0,2.0,7,1,2,3,3,6,7,7,1,1,65.0,40.0,65.0,60.0,65.0,45.0,80.0,75.0,55.0,25.0,1,2,1,1,1,1,2,1,1,1,2,2,1,1,2,1,2,2,1,1,2,1,1,2,2,2,1,1,1,1,1,2,1,2,2,2,2,1,1,1,6.0,,,1.0,350,,7.0,2.0,,,,,,,,,,,,,,,,2.0,1.0,,,,,,,
643,5,4,4,5,5,5,5,5,1,3,,,4.0,4.0,3.0,,2.0,50,2.0,250,5.0,4.0,3.0,,,,,,,,,,,,7,2,5,5,2,5,5,5,4,1,65.0,35.0,40.0,66.0,70.0,40.0,60.0,70.0,66.0,67.0,1,1,2,1,1,2,2,2,1,2,1,1,1,1,1,2,2,1,1,1,2,2,2,2,2,2,2,1,2,2,2,2,2,2,2,1,2,2,2,2,6.0,,,,,20,,3.0,1.0,1.0,1.0,1.0,1.0,1.0,1.0,1.0,1.0,1.0,75.0,5.0,,,,1.0,1.0,,,,,,,3.0
644,4,4,4,4,4,3,5,4,5,4,20.0,2.0,,,,,,,1.0,1500,,,,15,2.0,,2.0,,1.0,1.0,2.0,1.0,2.0,1.0,7,1,6,2,6,7,7,7,4,1,80.0,70.0,70.0,80.0,80.0,95.0,99.0,65.0,20.0,90.0,1,1,1,2,2,2,1,2,1,2,1,2,1,1,2,2,1,2,1,2,2,2,2,1,2,2,1,1,1,2,2,1,2,2,2,2,2,2,1,1,6.0,1.0,40,,,,,3.0,,,,,,,,,,,,,2.0,5.0,5.0,,,3.0,5.0,2.0,,,,2.0
645,4,4,4,5,4,3,5,4,4,4,,,5.0,1.0,1.0,6.0,,,2.0,100,,,,20,1.0,,,3.0,,,,,,,7,4,2,6,2,5,6,3,4,1,84.0,83.0,83.0,79.0,82.0,61.0,81.0,70.0,37.0,81.0,1,2,1,1,1,1,1,1,1,1,1,1,1,1,2,1,1,2,2,1,2,2,2,1,2,1,1,1,2,2,1,1,1,1,1,1,1,2,1,1,,1.0,54,,,,9.0,,1.0,1.0,1.0,1.0,1.0,1.0,1.0,1.0,1.0,1.0,70.0,2.0,,,,,2.0,,,,2.0,5.0,5.0,
646,4,5,5,5,5,4,5,5,1,1,,,2.0,4.0,6.0,,2.0,33,,,4.0,4.0,3.0,18,2.0,,,,,,,,,,7,2,6,6,1,7,6,6,2,1,30.0,48.0,55.0,50.0,60.0,76.0,62.0,55.0,60.0,31.0,1,1,2,1,1,2,2,2,1,1,2,2,1,2,2,2,1,2,2,2,2,2,1,1,1,1,1,2,1,2,1,1,2,1,1,2,1,2,2,1,6.0,,,1.0,115,,10.0,6.0,1.0,1.0,1.0,2.0,1.0,1.0,1.0,2.0,1.0,1.0,30.0,1.0,,,,,1.0,,,,,,,
647,3,4,4,4,4,3,4,5,3,3,,2.0,3.0,3.0,3.0,,,,2.0,250,,,,18,2.0,2.0,1.0,,1.0,1.0,2.0,1.0,1.0,2.0,7,2,7,6,2,6,7,6,2,2,16.0,12.0,16.0,38.0,38.0,24.0,47.0,34.0,62.0,58.0,1,2,2,2,1,1,2,2,2,2,2,2,2,2,2,2,2,2,2,1,1,2,1,2,2,2,1,2,1,2,2,1,1,2,2,1,2,1,1,1,5.0,1.0,50,,,,,3.0,,,,,,,,,,,61.0,,,,,,,,,,2.0,5.0,6.0,
648,4,5,4,5,5,4,4,5,3,3,,4.0,5.0,3.0,3.0,6.0,2.0,40,,,,,,15,2.0,,2.0,,,,,,,,6,2,4,5,5,6,7,5,3,1,40.0,48.0,30.0,40.0,20.0,30.0,40.0,35.0,60.0,40.0,2,1,2,2,2,2,2,2,2,2,2,2,2,2,2,1,2,2,1,2,2,2,2,2,2,2,1,1,1,2,2,2,1,1,2,2,1,1,2,2,,,,1.0,100,,9.0,6.0,1.0,1.0,1.0,1.0,1.0,1.0,1.0,1.0,1.0,1.0,80.0,,3.0,5.0,5.0,,,,,,,,,
649,4,4,4,5,4,5,4,5,1,3,30.0,,,,,,2.0,18,2.0,450,,,,,,,1.0,2.0,,,,,,,7,4,3,2,3,4,7,5,1,1,36.0,36.0,36.0,63.0,54.0,27.0,36.0,63.0,45.0,54.0,1,1,2,2,2,2,1,2,1,2,2,1,2,2,2,2,2,2,1,2,2,2,1,1,2,2,2,1,2,2,1,1,1,1,1,2,1,1,2,2,2.0,,,,,10,,,1.0,1.0,1.0,1.0,1.0,1.0,1.0,1.0,1.0,1.0,,2.0,,,,2.0,,5.0,4.0,3.0,2.0,4.0,4.0,1.0
650,3,3,3,3,3,4,4,1,4,3,95.0,3.0,,,,7.0,2.0,20,1.0,1003,3.0,3.0,1.0,,2.0,,,,1.0,1.0,2.0,1.0,2.0,1.0,7,6,7,7,3,5,4,4,1,2,30.0,95.0,60.0,50.0,97.0,50.0,97.0,60.0,70.0,97.0,2,1,1,2,2,2,2,2,2,1,1,1,2,2,2,2,2,2,1,2,2,2,1,2,2,2,2,2,2,2,2,2,2,2,2,1,2,2,1,2,,,,,,1,,2.0,,,,,,,,,,,,,,,,,2.0,2.0,5.0,3.0,,,,1.0
651,1,1,1,5,2,1,3,1,5,1,,2.0,,,,,,,,,4.0,4.0,1.0,10,,,,,1.0,1.0,2.0,1.0,2.0,1.0,5,2,6,6,7,5,5,4,3,1,28.0,32.0,35.0,40.0,45.0,28.0,59.0,46.0,70.0,25.0,1,2,1,2,1,2,1,2,2,2,2,2,2,1,2,1,2,2,1,1,1,2,1,2,1,1,1,1,1,2,1,1,1,2,1,2,1,1,2,1,6.0,1.0,45,1.0,350,,5.0,5.0,,,,,,,,,,,70.0,,,,,1.0,2.0,4.0,4.0,2.0,,,,
652,5,4,4,4,4,5,5,5,2,3,,3.0,3.0,4.0,3.0,,,,1.0,1200,,,,,,,,4.0,,,,,,,6,2,4,2,1,5,5,5,2,1,70.0,44.0,65.0,50.0,60.0,65.0,70.0,45.0,60.0,52.0,2,1,2,1,2,1,2,1,2,1,2,2,1,2,2,2,2,2,2,1,2,1,2,2,2,1,1,2,2,1,1,2,2,2,2,1,1,2,2,2,5.0,2.0,8,,,15,8.0,,1.0,1.0,1.0,1.0,1.0,1.0,2.0,2.0,1.0,1.0,70.0,,5.0,2.0,3.0,1.0,1.0,,,,,,,
653,4,3,2,5,3,4,2,3,3,2,,,5.0,3.0,4.0,5.0,,,,,,,,13,,,,5.0,,,,,,,6,1,4,5,1,7,5,3,3,1,83.0,62.0,40.0,95.0,65.0,82.0,52.0,80.0,60.0,82.0,1,2,1,1,1,1,1,1,1,2,1,1,2,1,1,2,1,2,1,1,2,2,2,2,2,1,1,2,1,1,2,2,2,1,1,2,2,2,1,1,,1.0,14,1.0,100,,,,1.0,2.0,1.0,1.0,1.0,1.0,2.0,1.0,2.0,1.0,73.0,5.0,4.0,5.0,4.0,2.0,1.0,,,,,,,4.0
654,4,5,5,5,5,5,5,5,2,2,,2.0,5.0,3.0,5.0,,,,,,2.0,4.0,2.0,,,,1.0,4.0,,,,,,,7,2,3,3,2,6,7,5,3,2,32.0,23.0,35.0,47.0,52.0,24.0,53.0,48.0,48.0,42.0,1,2,1,2,1,2,2,2,1,1,2,2,1,1,1,2,2,1,2,2,2,2,1,1,1,2,2,1,2,2,2,2,1,1,1,2,2,2,2,1,6.0,1.0,39,1.0,415,17,4.0,,1.0,1.0,1.0,1.0,1.0,1.0,1.0,1.0,1.0,1.0,3.0,,,,,1.0,,,,,,,,
655,4,4,4,4,4,4,4,4,4,4,30.0,,4.0,4.0,4.0,,,,2.0,380,4.0,4.0,5.0,20,,9.0,,5.0,1.0,1.0,1.0,1.0,1.0,1.0,6,4,2,5,2,5,7,6,3,1,91.0,75.0,90.0,80.0,92.0,86.0,90.0,79.0,88.0,87.0,1,1,2,1,2,1,1,1,2,1,1,1,1,1,2,2,2,1,1,1,1,2,2,2,1,1,2,2,1,1,2,1,1,1,1,1,2,1,2,1,6.0,2.0,54,,,,,,,,,,,,,,,,,5.0,,,,1.0,1.0,,,,,,,
656,3,4,5,5,5,5,5,3,5,5,74.0,,2.0,5.0,2.0,,1.0,100,,,4.0,5.0,6.0,5,,,1.0,6.0,,,,,,,6,1,4,1,1,6,6,6,1,1,50.0,21.0,100.0,38.0,73.0,100.0,42.0,22.0,100.0,100.0,2,1,1,2,1,2,2,1,1,2,1,2,1,1,2,1,2,1,2,2,2,1,1,2,1,2,1,1,1,1,2,1,2,2,2,2,2,1,1,1,3.0,,,1.0,100,,1.0,,2.0,2.0,1.0,1.0,1.0,1.0,1.0,1.0,1.0,1.0,,2.0,,,,1.0,,,,,,,,
657,3,2,4,2,4,2,3,3,2,4,,,2.0,2.0,3.0,,,,,,,,,,2.0,,2.0,,,,,,,,5,2,2,4,2,7,6,4,2,2,71.0,73.0,43.0,63.0,54.0,38.0,58.0,83.0,6.0,71.0,1,1,1,2,1,1,2,2,2,2,1,1,2,1,1,2,1,1,1,1,1,1,2,1,1,1,2,2,1,1,2,1,2,2,2,2,2,1,2,1,3.0,1.0,54,1.0,100,18,9.0,5.0,1.0,2.0,2.0,1.0,2.0,1.0,2.0,2.0,1.0,1.0,55.0,5.0,,,,,,,,,4.0,2.0,5.0,
658,4,4,3,4,4,4,4,5,2,4,50.0,,2.0,3.0,3.0,6.0,2.0,5,,,2.0,5.0,6.0,18,,3.0,2.0,,,,,,,,5,2,6,3,2,3,4,3,2,1,40.0,30.0,40.0,50.0,50.0,30.0,30.0,60.0,60.0,30.0,2,2,2,2,2,1,2,2,2,1,2,2,2,1,1,2,1,2,1,1,1,2,2,2,2,1,2,2,2,1,2,1,2,2,2,1,2,1,2,1,,,,1.0,200,,,4.0,1.0,1.0,1.0,1.0,1.0,1.0,1.0,1.0,1.0,1.0,,3.0,,,,1.0,,,,,,,,
659,4,4,4,5,4,4,5,5,2,3,30.0,,4.0,3.0,3.0,5.0,2.0,45,1.0,1002,,,,15,,,1.0,,1.0,1.0,1.0,1.0,1.0,1.0,5,1,5,5,3,6,4,5,3,1,40.0,30.0,38.0,46.0,45.0,45.0,70.0,33.0,55.0,30.0,1,2,1,2,2,1,2,2,1,2,1,1,1,1,1,1,2,2,2,1,1,2,2,1,1,1,1,2,2,1,1,2,1,1,2,2,1,1,1,2,,,,,,,8.0,2.0,,,,,,,,,,,,1.0,,,,1.0,,,,,5.0,5.0,6.0,
660,4,4,4,3,4,4,4,5,3,3,76.0,,4.0,3.0,3.0,,,,2.0,175,2.0,5.0,5.0,,2.0,,,,1.0,1.0,2.0,1.0,1.0,2.0,5,2,2,2,1,5,6,6,2,2,48.0,25.0,48.0,25.0,80.0,48.0,48.0,60.0,60.0,50.0,2,2,1,2,2,2,2,2,2,2,1,1,1,1,2,1,2,2,1,2,2,2,2,1,1,1,1,2,2,1,1,1,1,2,2,2,2,2,2,1,6.0,1.0,24,,,20,6.0,4.0,,,,,,,,,,,,3.0,,,,,1.0,,,,,,,
661,4,4,5,5,5,4,4,4,3,1,,,,,,4.0,,,,,1.0,5.0,5.0,15,1.0,,,4.0,1.0,1.0,1.0,1.0,1.0,1.0,6,2,3,3,5,6,7,7,3,1,60.0,53.0,49.0,25.0,65.0,49.0,52.0,10.0,45.0,40.0,2,1,2,2,1,2,2,1,2,2,2,1,2,2,1,1,1,2,2,2,1,1,2,2,2,2,2,1,2,2,2,2,2,1,2,1,1,1,1,1,,1.0,20,1.0,100,,,,,,,,,,,,,,82.0,2.0,,,,,1.0,2.0,5.0,2.0,,,,2.0
662,2,4,2,3,4,4,4,3,4,4,20.0,,,,,,,,,,,,,10,,,1.0,,1.0,1.0,1.0,1.0,2.0,2.0,7,2,3,1,3,5,6,7,2,2,20.0,60.0,25.0,25.0,39.0,45.0,70.0,50.0,55.0,70.0,2,1,2,2,2,1,2,2,1,2,2,2,1,1,2,1,2,2,1,2,1,2,2,2,2,1,2,1,2,1,2,1,2,1,2,1,2,1,1,2,6.0,1.0,50,1.0,300,,,5.0,,,,,,,,,,,,4.0,1.0,5.0,5.0,1.0,,4.0,3.0,3.0,,,,2.0
663,5,5,5,2,5,2,5,5,5,5,,2.0,1.0,3.0,6.0,6.0,1.0,90,,,,,,20,,,,6.0,1.0,1.0,2.0,1.0,2.0,1.0,7,1,1,5,2,6,7,6,2,1,70.0,80.0,50.0,30.0,50.0,20.0,50.0,90.0,80.0,50.0,1,2,1,1,2,1,1,1,2,2,1,1,1,2,2,1,2,2,2,1,1,1,2,2,2,2,1,1,2,1,1,2,1,1,2,2,1,1,1,2,,,,1.0,90,,,,,,,,,,,,,,50.0,,5.0,5.0,6.0,1.0,2.0,,,,,,,4.0
664,1,4,2,5,5,4,5,5,2,3,,3.0,3.0,4.0,4.0,5.0,,,,,,,,,,1.0,1.0,2.0,,,,,,,4,4,3,3,2,3,4,4,4,1,23.0,36.0,25.0,55.0,56.0,47.0,69.0,97.0,45.0,36.0,1,1,2,1,2,1,2,1,2,2,1,1,2,2,2,2,2,1,2,2,1,2,2,2,2,2,1,2,1,2,1,1,2,1,2,2,2,1,2,1,,1.0,45,1.0,350,5,,,1.0,1.0,1.0,1.0,2.0,1.0,1.0,2.0,1.0,1.0,70.0,,2.0,1.0,1.0,1.0,,,,,,,,
665,5,4,5,4,5,4,5,4,5,4,,,3.0,5.0,5.0,,2.0,54,2.0,1000,,,,,,6.0,,,1.0,1.0,1.0,1.0,2.0,2.0,6,3,5,5,3,5,6,6,4,1,50.0,40.0,60.0,50.0,60.0,50.0,70.0,60.0,40.0,40.0,1,2,2,2,1,1,1,1,2,2,1,2,2,1,2,1,1,2,2,2,2,1,2,2,2,1,2,2,2,2,2,1,2,2,1,2,2,2,1,1,5.0,,,,,20,,5.0,,,,,,,,,,,70.0,2.0,,,,1.0,1.0,,,,5.0,5.0,6.0,
666,4,3,5,5,4,4,5,5,1,3,80.0,,,,,6.0,,,1.0,4500,,,,,,1.0,1.0,4.0,,,,,,,7,1,6,6,4,5,2,4,2,2,60.0,31.0,55.0,64.0,70.0,45.0,50.0,55.0,45.0,70.0,1,2,1,1,2,1,1,2,2,1,2,2,1,1,2,1,1,2,1,1,2,1,2,2,2,2,2,2,2,1,1,2,2,2,2,2,1,2,1,1,,1.0,18,,,20,,,1.0,1.0,1.0,2.0,1.0,1.0,2.0,1.0,1.0,2.0,,3.0,5.0,3.0,4.0,2.0,,5.0,5.0,3.0,,,,
667,1,1,1,1,1,1,1,1,5,4,,,,,,5.0,,,,,4.0,2.0,2.0,15,2.0,,,3.0,1.0,1.0,2.0,1.0,1.0,1.0,5,6,3,2,2,5,6,6,1,1,1.0,1.0,1.0,10.0,10.0,9.0,8.0,6.0,75.0,62.0,2,1,2,1,1,2,2,2,2,2,2,1,1,1,1,2,2,1,2,1,2,2,1,2,1,1,1,2,1,2,2,2,2,2,2,2,2,1,2,2,,1.0,15,1.0,125,,,,,,,,,,,,,,70.0,3.0,,,,,1.0,4.0,4.0,3.0,,,,1.0
668,1,1,1,1,3,1,3,1,5,3,30.0,,4.0,3.0,2.0,6.0,1.0,70,1.0,1200,2.0,2.0,3.0,,2.0,2.0,1.0,,1.0,1.0,1.0,1.0,2.0,2.0,7,2,4,6,3,5,6,4,3,1,14.0,18.0,7.0,6.0,25.0,30.0,61.0,6.0,65.0,73.0,1,1,2,2,2,1,2,2,1,1,2,2,2,2,2,1,1,1,2,2,2,1,2,1,2,1,2,2,2,2,2,2,2,1,2,2,2,2,2,2,,,,,,10,,3.0,,,,,,,,,,,,2.0,,,,,,,,,,,,
669,2,1,2,2,2,2,4,2,4,3,85.0,,3.0,4.0,3.0,6.0,,,2.0,400,,,,,2.0,,2.0,,1.0,1.0,1.0,1.0,1.0,1.0,5,2,6,3,3,6,7,6,2,2,23.0,12.0,30.0,35.0,45.0,28.0,60.0,35.0,63.0,35.0,2,1,1,2,1,2,1,1,2,1,2,1,1,2,1,1,1,1,1,1,2,1,1,1,1,1,2,1,1,1,1,1,1,2,1,1,1,1,1,2,,1.0,100,,,15,6.0,3.0,,,,,,,,,,,,2.0,4.0,4.0,4.0,,,,,,,,,
670,4,3,3,4,4,4,4,4,3,3,82.0,,,,,,2.0,38,,,3.0,4.0,4.0,,,,,3.0,1.0,1.0,1.0,1.0,1.0,1.0,7,2,4,4,2,6,6,6,4,2,46.0,47.0,30.0,64.0,79.0,48.0,65.0,64.0,62.0,45.0,2,1,2,1,1,1,2,1,1,1,1,1,2,1,2,1,2,1,2,2,2,2,2,2,1,1,2,2,2,1,1,1,1,2,1,1,1,1,2,1,6.0,,,2.0,200,15,10.0,,,,,,,,,,,,,1.0,,,,1.0,2.0,4.0,4.0,3.0,,,,
671,1,1,1,1,5,1,4,3,5,3,,4.0,6.0,6.0,6.0,3.0,2.0,30,,,,,,,,1.0,2.0,,1.0,1.0,1.0,1.0,1.0,1.0,5,2,4,3,3,7,7,7,1,1,0.0,0.0,0.0,0.0,100.0,0.0,100.0,50.0,100.0,50.0,2,1,1,2,2,2,1,2,2,2,2,2,1,1,2,1,1,1,2,2,2,1,2,2,1,1,1,1,1,2,1,1,1,2,2,2,2,2,2,2,,,,1.0,200,20,,1.0,,,,,,,,,,,80.0,,,,,2.0,,,,,2.0,1.0,1.0,
672,1,3,1,1,2,1,1,3,5,4,42.0,,,,,,2.0,43,1.0,1100,,,,12,,,2.0,,,,,,,,6,3,1,1,2,6,7,7,1,2,23.0,23.0,33.0,45.0,53.0,43.0,22.0,57.0,55.0,49.0,2,2,1,1,2,2,2,1,2,2,1,2,2,2,1,1,1,1,1,1,1,1,2,1,2,2,1,2,1,1,1,2,2,2,2,2,1,2,1,1,6.0,,,,,,10.0,2.0,1.0,1.0,1.0,1.0,1.0,1.0,1.0,1.0,1.0,1.0,,5.0,5.0,2.0,2.0,1.0,,3.0,4.0,1.0,,,,
673,1,1,1,1,2,1,2,1,5,2,55.0,,5.0,5.0,6.0,,,,,,2.0,4.0,5.0,,2.0,1.0,,5.0,1.0,2.0,1.0,1.0,2.0,1.0,7,1,5,5,1,2,5,5,3,1,20.0,15.0,20.0,22.0,45.0,30.0,49.0,17.0,60.0,50.0,1,1,2,2,2,2,2,1,1,2,2,2,2,2,2,2,2,1,1,1,2,2,2,2,2,2,2,2,1,2,1,2,2,1,2,2,2,1,2,2,6.0,2.0,8,1.0,150,2,,,,,,,,,,,,,,4.0,,,,,2.0,,,,,,,
674,1,3,1,2,3,1,3,3,5,3,,2.0,,,,5.0,2.0,55,1.0,1200,,,,20,2.0,,,,1.0,1.0,2.0,1.0,2.0,1.0,5,1,3,2,5,6,5,7,1,1,44.0,50.0,44.0,60.0,66.0,33.0,75.0,80.0,51.0,77.0,1,1,2,2,2,1,1,2,2,2,2,2,2,1,2,2,1,1,1,1,2,2,1,1,2,2,2,1,1,1,1,2,1,2,2,2,1,2,2,2,,,,,,,,3.0,,,,,,,,,,,80.0,,5.0,4.0,4.0,,2.0,4.0,4.0,4.0,,,,1.0
675,4,4,3,5,5,5,4,5,1,1,,,,,,,,,,,1.0,4.0,2.0,20,,,,6.0,,,,,,,7,7,6,6,5,6,6,6,1,1,35.0,3.0,24.0,2.0,15.0,9.0,18.0,34.0,65.0,63.0,2,2,1,1,1,2,2,2,2,2,1,1,2,2,2,2,1,1,1,2,2,2,2,1,2,1,1,1,1,2,1,1,2,1,2,2,1,2,2,1,6.0,1.0,18,1.0,150,,,,1.0,1.0,2.0,1.0,1.0,1.0,1.0,1.0,2.0,1.0,100.0,4.0,,,,2.0,2.0,2.0,3.0,2.0,,,,3.0
676,3,4,3,4,4,3,3,5,4,5,90.0,,3.0,3.0,5.0,,2.0,51,,,1.0,4.0,4.0,15,2.0,,1.0,5.0,,,,,,,5,3,2,1,3,3,7,7,1,1,23.0,5.0,37.0,34.0,60.0,30.0,79.0,52.0,82.0,40.0,2,1,2,2,2,1,1,2,1,2,2,2,2,2,1,2,2,2,2,2,1,2,1,1,2,2,1,1,2,2,2,2,2,1,2,2,1,1,1,2,3.0,,,1.0,118,,,,1.0,1.0,2.0,1.0,1.0,1.0,2.0,1.0,1.0,1.0,,2.0,,,,,,,,,,,,4.0
677,3,3,3,5,4,3,5,5,2,3,,6.0,4.0,4.0,4.0,,2.0,50,,,,,,,2.0,,,6.0,,,,,,,5,1,4,4,4,7,4,4,3,1,16.0,5.0,5.0,66.0,20.0,20.0,75.0,100.0,33.0,30.0,2,1,1,2,2,1,2,2,2,1,2,2,2,2,1,2,2,2,2,2,2,2,1,2,1,1,1,2,2,1,2,2,2,1,2,2,1,2,1,2,7.0,,,1.0,185,2,10.0,,1.0,1.0,1.0,1.0,1.0,1.0,1.0,1.0,1.0,1.0,90.0,,5.0,5.0,6.0,,2.0,,,,,,,
678,5,5,5,5,5,3,3,5,3,4,49.0,,3.0,2.0,2.0,6.0,2.0,54,2.0,380,,,,,2.0,1.0,1.0,,,,,,,,6,2,1,2,2,5,6,7,2,2,24.0,21.0,29.0,41.0,60.0,39.0,42.0,81.0,48.0,35.0,2,2,1,1,2,2,1,2,2,1,2,1,2,2,1,2,2,2,2,1,2,1,2,2,2,2,2,1,2,2,2,2,2,2,2,1,2,2,1,2,,,,,,12,,5.0,1.0,2.0,1.0,2.0,2.0,1.0,1.0,2.0,1.0,2.0,,4.0,,,,,,,,,2.0,5.0,4.0,
679,2,2,5,2,4,4,5,4,2,4,,5.0,4.0,4.0,3.0,,,,,,,,,,,1.0,,,,,,,,,5,3,6,5,3,5,3,5,2,1,20.0,30.0,50.0,35.0,40.0,40.0,60.0,34.0,40.0,45.0,1,1,2,1,1,2,1,1,2,1,1,1,1,1,2,1,1,2,1,2,2,2,2,1,2,2,2,1,1,1,1,2,1,1,1,1,2,1,1,2,6.0,1.0,45,1.0,250,20,,4.0,1.0,1.0,1.0,1.0,1.0,1.0,1.0,1.0,1.0,1.0,70.0,,,,,2.0,2.0,,,,1.0,2.0,4.0,
680,4,5,5,5,3,5,5,5,3,1,75.0,,3.0,4.0,4.0,,2.0,53,,,,,,,2.0,,2.0,4.0,,,,,,,6,4,7,6,2,5,5,6,3,2,65.0,78.0,80.0,68.0,73.0,60.0,92.0,85.0,62.0,25.0,1,1,1,2,2,1,2,2,1,2,1,1,1,1,2,1,1,2,2,1,1,2,1,2,1,2,1,1,1,2,2,1,2,1,2,1,1,2,2,1,6.0,,,1.0,105,12,,,1.0,1.0,1.0,2.0,1.0,1.0,2.0,2.0,1.0,1.0,,2.0,,,,,,,,,1.0,5.0,5.0,4.0
681,4,4,3,5,4,4,5,4,3,4,,3.0,3.0,2.0,3.0,,2.0,52,2.0,500,4.0,5.0,5.0,15,,2.0,1.0,4.0,1.0,1.0,2.0,1.0,2.0,1.0,7,3,3,3,5,6,6,6,2,2,51.0,58.0,67.0,69.0,73.0,53.0,100.0,68.0,69.0,54.0,1,2,2,1,2,1,2,2,2,1,2,1,2,2,2,2,2,2,1,1,1,1,2,2,2,1,2,2,1,1,2,2,2,2,1,2,1,1,1,1,3.0,,,,,,,,,,,,,,,,,,70.0,,,,,2.0,,,,,,,,
682,4,5,5,5,5,5,5,5,1,3,96.0,1.0,,,,,,,2.0,987,,,,,2.0,1.0,,5.0,1.0,1.0,1.0,1.0,1.0,1.0,6,3,6,4,5,7,6,5,4,1,72.0,62.0,81.0,85.0,91.0,58.0,99.0,75.0,21.0,50.0,2,2,2,2,2,1,2,1,1,2,1,2,1,2,1,2,2,1,2,1,2,2,2,1,2,1,2,2,2,2,1,2,2,2,2,1,1,2,2,1,6.0,1.0,15,,,15,,,,,,,,,,,,,,,,,,,2.0,4.0,5.0,4.0,2.0,5.0,6.0,
683,4,3,4,5,5,4,5,5,5,4,,,2.0,4.0,2.0,,2.0,43,1.0,1300,,,,,,3.0,,5.0,,,,,,,6,1,5,5,2,5,6,5,3,2,30.0,25.0,93.0,78.0,78.0,71.0,97.0,100.0,92.0,71.0,2,2,2,2,1,1,2,2,1,1,2,1,1,1,2,2,1,2,1,1,1,2,1,1,1,1,1,2,1,1,1,1,2,2,2,2,2,1,2,2,6.0,,,,,10,,,1.0,1.0,1.0,2.0,1.0,1.0,1.0,1.0,1.0,1.0,70.0,4.0,,,,2.0,2.0,,,,3.0,5.0,5.0,
684,5,4,5,5,5,5,5,2,1,1,,4.0,,,,3.0,2.0,45,,,,,,10,,3.0,,,,,,,,,6,2,6,6,5,6,5,5,3,2,55.0,40.0,40.0,40.0,50.0,55.0,80.0,50.0,55.0,25.0,1,2,2,1,2,1,2,1,1,1,2,2,2,2,2,1,2,1,2,2,1,2,2,2,2,1,2,2,1,2,1,1,1,2,2,1,1,1,1,2,,,,1.0,300,,,4.0,1.0,1.0,1.0,1.0,1.0,1.0,1.0,2.0,2.0,2.0,90.0,,,,,1.0,1.0,3.0,5.0,2.0,4.0,4.0,5.0,
685,3,5,4,5,5,4,5,5,3,5,,6.0,4.0,4.0,4.0,,,,,,,,,,,3.0,,,1.0,2.0,1.0,2.0,1.0,1.0,7,1,1,4,5,7,7,4,3,2,60.0,75.0,50.0,80.0,85.0,70.0,90.0,95.0,70.0,85.0,1,2,2,1,1,2,1,1,1,1,2,2,2,1,1,2,1,2,1,2,2,1,2,2,1,2,2,1,1,2,1,2,1,1,1,1,2,2,2,1,6.0,1.0,50,1.0,380,20,,5.0,,,,,,,,,,,50.0,,5.0,5.0,6.0,1.0,2.0,,,,,,,
686,2,2,2,2,4,1,4,1,5,4,,,2.0,5.0,3.0,6.0,,,,,,,,,,,1.0,,,,,,,,5,6,5,3,3,5,6,6,1,1,60.0,22.0,70.0,90.0,80.0,21.0,73.0,98.0,61.0,88.0,1,2,2,1,2,2,2,2,2,2,2,1,2,1,2,2,1,1,2,2,2,2,2,2,2,2,2,2,2,2,2,2,2,2,1,1,1,2,2,2,,1.0,21,1.0,315,15,10.0,1.0,1.0,1.0,1.0,1.0,1.0,1.0,1.0,1.0,1.0,1.0,71.0,2.0,,,,1.0,,,,,5.0,2.0,5.0,
687,1,3,1,1,3,2,4,1,5,4,70.0,,,,,,2.0,5,,,,,,15,,1.0,1.0,3.0,1.0,1.0,1.0,1.0,2.0,2.0,4,1,4,2,4,6,5,5,1,2,0.0,20.0,0.0,0.0,45.0,10.0,75.0,0.0,100.0,88.0,1,2,1,2,1,1,1,1,1,1,1,1,1,2,1,2,1,1,1,1,1,1,2,1,2,1,2,1,1,2,2,1,1,1,2,1,2,2,1,1,5.0,,,1.0,240,,,,,,,,,,,,,,,4.0,,,,1.0,,4.0,5.0,3.0,1.0,2.0,4.0,
688,4,3,4,4,3,2,4,5,5,4,30.0,,5.0,5.0,4.0,,,,,,,,,,,3.0,,4.0,,,,,,,6,3,5,5,3,5,6,6,4,1,31.0,49.0,24.0,71.0,41.0,32.0,58.0,63.0,51.0,64.0,2,1,1,1,1,2,2,1,2,2,1,1,1,1,2,2,1,1,1,1,2,2,1,2,2,1,1,2,2,1,2,1,1,1,1,1,1,1,2,1,6.0,1.0,54,1.0,300,10,,,1.0,1.0,1.0,1.0,1.0,1.0,1.0,1.0,1.0,1.0,,1.0,,,,1.0,2.0,,,,4.0,4.0,4.0,
689,4,3,3,4,4,3,4,3,3,3,,3.0,,,,,,,2.0,370,,,,13,1.0,,,5.0,1.0,1.0,2.0,1.0,2.0,2.0,6,2,4,5,5,4,5,5,3,1,85.0,49.0,68.0,60.0,70.0,86.0,53.0,73.0,64.0,56.0,1,2,1,2,2,1,2,2,1,2,1,1,1,2,1,1,1,2,1,2,1,1,2,1,2,2,2,2,1,2,1,2,1,1,1,2,1,1,1,1,6.0,1.0,54,,,,1.0,,,,,,,,,,,,70.0,,4.0,3.0,5.0,,2.0,5.0,3.0,3.0,,,,
690,5,5,5,5,5,5,5,5,1,1,100.0,,,,,6.0,,,2.0,750,,,,0,,,1.0,,1.0,1.0,1.0,1.0,1.0,1.0,7,1,1,1,2,7,7,7,4,1,55.0,43.0,51.0,70.0,54.0,51.0,65.0,59.0,45.0,14.0,2,2,2,2,2,2,2,2,2,2,2,2,2,2,2,1,2,2,2,1,1,2,2,2,2,1,2,1,2,2,1,2,2,1,2,1,1,2,1,2,,1.0,32,,,,,4.0,,,,,,,,,,,,3.0,,,,1.0,,3.0,3.0,2.0,4.0,5.0,6.0,10.0
691,5,4,5,5,3,4,4,3,3,4,30.0,3.0,,,,6.0,2.0,54,,,2.0,4.0,6.0,15,2.0,,1.0,,1.0,1.0,1.0,1.0,1.0,1.0,5,2,2,5,1,3,4,4,4,1,70.0,40.0,60.0,60.0,50.0,40.0,54.0,50.0,55.0,60.0,1,1,2,2,1,1,1,1,2,1,1,1,1,1,1,1,2,2,1,2,2,2,2,1,1,1,1,1,2,1,1,1,1,1,1,2,1,1,1,1,,,,1.0,300,,,3.0,,,,,,,,,,,,,,,,,,3.0,4.0,2.0,,,,5.0
692,1,3,1,1,4,1,2,1,5,5,30.0,2.0,,,,,2.0,50,2.0,300,1.0,2.0,2.0,5,,,,,,,,,,,6,1,5,5,2,5,6,6,1,1,5.0,30.0,2.0,10.0,60.0,2.0,65.0,10.0,55.0,75.0,2,2,2,2,2,2,1,2,2,1,2,2,2,2,1,2,1,1,2,2,2,2,2,2,2,2,1,2,2,2,2,2,2,2,2,2,2,2,2,2,6.0,,,,,,,1.0,1.0,1.0,1.0,1.0,1.0,1.0,1.0,1.0,1.0,1.0,,,,,,1.0,2.0,4.0,3.0,3.0,,,,2.0
693,4,4,5,5,5,5,5,5,2,5,,,4.0,4.0,3.0,5.0,,,,,2.0,4.0,4.0,,,,,,1.0,1.0,2.0,1.0,2.0,1.0,7,1,4,2,2,7,7,7,2,2,50.0,45.0,55.0,55.0,60.0,66.0,53.0,66.0,50.0,77.0,2,2,1,1,2,2,2,2,2,2,2,1,2,2,2,2,1,1,2,2,2,2,2,2,1,2,1,2,2,2,2,2,2,2,2,2,2,2,1,2,,1.0,58,1.0,300,5,,6.0,,,,,,,,,,,70.0,3.0,,,,1.0,2.0,,,,,,,3.0
694,4,4,5,5,5,4,4,5,3,4,30.0,4.0,3.0,3.0,3.0,5.0,,,2.0,600,,,,20,,,2.0,,,,,,,,7,5,5,5,2,5,6,6,2,1,63.0,41.0,71.0,55.0,51.0,49.0,39.0,41.0,29.0,35.0,2,1,2,2,2,2,2,1,1,2,2,1,1,1,2,1,2,1,2,1,2,1,1,1,1,2,1,1,2,2,2,2,1,2,1,1,1,2,1,1,,1.0,43,,,,,4.0,1.0,1.0,1.0,1.0,1.0,1.0,1.0,1.0,1.0,1.0,,,4.0,5.0,6.0,1.0,,,,,,,,6.0
695,5,4,5,5,3,5,5,5,1,3,71.0,3.0,,,,6.0,,,,,2.0,2.0,1.0,,2.0,,1.0,5.0,1.0,1.0,1.0,1.0,1.0,1.0,6,1,7,7,5,7,6,5,3,2,30.0,16.0,59.0,20.0,45.0,13.0,90.0,61.0,69.0,50.0,2,2,2,1,2,2,2,1,2,1,1,1,1,2,2,1,2,2,2,2,2,2,2,2,1,2,2,2,1,1,1,2,1,2,2,2,1,1,2,2,,1.0,40,1.0,300,5,8.0,,,,,,,,,,,,,,,,,,,4.0,5.0,3.0,,,,
696,1,1,1,1,2,1,1,1,5,3,,,,,,,2.0,55,2.0,950,4.0,4.0,2.0,5,,,2.0,,,,,,,,6,1,5,5,2,7,5,5,1,1,10.0,20.0,5.0,40.0,55.0,10.0,20.0,20.0,80.0,50.0,1,2,1,1,2,2,2,2,2,2,2,2,2,2,1,2,2,2,1,1,1,2,2,1,2,2,2,2,1,2,2,1,1,2,2,1,1,2,2,1,6.0,,,,,,9.0,2.0,1.0,1.0,1.0,1.0,1.0,1.0,1.0,1.0,1.0,1.0,70.0,5.0,,,,2.0,,4.0,3.0,1.0,,,,
697,5,5,5,5,5,5,5,5,2,5,86.0,1.0,4.0,3.0,2.0,,1.0,320,,,,,,5,,,1.0,,1.0,2.0,1.0,1.0,2.0,1.0,6,1,2,1,2,7,7,7,4,1,71.0,63.0,70.0,91.0,97.0,85.0,99.0,86.0,58.0,61.0,2,2,2,2,1,2,2,2,2,2,2,2,1,2,2,2,2,2,1,1,2,1,2,2,2,2,1,2,2,1,2,2,1,2,2,2,1,1,2,1,6.0,,,1.0,210,,9.0,5.0,,,,,,,,,,,,,,,,1.0,,,,,4.0,5.0,4.0,
698,4,5,4,5,5,4,5,4,1,5,80.0,1.0,,,,,1.0,120,,,,,,,,,,4.0,,,,,,,7,1,3,2,1,7,6,6,2,1,51.0,42.0,6.0,7.0,79.0,2.0,1.0,4.0,100.0,2.0,2,2,2,1,2,1,1,2,1,2,2,2,1,1,1,1,1,2,1,1,1,1,1,1,2,2,1,1,1,1,2,1,1,1,1,2,2,1,1,2,3.0,,,1.0,90,5,5.0,,1.0,1.0,1.0,1.0,1.0,2.0,2.0,2.0,2.0,2.0,,,3.0,2.0,4.0,1.0,1.0,3.0,1.0,1.0,,,,
699,4,5,5,4,4,5,5,5,2,3,30.0,4.0,,,,,2.0,40,2.0,350,3.0,5.0,5.0,10,,2.0,2.0,4.0,1.0,1.0,2.0,2.0,1.0,1.0,6,2,6,3,4,5,6,6,3,2,42.0,35.0,51.0,39.0,36.0,51.0,74.0,42.0,40.0,48.0,2,2,2,2,1,2,1,2,1,2,2,1,1,1,1,1,2,1,1,2,2,2,2,1,2,1,2,2,2,1,1,2,1,2,2,2,1,2,2,2,4.0,,,,,,,,,,,,,,,,,,,,,,,1.0,,5.0,5.0,4.0,,,,
700,4,4,4,4,4,4,5,4,3,2,,3.0,2.0,3.0,3.0,7.0,2.0,50,2.0,400,2.0,2.0,4.0,,,,2.0,,,,,,,,6,3,2,3,3,3,5,5,3,1,48.0,43.0,47.0,44.0,42.0,53.0,72.0,75.0,54.0,41.0,1,1,2,1,2,2,2,1,1,1,1,1,2,1,1,1,2,1,1,2,1,1,2,1,2,2,2,1,1,1,1,1,2,2,2,2,1,1,1,1,,,,,,12,,3.0,1.0,1.0,1.0,2.0,1.0,1.0,1.0,2.0,1.0,1.0,60.0,,,,,1.0,,,,,,,,2.0
701,2,2,2,2,4,4,1,1,4,3,85.0,,3.0,4.0,4.0,,,,1.0,1800,,,,,2.0,,,,,,,,,,6,1,5,5,3,5,5,5,2,1,60.0,29.0,52.0,34.0,67.0,52.0,23.0,80.0,74.0,48.0,1,1,2,2,1,1,1,2,1,2,2,2,1,2,2,2,2,2,2,2,2,1,2,1,2,2,2,2,1,2,1,2,2,2,1,2,1,2,1,2,5.0,1.0,16,,,10,,2.0,1.0,1.0,1.0,1.0,1.0,1.0,1.0,1.0,1.0,1.0,,2.0,,,,,1.0,,,,1.0,1.0,4.0,3.0
702,1,2,1,5,5,5,1,1,2,2,,1.0,,,,6.0,,,2.0,334,2.0,5.0,6.0,,,,,2.0,1.0,1.0,1.0,2.0,1.0,2.0,6,3,6,6,3,5,3,3,3,1,33.0,42.0,16.0,26.0,69.0,39.0,73.0,87.0,43.0,69.0,1,1,2,2,2,2,1,2,1,2,2,1,1,2,2,2,1,1,2,2,2,2,2,2,2,2,2,2,2,1,2,2,1,1,2,2,1,2,2,1,,1.0,52,,,18,,,,,,,,,,,,,90.0,,,,,1.0,2.0,4.0,5.0,2.0,,,,5.0
703,3,4,4,4,4,3,5,4,3,4,,4.0,,,,,2.0,50,,,,,,,,,1.0,4.0,,,,,,,6,2,4,4,1,5,4,4,2,1,63.0,64.0,79.0,73.0,95.0,91.0,68.0,33.0,96.0,90.0,1,1,1,2,1,1,1,1,2,2,1,1,1,1,2,1,1,2,1,1,2,2,1,2,1,1,2,1,1,1,1,1,2,1,2,1,2,2,1,1,5.0,,,1.0,300,20,,,1.0,1.0,1.0,1.0,1.0,1.0,1.0,1.0,1.0,1.0,70.0,,,,,2.0,,3.0,3.0,3.0,1.0,4.0,5.0,2.0
704,3,3,4,4,5,3,4,4,3,4,30.0,4.0,3.0,3.0,3.0,,,,1.0,1500,4.0,5.0,6.0,15,2.0,,,,,,,,,,6,2,5,5,1,6,5,5,2,1,50.0,30.0,60.0,65.0,70.0,36.0,90.0,75.0,45.0,80.0,1,2,2,2,2,2,2,2,2,2,1,2,2,1,1,1,1,2,2,1,1,2,1,1,2,1,2,2,1,1,1,2,2,1,1,2,1,1,2,1,5.0,1.0,20,,,,,4.0,1.0,1.0,1.0,1.0,1.0,1.0,1.0,1.0,1.0,1.0,,,,,,,1.0,,,,,,,9.0
705,5,2,5,5,4,5,4,5,2,1,,5.0,,,,6.0,,,2.0,700,,,,,,3.0,2.0,,,,,,,,7,2,5,3,3,6,6,6,3,1,39.0,35.0,40.0,54.0,60.0,53.0,41.0,66.0,46.0,23.0,2,2,2,2,2,2,2,2,2,1,2,1,2,1,1,1,1,1,1,2,1,1,2,2,1,2,1,2,1,2,2,2,1,1,2,1,1,1,1,2,,1.0,16,,,3,,4.0,1.0,2.0,1.0,1.0,1.0,1.0,2.0,2.0,1.0,1.0,70.0,,5.0,5.0,5.0,1.0,,5.0,5.0,2.0,,,,
706,5,4,5,5,5,5,5,5,1,4,60.0,,,,,,,,,,,,,15,,4.0,1.0,,,,,,,,6,1,3,3,5,6,5,5,3,1,65.0,30.0,65.0,50.0,55.0,55.0,65.0,60.0,65.0,50.0,2,1,1,1,2,2,2,2,1,2,1,2,2,1,1,1,2,1,2,2,2,1,2,2,1,2,2,1,2,2,2,2,2,1,2,2,1,2,2,2,5.0,1.0,45,1.0,2000,,,4.0,1.0,1.0,2.0,1.0,2.0,1.0,1.0,2.0,1.0,1.0,,2.0,4.0,5.0,6.0,1.0,,5.0,4.0,1.0,,,,
707,5,5,5,5,3,5,5,5,1,1,30.0,,,,,,2.0,52,,,2.0,5.0,6.0,,,2.0,2.0,,1.0,1.0,2.0,1.0,2.0,1.0,7,2,4,3,1,3,5,7,4,1,44.0,35.0,45.0,58.0,49.0,62.0,72.0,66.0,35.0,17.0,2,2,1,2,2,1,2,2,1,1,1,2,2,2,2,2,1,1,1,1,1,1,1,2,2,2,2,2,2,2,2,1,2,2,1,2,2,2,1,1,6.0,,,1.0,312,15,,6.0,,,,,,,,,,,,6.0,,,,1.0,,3.0,3.0,3.0,,,,
708,4,5,2,5,5,2,2,5,5,5,,3.0,,,,7.0,,,2.0,380,4.0,5.0,6.0,5,1.0,2.0,,,,,,,,,7,2,3,6,2,5,5,3,2,1,61.0,93.0,62.0,83.0,94.0,31.0,50.0,95.0,84.0,93.0,1,1,2,1,2,1,1,2,2,1,2,2,2,2,2,1,2,2,2,2,2,1,2,1,2,1,2,2,2,1,2,2,2,1,2,2,1,2,2,2,,1.0,54,,,,,5.0,1.0,2.0,1.0,2.0,1.0,2.0,1.0,1.0,2.0,1.0,70.0,,,,,,2.0,5.0,2.0,1.0,,,,
709,5,3,4,5,4,5,5,5,2,4,65.0,,3.0,2.0,3.0,,2.0,47,,,,,,15,1.0,,,,,,,,,,7,2,4,4,5,7,7,6,3,2,40.0,35.0,30.0,44.0,80.0,30.0,40.0,40.0,60.0,49.0,2,1,1,2,1,2,2,2,2,2,1,2,2,2,2,1,2,2,2,2,1,1,1,1,2,2,1,1,2,2,2,2,1,2,2,1,2,2,1,2,6.0,,,2.0,80,,,6.0,1.0,1.0,1.0,1.0,2.0,1.0,1.0,2.0,1.0,1.0,,2.0,1.0,5.0,4.0,,1.0,,,,,,,1.0
710,2,4,3,4,3,4,4,3,3,3,85.0,5.0,2.0,2.0,5.0,5.0,2.0,41,1.0,1500,1.0,4.0,5.0,18,,,,,,,,,,,7,1,1,3,2,6,6,7,1,2,30.0,20.0,45.0,51.0,30.0,51.0,95.0,77.0,60.0,32.0,2,1,1,1,1,1,1,1,2,1,1,1,1,1,1,1,1,1,2,1,1,2,1,2,2,2,1,1,1,1,1,1,2,1,1,1,1,1,1,1,,,,,,,10.0,6.0,1.0,1.0,1.0,1.0,1.0,1.0,1.0,2.0,2.0,2.0,,,,,,2.0,1.0,,,,,,,
711,1,4,2,1,2,2,2,5,4,1,70.0,,,,,6.0,2.0,59,1.0,1100,,,,15,1.0,,1.0,5.0,1.0,1.0,2.0,2.0,1.0,2.0,6,1,7,6,5,7,5,5,3,2,40.0,50.0,35.0,25.0,20.0,25.0,20.0,95.0,90.0,10.0,1,2,2,1,2,2,2,1,2,2,2,2,1,2,2,2,1,1,1,2,1,2,2,2,2,2,2,1,1,1,2,2,2,2,1,2,1,1,2,2,,,,,,,4.0,,,,,,,,,,,,,2.0,,,,,,2.0,3.0,5.0,4.0,5.0,5.0,
712,1,3,1,1,3,1,4,1,5,5,75.0,,4.0,4.0,3.0,,,,,,,,,,,,,3.0,1.0,1.0,2.0,1.0,1.0,2.0,6,4,2,2,2,3,5,6,1,1,40.0,50.0,45.0,30.0,70.0,45.0,90.0,50.0,60.0,80.0,2,1,2,2,2,2,2,2,2,1,2,2,1,2,1,1,1,2,2,1,2,1,1,2,1,1,1,2,1,2,2,2,1,2,1,2,2,2,1,1,3.0,1.0,18,1.0,125,10,,,,,,,,,,,,,,2.0,,,,1.0,2.0,,,,4.0,2.0,1.0,2.0
713,4,4,5,5,5,5,4,5,3,4,,,,,,,,,2.0,657,,,,,2.0,,2.0,4.0,,,,,,,6,2,5,2,2,5,6,6,4,1,87.0,74.0,100.0,85.0,89.0,95.0,80.0,100.0,36.0,53.0,2,2,1,1,2,1,2,2,2,1,1,2,2,2,1,1,2,1,2,1,2,1,2,2,2,2,1,2,2,1,2,1,2,2,1,2,1,2,2,1,6.0,1.0,38,,,15,,,1.0,1.0,1.0,1.0,1.0,1.0,1.0,1.0,1.0,1.0,92.0,2.0,5.0,4.0,4.0,,,4.0,5.0,1.0,,,,2.0
714,5,4,5,5,5,5,5,5,2,4,,,3.0,5.0,2.0,,,,,,4.0,4.0,4.0,18,2.0,,2.0,5.0,,,,,,,6,2,3,3,6,7,6,6,3,2,68.0,40.0,52.0,80.0,88.0,54.0,95.0,100.0,34.0,75.0,2,1,2,2,2,2,2,1,1,2,2,2,2,2,2,1,1,1,1,2,1,2,2,1,1,1,2,2,1,2,2,2,2,2,2,1,2,2,2,2,6.0,1.0,50,1.0,300,,,,1.0,1.0,1.0,2.0,1.0,1.0,2.0,1.0,1.0,2.0,60.0,3.0,,,,,,,,,,,,3.0
715,5,5,5,4,5,5,5,5,2,4,75.0,,,,,,,,2.0,500,1.0,4.0,6.0,20,,3.0,1.0,,1.0,2.0,1.0,1.0,2.0,2.0,7,1,4,2,1,7,7,6,3,2,30.0,20.0,30.0,60.0,75.0,40.0,85.0,50.0,90.0,40.0,1,2,2,2,2,1,2,1,2,1,1,1,2,1,2,2,2,2,2,2,2,1,2,2,2,2,1,2,2,2,2,2,1,1,1,1,2,2,2,2,5.0,2.0,10,,,,,6.0,,,,,,,,,,,,3.0,,,,1.0,,3.0,5.0,2.0,,,,
716,4,5,3,4,5,1,4,3,5,3,,,,,,,,,,,,,,,,1.0,2.0,,,,,,,,7,1,1,4,2,6,5,5,1,2,20.0,40.0,20.0,50.0,35.0,10.0,40.0,0.0,75.0,30.0,1,2,1,2,1,1,1,1,1,2,1,1,1,1,2,2,1,2,1,1,2,2,2,2,1,2,1,1,2,2,1,2,1,1,1,1,1,2,2,1,7.0,1.0,54,1.0,300,15,,2.0,1.0,1.0,1.0,1.0,2.0,2.0,1.0,1.0,2.0,1.0,90.0,1.0,4.0,4.0,2.0,1.0,,3.0,5.0,3.0,,,,
717,2,2,4,4,4,4,4,1,5,4,,3.0,3.0,4.0,4.0,,2.0,45,,,,,,20,,,1.0,,,,,,,,5,2,5,3,2,5,6,6,2,2,40.0,35.0,35.0,50.0,60.0,60.0,40.0,25.0,70.0,60.0,2,2,1,2,1,2,1,2,2,2,1,2,2,2,2,2,1,2,2,2,2,1,1,1,2,2,1,1,2,1,2,2,2,1,1,1,1,1,2,1,3.0,,,1.0,200,,10.0,4.0,1.0,1.0,1.0,1.0,1.0,1.0,1.0,1.0,1.0,1.0,70.0,,2.0,5.0,6.0,1.0,,,,,,,,
718,4,4,4,5,5,1,5,5,5,5,81.0,3.0,,,,6.0,2.0,52,,,2.0,5.0,6.0,15,2.0,,1.0,6.0,,,,,,,7,1,4,2,3,7,7,7,2,2,40.0,32.0,36.0,57.0,67.0,35.0,84.0,71.0,66.0,73.0,1,2,1,2,2,2,1,1,2,2,1,1,2,2,2,2,2,1,1,2,2,1,2,1,2,2,2,2,1,2,2,1,1,2,2,1,1,2,2,1,,,,1.0,93,,,,1.0,1.0,2.0,1.0,1.0,2.0,1.0,1.0,2.0,2.0,,,,,,,,4.0,4.0,2.0,,,,1.0
719,4,4,5,5,5,5,5,5,2,1,30.0,4.0,,,,6.0,2.0,54,,,,,,10,,,1.0,4.0,1.0,1.0,1.0,1.0,2.0,2.0,7,1,1,1,5,7,7,7,2,1,62.0,13.0,73.0,82.0,84.0,85.0,85.0,87.0,15.0,15.0,2,1,2,2,1,1,2,2,2,1,2,1,1,2,2,1,2,2,2,2,2,2,1,1,2,2,1,2,2,2,1,2,2,2,2,2,1,2,2,1,,,,1.0,200,,10.0,,,,,,,,,,,,,,2.0,1.0,2.0,1.0,,3.0,3.0,3.0,,,,
720,1,1,1,1,1,1,3,3,5,4,49.0,2.0,,,,4.0,1.0,67,2.0,385,,,,,2.0,2.0,,4.0,,,,,,,5,4,4,4,5,6,5,5,2,2,8.0,9.0,7.0,11.0,16.0,16.0,32.0,48.0,42.0,40.0,2,1,2,1,1,2,1,2,2,1,2,2,2,1,1,1,2,2,2,2,2,2,2,1,2,2,2,1,2,2,2,1,1,2,1,2,2,2,2,2,,,,,,2,,,1.0,1.0,1.0,2.0,2.0,1.0,1.0,1.0,2.0,1.0,,,,,,,1.0,4.0,5.0,3.0,3.0,3.0,4.0,
721,5,5,5,5,3,5,5,5,1,2,30.0,,,,,6.0,2.0,2,1.0,1100,,,,,,,2.0,,1.0,1.0,1.0,1.0,2.0,2.0,7,2,3,3,2,5,4,3,1,2,60.0,66.0,60.0,65.0,40.0,40.0,90.0,55.0,25.0,50.0,2,2,2,2,2,2,1,2,2,1,2,2,2,2,1,2,2,1,1,1,2,2,2,2,2,1,2,2,2,1,1,1,2,2,2,1,2,1,2,2,,,,,,0,,4.0,,,,,,,,,,,,4.0,,,,1.0,,2.0,2.0,2.0,1.0,3.0,3.0,2.0
722,3,4,4,4,4,5,4,4,1,4,50.0,,3.0,3.0,3.0,,,,,,1.0,5.0,6.0,20,2.0,,1.0,,1.0,1.0,1.0,1.0,1.0,1.0,5,1,4,1,5,7,4,7,2,1,50.0,50.0,50.0,60.0,50.0,60.0,60.0,75.0,50.0,60.0,2,2,2,2,2,2,2,2,2,1,1,2,2,2,2,2,2,2,2,1,2,2,2,2,2,2,2,2,2,1,2,2,1,2,2,2,2,2,1,2,4.0,1.0,30,1.0,240,,10.0,4.0,,,,,,,,,,,,4.0,,,,,,,,,,,,
723,2,3,4,5,4,5,5,5,3,4,,,3.0,3.0,4.0,,2.0,50,,,2.0,4.0,3.0,,,1.0,1.0,4.0,1.0,1.0,2.0,1.0,2.0,1.0,5,2,3,3,2,5,5,5,1,2,35.0,25.0,25.0,45.0,55.0,35.0,65.0,70.0,40.0,41.0,2,2,1,2,2,2,2,1,2,1,2,2,1,1,1,2,2,2,1,1,1,2,2,2,1,2,2,2,2,2,2,2,1,1,2,2,2,1,2,2,5.0,,,1.0,100,5,,,,,,,,,,,,,67.0,2.0,,,,2.0,,,,,,,,
724,4,3,4,5,5,4,4,5,4,5,50.0,,,,,4.0,2.0,15,1.0,1600,,,,10,,,1.0,4.0,1.0,1.0,2.0,1.0,2.0,1.0,6,4,5,5,2,3,3,3,4,1,61.0,63.0,72.0,86.0,88.0,85.0,62.0,50.0,60.0,81.0,2,1,2,1,1,2,2,2,2,2,2,2,2,2,2,2,1,1,1,1,2,2,2,1,2,1,2,2,2,1,1,2,2,2,1,2,2,1,1,2,,,,,,,,,,,,,,,,,,,,4.0,,,,1.0,,4.0,2.0,3.0,3.0,5.0,6.0,2.0
725,2,5,4,5,5,4,5,5,4,5,,,,,,6.0,,,1.0,2000,4.0,4.0,6.0,20,2.0,2.0,2.0,5.0,,,,,,,7,5,3,3,2,5,6,7,2,2,22.0,64.0,45.0,61.0,85.0,54.0,87.0,99.0,57.0,70.0,2,2,1,1,2,2,1,1,2,1,1,2,2,1,2,2,1,2,2,2,2,2,1,1,2,1,2,2,2,2,2,1,1,2,1,1,1,2,1,1,,1.0,20,,,,,,1.0,2.0,1.0,1.0,1.0,1.0,2.0,1.0,1.0,2.0,80.0,4.0,,,,,,5.0,4.0,1.0,,,,
726,1,3,1,5,1,4,2,2,4,3,60.0,,,,,,2.0,45,,,,,,,,1.0,,,,,,,,,7,1,4,1,5,7,4,7,1,1,49.0,60.0,20.0,70.0,65.0,60.0,40.0,75.0,60.0,40.0,2,1,1,2,1,2,2,2,2,2,1,2,2,1,1,2,2,2,2,2,2,2,1,2,1,1,2,2,1,2,2,2,2,2,1,1,2,2,2,1,6.0,,,1.0,200,20,,3.0,1.0,1.0,1.0,1.0,1.0,1.0,1.0,1.0,1.0,1.0,,3.0,2.0,5.0,6.0,1.0,1.0,2.0,3.0,2.0,,,,
727,4,5,4,5,4,5,5,5,1,3,,3.0,5.0,3.0,3.0,6.0,,,2.0,380,,,,,2.0,,1.0,4.0,1.0,1.0,2.0,1.0,2.0,1.0,6,1,1,1,2,6,6,6,1,2,50.0,30.0,50.0,50.0,30.0,30.0,60.0,20.0,20.0,40.0,1,2,2,2,2,2,2,2,2,1,1,2,1,2,1,1,2,1,1,2,1,2,2,1,1,2,1,1,1,2,1,1,1,2,1,2,2,1,2,1,,1.0,54,,,10,4.0,,,,,,,,,,,,70.0,,3.0,5.0,6.0,,,,,,,,,
728,2,4,4,5,5,3,4,4,5,4,50.0,,,,,5.0,,,2.0,250,,,,20,,,,,1.0,1.0,1.0,2.0,2.0,1.0,7,1,1,1,1,5,6,6,2,1,88.0,84.0,82.0,86.0,91.0,87.0,97.0,81.0,94.0,91.0,1,1,1,2,1,1,1,2,1,1,1,2,2,1,1,2,1,2,2,2,2,1,1,2,2,2,1,1,2,2,1,1,1,2,1,1,2,1,1,1,,1.0,55,,,,2.0,4.0,,,,,,,,,,,,4.0,,,,2.0,1.0,3.0,3.0,3.0,3.0,4.0,5.0,
729,4,3,3,5,4,2,4,5,5,4,30.0,4.0,,,,5.0,,,2.0,500,,,,,,,,,,,,,,,6,2,7,5,5,6,7,6,3,1,45.0,40.0,45.0,51.0,55.0,48.0,66.0,50.0,55.0,65.0,1,1,1,2,2,1,2,1,2,1,2,1,1,1,2,2,2,1,2,2,1,2,2,2,2,1,2,2,2,1,2,2,1,2,2,1,1,2,2,1,,2.0,8,,,10,6.0,5.0,1.0,1.0,1.0,1.0,1.0,1.0,1.0,1.0,1.0,1.0,,,5.0,4.0,5.0,1.0,2.0,3.0,5.0,1.0,,,,
730,4,4,4,4,4,5,5,5,2,3,30.0,,3.0,3.0,3.0,,2.0,20,,,,,,18,,,,,,,,,,,7,1,4,4,1,7,4,4,3,2,10.0,10.0,10.0,10.0,25.0,10.0,20.0,50.0,40.0,15.0,1,2,1,2,2,1,1,2,2,2,2,2,2,2,2,2,2,1,2,2,1,2,2,2,1,2,2,2,1,2,2,2,2,2,2,2,2,2,2,2,6.0,,,2.0,80,,,5.0,1.0,1.0,1.0,2.0,1.0,2.0,1.0,2.0,1.0,1.0,,3.0,,,,2.0,2.0,,,,3.0,5.0,6.0,3.0
731,5,4,5,5,5,5,5,5,2,4,30.0,6.0,,,,7.0,,,2.0,380,1.0,5.0,6.0,20,2.0,,,6.0,1.0,1.0,1.0,1.0,1.0,1.0,6,6,6,6,6,5,6,6,4,2,80.0,80.0,100.0,87.0,94.0,85.0,90.0,86.0,5.0,88.0,1,2,1,1,1,1,1,2,1,1,1,1,2,1,2,1,2,2,1,1,2,2,2,1,2,1,2,1,1,1,1,2,2,2,2,1,1,1,1,1,,1.0,54,,,,,,,,,,,,,,,,,,,,,,2.0,2.0,1.0,1.0,,,,6.0
732,4,4,4,5,4,4,4,1,4,4,70.0,,,,,6.0,2.0,54,,,,,,,1.0,,,5.0,,,,,,,7,3,5,3,2,5,6,6,2,2,79.0,71.0,58.0,68.0,80.0,34.0,42.0,13.0,52.0,27.0,2,1,2,2,2,2,1,2,1,2,2,2,2,2,2,2,2,2,1,2,1,2,2,2,2,2,2,2,2,2,2,2,2,1,2,2,2,1,2,2,,,,1.0,380,5,10.0,,1.0,2.0,1.0,2.0,1.0,2.0,1.0,1.0,2.0,1.0,,4.0,2.0,5.0,5.0,,2.0,4.0,5.0,2.0,,,,
733,4,3,4,3,4,5,5,5,2,4,,,5.0,5.0,5.0,,,,1.0,1500,,,,20,,2.0,1.0,4.0,1.0,1.0,1.0,2.0,1.0,2.0,6,5,6,6,2,5,5,5,4,1,70.0,40.0,50.0,40.0,69.0,43.0,91.0,64.0,48.0,38.0,1,1,1,1,1,2,1,1,2,1,1,2,1,1,1,1,2,1,2,2,1,1,1,2,2,1,2,1,2,2,1,2,1,1,1,1,1,2,1,1,6.0,1.0,15,,,,,,,,,,,,,,,,70.0,2.0,,,,2.0,,,,,1.0,5.0,6.0,
734,4,3,5,5,4,4,4,5,3,3,30.0,3.0,2.0,3.0,2.0,4.0,2.0,22,2.0,700,,,,,,,,4.0,1.0,1.0,2.0,1.0,1.0,2.0,7,2,4,3,3,3,4,5,3,1,48.0,49.0,54.0,35.0,42.0,38.0,68.0,80.0,45.0,40.0,2,2,2,1,2,2,2,1,2,2,1,2,2,2,2,2,2,2,2,1,1,2,2,2,2,1,2,2,2,1,2,1,2,2,2,1,2,2,1,2,,,,,,8,8.0,,,,,,,,,,,,,,,,,1.0,1.0,,,,3.0,4.0,4.0,
735,5,5,5,5,5,5,5,5,1,1,,2.0,,,,,2.0,30,1.0,1300,,,,,2.0,2.0,,6.0,,,,,,,6,1,6,7,1,5,7,5,3,1,70.0,66.0,66.0,76.0,78.0,56.0,90.0,56.0,27.0,23.0,2,1,2,1,2,2,2,2,2,2,2,2,1,1,2,2,1,2,1,2,2,2,1,2,2,1,1,1,2,1,2,1,2,2,1,2,1,2,2,2,6.0,,,,,10,,,1.0,1.0,2.0,1.0,2.0,1.0,1.0,1.0,2.0,1.0,85.0,,2.0,5.0,6.0,,2.0,3.0,3.0,3.0,,,,
736,4,3,4,4,3,4,3,4,3,4,,3.0,3.0,4.0,4.0,5.0,1.0,114,2.0,915,,,,5,1.0,,,3.0,,,,,,,6,2,3,3,5,5,6,7,3,1,30.0,30.0,40.0,50.0,30.0,30.0,75.0,75.0,50.0,30.0,1,2,1,2,1,1,1,2,2,2,2,1,2,2,2,2,1,2,2,2,1,2,2,1,2,2,2,1,1,1,2,1,2,1,1,2,2,2,2,2,,,,,,,,,1.0,1.0,2.0,2.0,1.0,1.0,2.0,2.0,2.0,1.0,3.0,,,,,,2.0,,,,2.0,5.0,5.0,1.0
737,2,4,4,4,4,4,3,4,2,5,,,,,,7.0,,,2.0,100,1.0,5.0,3.0,,,2.0,,4.0,,,,,,,5,3,6,3,2,6,7,5,3,2,50.0,25.0,50.0,75.0,95.0,50.0,75.0,95.0,75.0,85.0,1,2,1,1,1,2,1,1,1,1,1,1,1,1,1,2,2,1,1,2,1,2,1,2,1,1,2,1,2,1,2,1,1,1,1,1,2,2,2,1,,2.0,1,,,0,,,1.0,1.0,2.0,1.0,1.0,1.0,2.0,1.0,1.0,2.0,70.0,5.0,,,,1.0,1.0,4.0,4.0,4.0,,,,
738,4,5,5,5,5,5,5,5,1,4,30.0,,,,,,2.0,50,2.0,800,,,,18,,,2.0,,,,,,,,6,1,3,2,5,5,6,6,3,1,54.0,36.0,41.0,63.0,64.0,30.0,59.0,86.0,49.0,51.0,2,2,2,2,2,2,1,1,2,1,2,1,2,2,2,1,2,1,2,1,1,2,2,2,2,2,2,2,2,1,2,2,1,2,1,2,1,2,2,1,6.0,,,,,,,5.0,1.0,1.0,2.0,1.0,1.0,2.0,1.0,2.0,1.0,1.0,,4.0,,,,2.0,,3.0,4.0,2.0,4.0,5.0,4.0,3.0
739,4,4,5,4,5,3,5,5,3,2,,,,,,,2.0,40,,,,,,,2.0,,1.0,,,,,,,,7,2,4,1,3,5,6,7,3,1,41.0,28.0,61.0,47.0,30.0,35.0,73.0,53.0,62.0,18.0,1,1,2,2,2,1,2,2,2,2,2,2,1,2,2,2,2,2,1,2,2,1,1,2,2,1,2,2,1,2,2,2,2,1,1,2,1,2,2,2,5.0,,,1.0,150,18,10.0,6.0,1.0,1.0,1.0,1.0,1.0,1.0,1.0,1.0,1.0,2.0,87.0,3.0,,,,,,5.0,4.0,1.0,3.0,5.0,4.0,
740,4,5,5,5,4,2,5,5,5,4,,2.0,,,,4.0,,,,,,,,,2.0,,1.0,,,,,,,,6,5,1,2,4,5,6,6,1,2,29.0,76.0,80.0,68.0,76.0,66.0,99.0,97.0,91.0,98.0,2,2,1,2,2,2,2,1,2,2,2,1,2,1,1,1,1,2,2,1,1,2,2,1,1,1,2,2,1,1,2,2,1,2,2,1,2,2,2,2,,2.0,1,1.0,140,20,9.0,5.0,1.0,2.0,1.0,2.0,1.0,2.0,1.0,2.0,1.0,2.0,95.0,,,,,,,4.0,3.0,3.0,2.0,2.0,3.0,
741,4,4,3,4,5,2,5,4,5,4,,,,,,7.0,,,,,1.0,5.0,6.0,,,,1.0,,,,,,,,7,1,1,2,1,7,7,7,2,1,65.0,55.0,70.0,75.0,80.0,55.0,100.0,70.0,90.0,90.0,2,2,1,2,2,1,2,1,2,2,1,1,1,1,1,1,1,2,2,1,2,1,1,2,1,1,2,2,2,2,1,2,1,1,2,1,2,2,2,2,,1.0,50,1.0,300,5,10.0,6.0,1.0,1.0,1.0,1.0,1.0,1.0,1.0,1.0,1.0,1.0,100.0,1.0,,,,1.0,,3.0,6.0,1.0,,,,
742,4,5,5,5,5,5,5,5,1,3,30.0,4.0,4.0,4.0,4.0,7.0,1.0,66,2.0,900,,,,12,2.0,1.0,2.0,,1.0,2.0,2.0,1.0,2.0,2.0,7,4,6,6,2,5,6,6,3,1,48.0,48.0,48.0,48.0,48.0,48.0,48.0,48.0,52.0,50.0,1,2,1,1,1,2,1,1,1,2,1,1,1,2,1,2,1,1,1,1,1,2,1,1,1,1,1,1,1,1,1,1,1,1,1,1,1,1,1,1,,,,,,,,4.0,,,,,,,,,,,,,,,,,,,,,1.0,5.0,5.0,
743,5,4,5,5,4,5,4,5,5,5,90.0,1.0,,,,6.0,,,2.0,379,,,,18,2.0,,,,1.0,1.0,1.0,2.0,2.0,2.0,6,4,4,5,4,5,6,6,1,1,92.0,82.0,93.0,91.0,91.0,80.0,87.0,79.0,95.0,90.0,2,2,1,1,1,1,1,1,1,1,2,1,2,2,1,1,1,1,1,1,2,1,1,1,1,1,1,1,1,2,1,1,1,1,1,1,1,1,1,1,,1.0,54,,,,10.0,5.0,,,,,,,,,,,,,4.0,5.0,6.0,,1.0,3.0,2.0,3.0,,,,
744,4,2,2,4,4,4,4,5,5,5,,5.0,,,,,,,1.0,1800,,,,18,,,,,,,,,,,7,2,1,3,5,5,6,6,2,1,65.0,31.0,30.0,60.0,76.0,90.0,91.0,90.0,99.0,80.0,1,1,2,2,2,1,2,2,2,1,1,1,1,2,1,2,1,2,2,2,1,2,2,2,1,1,2,2,1,1,2,2,2,2,2,1,2,2,2,1,6.0,2.0,8,,,,9.0,4.0,1.0,1.0,2.0,1.0,1.0,1.0,2.0,2.0,1.0,2.0,66.0,,1.0,4.0,5.0,1.0,1.0,3.0,2.0,2.0,,,,
745,2,3,1,2,4,3,4,3,4,3,62.0,4.0,,,,6.0,1.0,120,,,2.0,3.0,3.0,15,2.0,,1.0,,,,,,,,6,6,4,5,5,6,5,5,2,1,39.0,21.0,43.0,49.0,50.0,68.0,77.0,31.0,66.0,52.0,2,2,2,2,2,1,1,2,1,1,2,2,2,1,2,2,2,2,1,2,2,2,2,2,1,2,1,1,1,2,1,2,2,1,1,1,2,2,2,2,,,,1.0,200,,,4.0,1.0,1.0,2.0,1.0,1.0,2.0,1.0,1.0,2.0,1.0,,,,,,,,3.0,3.0,2.0,,,,2.0
746,4,3,3,5,3,4,4,5,2,1,35.0,,4.0,4.0,2.0,,2.0,50,,,,,,,,,,,1.0,1.0,1.0,1.0,1.0,2.0,7,5,2,7,6,5,6,5,2,1,43.0,40.0,51.0,31.0,73.0,59.0,62.0,72.0,43.0,29.0,2,1,2,2,1,2,1,1,1,1,1,2,2,1,2,1,2,2,2,2,2,1,2,1,1,2,1,2,2,2,2,2,2,2,2,2,2,2,1,2,5.0,,,1.0,300,15,5.0,5.0,,,,,,,,,,,,2.0,4.0,3.0,5.0,1.0,2.0,,,,,,,
747,2,4,3,5,4,5,5,4,2,5,,,,,,,2.0,62,,,1.0,4.0,3.0,6,,,1.0,5.0,,,,,,,6,5,4,6,5,6,6,6,2,2,40.0,28.0,53.0,74.0,75.0,52.0,86.0,74.0,52.0,79.0,2,1,1,2,2,2,2,1,2,2,2,2,1,2,2,1,2,2,2,1,2,1,1,2,1,1,2,2,2,1,2,2,2,2,2,1,2,1,2,1,6.0,,,1.0,100,,3.0,,1.0,1.0,1.0,1.0,2.0,1.0,1.0,2.0,2.0,1.0,40.0,3.0,,,,1.0,,2.0,1.0,1.0,,,,
748,2,3,4,4,5,4,4,3,4,3,60.0,,3.0,3.0,3.0,,,,2.0,200,,,,,,,,4.0,1.0,1.0,1.0,1.0,1.0,1.0,6,1,7,7,2,6,5,5,2,1,30.0,25.0,35.0,40.0,50.0,50.0,55.0,35.0,56.0,33.0,1,2,2,1,2,2,1,2,2,1,2,1,2,1,2,2,1,2,2,1,2,1,2,2,2,1,2,2,2,2,1,2,1,2,2,1,2,2,2,2,6.0,1.0,50,,,15,8.0,,,,,,,,,,,,,2.0,,,,1.0,2.0,,,,5.0,3.0,4.0,
749,5,4,5,4,5,4,4,3,5,4,30.0,,4.0,4.0,2.0,6.0,2.0,43,2.0,400,4.0,5.0,2.0,,2.0,,,6.0,,,,,,,7,3,3,4,7,3,3,3,4,2,100.0,40.0,79.0,81.0,65.0,0.0,71.0,49.0,98.0,66.0,1,2,1,2,1,1,1,1,1,2,2,2,2,1,2,1,2,1,1,2,2,1,2,1,2,1,1,2,2,2,2,2,2,2,2,2,1,1,1,2,,,,,,19,1.0,,1.0,1.0,1.0,2.0,2.0,2.0,2.0,2.0,2.0,2.0,,2.0,,,,,2.0,,,,,,,
750,5,5,5,5,5,5,5,5,1,1,30.0,4.0,3.0,3.0,3.0,5.0,,,1.0,2000,,,,,2.0,,,6.0,,,,,,,6,2,2,2,5,6,6,6,3,1,30.0,25.0,25.0,30.0,50.0,30.0,40.0,35.0,40.0,36.0,1,2,2,2,2,2,2,2,2,2,2,2,1,2,2,2,2,2,2,1,2,1,2,1,2,1,2,2,2,2,1,2,2,2,2,2,2,2,2,2,,1.0,20,,,10,,,1.0,1.0,1.0,1.0,1.0,1.0,1.0,1.0,1.0,1.0,,,,,,,1.0,,,,1.0,5.0,6.0,5.0
751,5,4,5,5,5,5,5,3,2,4,100.0,,,,,,2.0,50,,,,,,,2.0,,1.0,,1.0,1.0,1.0,1.0,1.0,1.0,7,2,6,7,2,4,6,5,3,2,79.0,38.0,81.0,91.0,94.0,45.0,99.0,40.0,39.0,91.0,1,1,2,2,1,2,1,1,2,1,1,1,1,1,1,2,1,1,1,1,2,1,1,1,1,1,2,1,2,2,1,2,1,1,1,1,1,1,1,2,3.0,,,2.0,45,20,,3.0,,,,,,,,,,,,5.0,5.0,5.0,6.0,,,3.0,2.0,2.0,,,,10.0
752,1,3,3,4,5,5,5,5,2,4,72.0,2.0,,,,,1.0,75,,,1.0,3.0,3.0,0,1.0,,2.0,6.0,1.0,1.0,2.0,1.0,2.0,1.0,7,5,1,1,1,5,7,7,1,2,30.0,44.0,30.0,50.0,50.0,64.0,87.0,84.0,34.0,56.0,2,2,2,2,1,2,2,1,2,2,1,1,2,2,2,2,2,2,2,1,2,2,2,2,1,2,2,2,1,2,2,2,2,2,1,2,2,2,2,2,2.0,,,1.0,100,,,,,,,,,,,,,,,,,,,,,2.0,2.0,3.0,,,,1.0
753,4,3,5,4,4,3,4,5,3,5,,3.0,3.0,3.0,3.0,,2.0,50,,,,,,18,,,2.0,,,,,,,,6,4,6,6,5,5,5,4,2,1,64.0,50.0,75.0,70.0,60.0,40.0,50.0,45.0,55.0,70.0,1,2,2,2,2,2,1,2,1,1,1,1,2,1,1,1,1,1,2,2,2,1,2,1,1,1,2,1,2,2,1,2,2,1,1,2,2,2,1,1,3.0,,,1.0,200,,,1.0,1.0,1.0,1.0,1.0,1.0,1.0,1.0,1.0,1.0,1.0,95.0,,5.0,2.0,4.0,1.0,,,,,,,,5.0
754,5,5,5,5,2,5,5,5,2,2,90.0,3.0,,,,,1.0,70,1.0,2000,,,,20,2.0,,,,,,,,,,7,1,3,3,1,7,5,5,3,1,75.0,65.0,55.0,75.0,50.0,60.0,80.0,85.0,35.0,35.0,2,2,1,2,2,2,1,2,2,2,2,1,1,2,2,2,2,2,2,2,2,1,2,2,1,2,2,2,2,1,2,2,1,1,2,2,2,1,1,2,5.0,,,,,,,5.0,1.0,1.0,1.0,1.0,2.0,1.0,2.0,1.0,2.0,1.0,,,1.0,3.0,4.0,,1.0,4.0,3.0,1.0,,,,2.0
755,4,4,3,3,4,4,5,5,2,4,30.0,,4.0,4.0,5.0,,,,,,,,,15,1.0,2.0,,,1.0,1.0,1.0,2.0,1.0,1.0,5,4,5,5,2,6,5,4,3,2,61.0,56.0,71.0,50.0,73.0,78.0,92.0,92.0,5.0,72.0,2,2,2,1,1,2,1,2,1,1,2,1,1,1,1,1,2,2,1,1,2,2,2,2,2,2,1,2,1,2,2,1,2,1,2,2,1,1,1,1,6.0,1.0,50,1.0,300,,,4.0,,,,,,,,,,,,3.0,4.0,5.0,5.0,,2.0,,,,,,,
756,2,3,2,4,4,2,5,4,4,3,30.0,4.0,4.0,5.0,4.0,6.0,2.0,24,1.0,1200,,,,10,2.0,,1.0,4.0,1.0,1.0,2.0,2.0,1.0,1.0,5,1,6,4,3,5,1,5,1,1,15.0,40.0,30.0,51.0,47.0,20.0,83.0,70.0,70.0,35.0,1,1,2,1,2,2,1,2,1,1,2,2,2,2,2,2,2,1,1,1,1,2,2,2,2,1,2,1,2,2,1,2,2,2,2,2,2,2,2,2,,,,,,,6.0,,,,,,,,,,,,,,3.0,4.0,3.0,,,,,,,,,
757,4,5,4,5,5,5,5,5,2,5,70.0,,,,,,,,1.0,6000,,,,6,,,,,,,,,,,7,1,4,3,2,6,7,6,3,1,30.0,78.0,49.0,65.0,69.0,54.0,69.0,55.0,54.0,59.0,2,1,2,2,1,2,1,2,2,2,1,2,2,1,1,1,2,1,1,2,2,2,1,2,1,2,2,1,2,2,1,2,1,1,2,2,1,2,1,2,2.0,1.0,16,,,,6.0,4.0,1.0,1.0,2.0,1.0,1.0,2.0,2.0,2.0,1.0,1.0,,3.0,,,,2.0,1.0,4.0,5.0,4.0,2.0,5.0,5.0,
758,4,5,3,4,4,4,4,4,3,4,,,,,,,2.0,54,,,,,,,,,2.0,3.0,,,,,,,7,4,6,5,5,7,7,7,1,2,50.0,15.0,10.0,5.0,20.0,5.0,60.0,40.0,80.0,35.0,2,1,2,2,1,1,2,1,2,2,2,2,1,1,1,1,1,2,1,1,1,2,1,2,2,2,2,1,2,2,2,2,1,2,2,1,2,2,1,2,3.0,,,1.0,380,5,,,1.0,1.0,1.0,2.0,1.0,1.0,2.0,1.0,2.0,1.0,60.0,2.0,4.0,5.0,5.0,2.0,,4.0,3.0,2.0,,,,1.0
759,5,5,5,5,5,5,5,5,1,5,,4.0,5.0,4.0,2.0,6.0,2.0,60,,,,,,20,2.0,2.0,,6.0,1.0,1.0,1.0,1.0,2.0,1.0,6,2,2,3,5,5,7,7,3,1,100.0,100.0,100.0,100.0,100.0,100.0,100.0,100.0,0.0,100.0,1,2,1,1,1,2,2,2,1,1,1,1,1,1,1,2,1,1,2,2,1,2,2,1,2,2,2,1,1,1,2,2,1,2,2,2,2,1,1,1,,,,1.0,300,,,,,,,,,,,,,,70.0,,2.0,5.0,6.0,,2.0,,,,,,,
760,4,4,3,3,2,4,4,4,2,3,71.0,,3.0,4.0,4.0,,1.0,70,,,,,,,,2.0,2.0,,,,,,,,6,1,3,3,2,6,5,5,2,2,57.0,72.0,61.0,33.0,23.0,49.0,79.0,65.0,44.0,42.0,2,1,2,1,1,1,2,2,1,1,1,1,2,2,2,1,1,2,1,2,2,2,1,2,1,2,1,2,2,2,2,1,1,2,1,2,1,1,1,2,5.0,,,1.0,115,0,,3.0,2.0,1.0,1.0,1.0,2.0,2.0,1.0,1.0,2.0,1.0,,2.0,4.0,4.0,3.0,1.0,,,,,,,,
761,5,5,5,5,5,5,5,5,1,2,,,3.0,3.0,3.0,6.0,2.0,53,2.0,450,,,,,,2.0,,5.0,1.0,1.0,1.0,1.0,2.0,2.0,6,1,3,3,2,5,3,5,3,2,24.0,24.0,30.0,42.0,80.0,35.0,33.0,38.0,25.0,44.0,2,1,2,2,2,1,2,2,1,2,1,1,1,1,1,2,1,1,1,2,2,2,2,2,2,2,1,1,2,1,2,2,1,1,2,2,1,2,1,2,,,,,,10,,,,,,,,,,,,,70.0,3.0,,,,1.0,1.0,,,,2.0,4.0,4.0,
762,2,5,4,5,1,4,5,5,5,1,,,3.0,2.0,3.0,,,,,,,,,,2.0,,,,,,,,,,5,2,6,6,6,7,7,7,3,2,30.0,40.0,30.0,60.0,10.0,65.0,100.0,100.0,85.0,20.0,1,2,2,2,2,1,2,2,1,2,2,2,2,1,2,2,2,2,1,1,1,2,1,1,2,2,1,2,2,1,2,1,2,2,1,1,1,1,2,1,3.0,2.0,6,2.0,75,15,,5.0,1.0,2.0,1.0,1.0,2.0,1.0,1.0,2.0,1.0,1.0,50.0,1.0,,,,,2.0,,,,2.0,5.0,6.0,2.0
763,5,3,5,5,3,5,5,5,1,4,,,,,,5.0,,,,,,,,15,2.0,,,4.0,1.0,1.0,1.0,1.0,2.0,2.0,6,2,2,2,4,5,5,6,3,1,63.0,21.0,58.0,50.0,54.0,48.0,78.0,53.0,60.0,76.0,2,2,2,1,1,1,1,2,1,1,1,1,2,2,2,1,2,1,2,1,2,2,2,1,1,1,1,1,2,1,1,2,2,1,2,1,1,1,1,2,,1.0,50,1.0,155,,,,,,,,,,,,,,90.0,5.0,,,,,2.0,4.0,5.0,2.0,3.0,4.0,6.0,4.0
764,4,4,5,1,5,2,5,4,5,5,80.0,4.0,,,,,2.0,53,,,4.0,1.0,2.0,20,,1.0,,5.0,1.0,1.0,2.0,1.0,1.0,2.0,7,6,3,3,1,5,6,6,2,1,55.0,75.0,65.0,35.0,85.0,55.0,95.0,70.0,75.0,70.0,2,1,2,2,2,1,2,1,2,2,2,2,2,2,2,2,1,2,2,2,2,2,2,1,2,2,2,2,1,2,2,2,2,2,2,1,2,2,1,2,3.0,,,1.0,109,,,,,,,,,,,,,,,,,,,2.0,1.0,3.0,3.0,3.0,,,,
765,4,3,5,4,5,5,5,5,4,2,71.0,4.0,,,,5.0,2.0,50,,,4.0,5.0,6.0,17,,,,,1.0,1.0,1.0,1.0,1.0,1.0,7,4,4,3,5,5,6,6,3,1,42.0,33.0,43.0,34.0,46.0,56.0,60.0,63.0,62.0,54.0,1,2,2,2,2,1,1,2,2,1,2,2,2,2,2,2,2,1,1,2,2,2,2,2,1,2,1,2,2,2,2,2,2,1,2,1,2,2,2,1,,,,1.0,245,,,5.0,,,,,,,,,,,,,,,,1.0,2.0,3.0,4.0,2.0,,,,1.0
766,5,4,5,4,5,5,4,4,5,5,,5.0,4.0,2.0,4.0,,,,,,4.0,5.0,5.0,,2.0,,2.0,5.0,1.0,1.0,2.0,2.0,1.0,1.0,5,3,6,6,4,6,6,7,1,1,91.0,72.0,71.0,73.0,82.0,51.0,56.0,83.0,100.0,84.0,1,1,1,1,1,1,2,1,1,2,1,2,1,1,1,1,1,1,1,1,1,1,1,1,1,1,1,2,2,1,1,1,1,1,2,2,1,1,1,1,4.0,1.0,54,1.0,370,10,,,,,,,,,,,,,70.0,,,,,,,,,,,,,3.0
767,2,2,2,1,4,4,4,5,5,4,85.0,,3.0,2.0,3.0,6.0,2.0,50,,,,,,8,,,1.0,5.0,,,,,,,5,4,3,3,3,3,5,5,3,1,55.0,47.0,45.0,56.0,65.0,52.0,65.0,85.0,68.0,53.0,1,2,1,1,2,1,2,1,2,2,2,2,1,2,1,2,1,2,1,1,2,2,2,2,2,2,2,1,1,1,1,1,2,1,2,2,2,1,2,2,,,,1.0,110,,5.0,,1.0,1.0,2.0,2.0,1.0,1.0,1.0,2.0,1.0,1.0,,3.0,1.0,5.0,6.0,1.0,,,,,,,,
768,5,5,5,5,5,4,4,3,5,1,30.0,1.0,4.0,5.0,2.0,6.0,,,,,,,,20,,,,4.0,,,,,,,6,5,5,5,5,6,7,7,4,1,90.0,95.0,100.0,99.0,99.0,81.0,87.0,73.0,86.0,35.0,1,2,2,2,1,2,1,2,2,1,1,1,2,2,1,1,2,2,2,1,1,1,1,2,1,1,2,1,1,2,1,2,1,2,2,1,1,1,1,1,,1.0,54,1.0,380.8,,8.0,,1.0,1.0,1.0,1.0,1.0,1.0,1.0,1.0,1.0,1.0,,,,,,1.0,2.0,,,,4.0,5.0,6.0,
769,4,5,4,4,5,4,5,5,2,3,,3.0,,,,6.0,,,,,4.0,5.0,5.0,,,2.0,1.0,,,,,,,,6,2,3,3,2,6,6,5,3,1,53.0,59.0,45.0,43.0,42.0,51.0,69.0,69.0,45.0,43.0,1,2,1,1,2,2,1,2,2,2,2,1,2,2,2,2,2,2,2,2,1,1,1,1,2,1,2,1,2,2,1,2,2,1,2,1,2,2,2,2,,1.0,15,1.0,200,12,,4.0,1.0,1.0,1.0,1.0,1.0,1.0,1.0,1.0,1.0,1.0,84.0,,,,,1.0,,3.0,4.0,2.0,,,,
770,1,3,2,1,1,3,5,2,5,1,,2.0,3.0,3.0,4.0,,1.0,70,,,,,,,,,,2.0,1.0,1.0,2.0,1.0,2.0,1.0,6,1,2,2,4,7,5,5,2,1,20.0,20.0,10.0,5.0,5.0,70.0,95.0,20.0,100.0,15.0,2,1,2,1,1,1,1,1,1,1,1,2,2,1,2,2,1,1,1,2,1,1,2,1,1,1,1,1,1,1,1,1,1,2,1,2,2,1,2,1,6.0,,,1.0,120,10,,,,,,,,,,,,,60.0,,3.0,4.0,5.0,1.0,1.0,,,,,,,4.0
771,5,4,5,5,5,5,5,5,1,3,,,,,,6.0,,,,,2.0,5.0,6.0,,,,,5.0,1.0,1.0,1.0,1.0,1.0,1.0,6,3,1,2,2,5,6,6,2,1,70.0,47.0,66.0,58.0,82.0,73.0,76.0,90.0,33.0,64.0,2,2,2,1,1,2,2,2,2,2,2,2,2,2,2,2,2,1,1,2,2,2,2,2,2,2,2,2,2,1,2,2,2,2,2,2,2,2,2,2,,1.0,50,1.0,300,15,,,,,,,,,,,,,70.0,2.0,,,,1.0,2.0,3.0,4.0,2.0,,,,4.0
772,2,3,4,3,5,3,4,2,5,3,80.0,,,,,,,,1.0,2000,2.0,2.0,2.0,,,2.0,2.0,5.0,,,,,,,5,1,6,4,2,7,5,6,2,1,55.0,35.0,45.0,60.0,75.0,50.0,80.0,70.0,65.0,55.0,2,2,2,1,1,1,2,1,2,2,2,2,2,2,1,2,2,2,1,1,2,2,2,2,2,1,1,1,2,2,1,2,2,1,2,2,2,2,1,2,6.0,2.0,6,,,15,,,1.0,1.0,1.0,1.0,1.0,1.0,1.0,2.0,2.0,2.0,,3.0,,,,1.0,,4.0,3.0,2.0,,,,
773,5,5,5,4,4,5,5,5,2,3,,6.0,,,,,,,2.0,250,1.0,5.0,6.0,,,,,,,,,,,,7,2,5,5,2,6,7,7,3,1,54.0,46.0,49.0,52.0,59.0,51.0,70.0,85.0,43.0,55.0,2,2,2,2,1,2,1,2,2,1,2,1,2,2,1,2,2,2,1,1,1,2,2,1,1,2,2,2,2,2,2,1,2,2,1,2,1,2,1,1,6.0,1.0,20,,,10,10.0,6.0,1.0,1.0,1.0,1.0,2.0,1.0,2.0,1.0,2.0,1.0,70.0,,,,,2.0,1.0,3.0,3.0,3.0,,,,
774,2,3,4,5,3,4,5,4,2,2,100.0,1.0,,,,5.0,,,,,2.0,5.0,5.0,,2.0,2.0,,4.0,1.0,1.0,1.0,1.0,2.0,2.0,6,2,3,3,5,5,3,3,4,1,5.0,10.0,6.0,100.0,32.0,35.0,100.0,5.0,5.0,4.0,2,2,1,1,2,1,2,1,2,2,1,2,2,2,1,1,1,2,1,2,1,2,1,2,1,1,2,1,1,2,1,1,1,2,2,1,1,2,2,2,,2.0,11,1.0,86,3,,,,,,,,,,,,,,,,,,,2.0,3.0,2.0,3.0,,,,
775,4,5,4,5,3,5,5,5,2,3,,,,,,,,,1.0,1200,,,,,2.0,,2.0,,,,,,,,7,1,4,2,2,6,5,7,3,2,30.0,25.0,10.0,60.0,40.0,74.0,91.0,84.0,50.0,59.0,2,2,1,1,2,1,1,1,2,1,2,1,1,2,1,1,1,1,2,2,2,2,1,1,2,1,1,2,2,2,2,1,1,1,1,1,1,2,1,2,6.0,1.0,14,,,15,,5.0,1.0,1.0,1.0,2.0,2.0,1.0,2.0,1.0,1.0,2.0,100.0,3.0,,,,,,4.0,4.0,3.0,5.0,5.0,6.0,3.0
776,5,4,5,5,5,5,5,5,3,3,30.0,4.0,3.0,3.0,3.0,5.0,,,,,,,,,,3.0,,4.0,,,,,,,7,5,7,7,1,5,6,6,2,1,56.0,57.0,58.0,68.0,55.0,56.0,78.0,96.0,57.0,55.0,2,2,2,2,2,2,2,2,2,2,2,1,2,2,2,2,2,2,2,2,2,2,2,2,2,2,2,2,2,2,2,2,1,1,2,2,2,2,1,2,,1.0,54,1.0,350,6,,,1.0,1.0,1.0,1.0,1.0,1.0,1.0,1.0,1.0,1.0,,,5.0,5.0,6.0,1.0,2.0,,,,,,,
777,5,4,5,5,5,5,5,5,1,4,30.0,2.0,,,,,,,,,1.0,5.0,4.0,,,2.0,1.0,6.0,,,,,,,7,1,5,5,5,7,7,7,3,1,81.0,59.0,89.0,91.0,76.0,60.0,79.0,98.0,46.0,51.0,2,2,2,1,1,1,2,2,2,1,2,2,1,2,2,2,2,1,2,2,2,2,2,2,2,2,2,2,1,2,2,1,2,1,2,1,1,2,2,2,6.0,2.0,8,1.0,160,0,,,1.0,1.0,1.0,1.0,1.0,1.0,1.0,2.0,2.0,2.0,,,,,,1.0,,3.0,4.0,2.0,,,,
778,5,5,5,4,3,3,4,5,3,5,,4.0,2.0,4.0,6.0,,,,2.0,315,,,,,1.0,3.0,,,,,,,,,6,5,2,2,2,6,7,7,4,2,100.0,100.0,100.0,100.0,90.0,56.0,100.0,100.0,60.0,100.0,1,2,1,2,2,2,1,2,2,1,1,1,1,1,2,2,2,2,1,2,2,2,2,2,2,1,2,2,2,1,2,2,2,1,1,2,2,1,2,2,6.0,1.0,54,,,3,,5.0,1.0,1.0,2.0,1.0,2.0,1.0,1.0,1.0,2.0,1.0,70.0,,4.0,5.0,6.0,,1.0,,,,,,,
779,4,5,4,5,5,4,3,5,4,2,30.0,3.0,,,,6.0,2.0,50,2.0,400,1.0,5.0,5.0,15,,,2.0,,1.0,2.0,1.0,1.0,2.0,1.0,6,3,7,5,3,5,7,6,3,2,60.0,70.0,36.0,45.0,40.0,50.0,40.0,70.0,50.0,35.0,2,2,2,1,2,2,2,1,2,1,2,1,2,1,1,1,1,2,2,2,2,2,2,2,1,2,2,2,1,1,2,2,1,2,1,2,1,2,2,1,,,,,,,7.0,4.0,,,,,,,,,,,,,,,,1.0,,4.0,6.0,2.0,,,,
780,2,2,2,3,3,1,4,4,5,3,30.0,4.0,,,,,2.0,35,,,,,,,2.0,,2.0,4.0,,,,,,,6,2,5,5,2,5,5,5,3,1,50.0,40.0,30.0,66.0,70.0,47.0,55.0,75.0,55.0,70.0,2,2,1,1,2,2,2,2,1,1,2,1,2,2,1,1,1,2,2,1,1,1,2,2,1,1,2,2,2,2,1,2,2,1,2,2,2,1,2,1,3.0,,,1.0,112,10,10.0,,1.0,1.0,1.0,2.0,1.0,1.0,1.0,2.0,1.0,2.0,,,5.0,5.0,6.0,,,4.0,5.0,2.0,,,,
781,4,4,4,5,2,4,4,5,2,3,90.0,5.0,4.0,5.0,4.0,,,,,,2.0,5.0,5.0,,,,2.0,5.0,1.0,1.0,2.0,1.0,2.0,1.0,7,2,3,5,5,5,5,4,4,1,40.0,50.0,50.0,47.0,40.0,40.0,60.0,85.0,50.0,50.0,2,1,1,1,1,2,1,2,2,1,1,1,1,1,1,2,1,2,1,1,1,1,1,1,1,2,1,1,1,2,2,2,2,1,1,1,2,2,1,1,6.0,1.0,50,1.0,300,18,,,,,,,,,,,,,,,,,,1.0,,,,,,,,2.0
782,4,4,4,4,5,5,4,5,2,3,70.0,3.0,,,,6.0,2.0,54,,,,,,,2.0,3.0,1.0,,,,,,,,7,3,5,6,3,5,6,6,3,2,55.0,60.0,50.0,55.0,65.0,55.0,55.0,55.0,40.0,40.0,1,2,1,2,2,2,2,2,2,2,1,2,2,1,1,1,1,1,1,2,1,1,1,2,2,2,2,2,2,1,2,1,2,1,1,2,2,2,2,1,,,,1.0,300,10,,5.0,1.0,1.0,1.0,1.0,2.0,1.0,1.0,1.0,2.0,1.0,,,1.0,5.0,5.0,,,4.0,5.0,2.0,,,,
783,2,4,4,3,4,5,5,4,4,4,,,3.0,2.0,3.0,7.0,,,2.0,250,1.0,4.0,4.0,,,,1.0,4.0,,,,,,,5,1,1,2,1,7,7,7,1,2,52.0,80.0,69.0,83.0,98.0,90.0,100.0,91.0,61.0,88.0,1,2,2,1,2,1,2,2,1,1,1,2,2,1,2,2,1,1,1,2,2,1,2,1,1,2,1,2,1,2,2,2,2,1,2,1,2,2,2,1,,1.0,50,,,8,,,1.0,1.0,2.0,1.0,1.0,1.0,2.0,1.0,1.0,2.0,60.0,4.0,,,,2.0,,,,,,,,2.0
784,4,5,4,5,4,5,5,5,2,3,,,3.0,3.0,3.0,7.0,2.0,50,,,1.0,4.0,3.0,17,,1.0,,,1.0,2.0,1.0,2.0,1.0,2.0,5,3,5,5,3,5,5,4,3,2,30.0,11.0,40.0,71.0,16.0,37.0,31.0,69.0,54.0,21.0,1,2,1,2,2,2,1,2,2,1,1,1,2,2,2,1,2,2,1,1,2,1,1,2,2,1,2,2,2,2,2,2,2,2,1,2,2,1,2,2,,,,1.0,200,,,4.0,,,,,,,,,,,58.0,2.0,,,,1.0,1.0,,,,,,,
785,5,5,5,4,4,5,5,5,1,4,30.0,,4.0,4.0,4.0,,2.0,40,2.0,400,,,,,,2.0,1.0,6.0,,,,,,,7,2,1,2,6,7,7,6,3,2,42.0,35.0,42.0,56.0,57.0,31.0,67.0,32.0,54.0,69.0,2,1,1,2,2,1,1,1,1,1,1,2,1,1,1,2,2,1,2,2,1,2,2,2,1,2,1,1,2,2,2,1,1,1,1,1,2,2,2,2,3.0,,,,,11,,,1.0,1.0,1.0,1.0,1.0,2.0,2.0,1.0,1.0,2.0,,2.0,4.0,5.0,5.0,1.0,,,,,,,,
786,4,3,5,5,5,4,4,5,4,4,40.0,,,,,6.0,2.0,30,1.0,1200,4.0,4.0,4.0,14,,,2.0,5.0,,,,,,,6,2,5,3,5,6,6,6,3,1,40.0,19.0,45.0,65.0,57.0,60.0,47.0,70.0,56.0,45.0,1,2,1,2,1,1,2,1,1,1,1,2,1,2,2,1,1,2,2,2,1,2,2,2,2,1,1,1,1,1,2,2,1,2,1,1,1,1,1,1,,,,,,,,,1.0,1.0,2.0,1.0,2.0,2.0,1.0,1.0,1.0,2.0,,4.0,,,,1.0,,5.0,5.0,4.0,,,,4.0
787,5,4,5,5,4,5,4,5,2,2,65.0,,4.0,1.0,2.0,4.0,2.0,30,1.0,1200,,,,10,1.0,,2.0,6.0,1.0,1.0,1.0,1.0,2.0,2.0,7,3,4,2,1,4,2,7,4,1,39.0,49.0,45.0,10.0,30.0,40.0,9.0,13.0,26.0,26.0,1,2,1,1,1,1,1,1,1,2,1,1,1,1,1,1,1,1,1,2,1,1,2,2,1,1,1,1,1,2,1,1,2,2,2,1,1,1,1,1,,,,,,,4.0,,,,,,,,,,,,,4.0,,,,,,,,,1.0,5.0,6.0,
788,4,4,4,4,4,4,4,4,4,4,,,,,,4.0,2.0,30,2.0,800,,,,10,,,,,,,,,,,3,2,2,2,3,3,3,3,1,1,19.0,20.0,15.0,18.0,22.0,18.0,22.0,26.0,24.0,26.0,2,2,2,2,2,2,2,2,2,2,2,2,2,2,2,2,2,2,2,2,2,2,2,2,2,2,2,2,2,2,2,2,2,2,2,2,2,1,2,1,,,,,,,,4.0,1.0,1.0,1.0,1.0,1.0,1.0,1.0,2.0,2.0,2.0,65.0,4.0,,,,1.0,2.0,3.0,2.0,2.0,4.0,4.0,4.0,2.0
789,3,5,3,1,5,1,5,5,5,5,51.0,,,,,6.0,2.0,52,2.0,350,,,,,2.0,,1.0,6.0,1.0,1.0,1.0,1.0,2.0,2.0,7,1,1,1,2,7,7,7,1,1,51.0,30.0,20.0,65.0,58.0,10.0,82.0,82.0,90.0,71.0,2,2,2,2,2,2,2,2,2,2,1,2,2,2,2,2,2,2,2,2,2,2,1,2,2,2,2,2,1,2,2,1,2,2,2,2,2,1,2,2,,,,,,15,8.0,,,,,,,,,,,,,1.0,1.0,5.0,6.0,,,4.0,1.0,1.0,,,,
790,3,4,4,3,1,4,4,3,3,3,49.0,3.0,,,,,,,1.0,100,,,,,1.0,,1.0,,,,,,,,6,2,1,1,1,7,7,7,1,2,50.0,47.0,56.0,73.0,38.0,66.0,96.0,41.0,13.0,16.0,1,2,2,2,1,1,1,2,1,2,1,1,1,1,1,1,1,1,1,2,2,1,1,1,1,2,1,1,2,1,2,1,2,1,1,1,1,1,1,1,4.0,1.0,0,,,10,3.0,4.0,2.0,1.0,2.0,1.0,2.0,1.0,2.0,1.0,2.0,2.0,,,,,,,,4.0,3.0,2.0,4.0,3.0,5.0,
791,1,5,1,1,5,1,5,5,5,5,,,3.0,2.0,3.0,,,,,,,,,20,,,,1.0,,,,,,,7,7,7,7,3,5,7,7,1,2,29.0,40.0,31.0,28.0,64.0,19.0,95.0,68.0,98.0,78.0,2,1,1,2,1,2,2,2,2,1,1,1,1,2,2,2,1,1,2,2,2,1,1,2,1,1,2,2,1,1,2,1,2,2,1,2,2,1,1,1,7.0,2.0,8,1.0,105,,,,1.0,1.0,1.0,2.0,2.0,1.0,1.0,1.0,1.0,2.0,77.0,1.0,5.0,1.0,1.0,2.0,2.0,,,,,,,1.0
792,3,3,3,3,3,4,5,3,2,4,51.0,4.0,,,,,1.0,100,1.0,5000,3.0,3.0,1.0,,,1.0,2.0,,,,,,,,1,4,4,1,1,7,7,7,1,2,51.0,53.0,54.0,53.0,52.0,51.0,50.0,48.0,66.0,48.0,1,1,1,1,1,1,1,2,1,1,1,1,1,1,1,2,1,1,1,1,1,1,1,1,1,1,1,1,1,1,1,1,1,2,1,1,1,1,1,1,6.0,,,,,16,,1.0,1.0,2.0,1.0,2.0,1.0,2.0,1.0,2.0,1.0,2.0,,,,,,1.0,,6.0,1.0,1.0,,,,
793,3,4,3,2,4,1,5,5,4,3,,5.0,2.0,3.0,3.0,5.0,2.0,5,1.0,2000,,,,15,,,1.0,6.0,,,,,,,6,1,3,1,5,6,6,7,1,1,52.0,50.0,50.0,45.0,40.0,7.0,85.0,91.0,44.0,49.0,1,2,1,2,2,2,1,2,1,2,2,1,2,2,1,2,2,2,2,2,1,2,2,2,2,2,1,1,2,1,2,1,1,1,2,2,2,1,1,2,,,,,,,9.0,,1.0,2.0,1.0,2.0,1.0,2.0,1.0,2.0,1.0,2.0,52.0,,1.0,5.0,6.0,2.0,,,,,,,,
794,4,4,5,5,5,5,5,5,2,3,,,3.0,4.0,3.0,,,,2.0,360,,,,16,,,,,1.0,1.0,1.0,1.0,1.0,1.0,7,2,2,5,5,6,6,5,4,1,43.0,37.0,39.0,49.0,43.0,44.0,61.0,56.0,52.0,55.0,1,2,1,1,2,2,2,1,1,2,2,2,1,1,2,1,2,1,1,1,2,1,2,1,1,1,1,2,2,1,1,1,2,1,1,1,1,1,1,2,6.0,1.0,48,,,,6.0,4.0,,,,,,,,,,,71.0,2.0,,,,1.0,2.0,,,,1.0,5.0,5.0,
795,3,5,3,5,5,5,5,5,1,3,,,,,,,2.0,40,,,2.0,5.0,6.0,15,2.0,1.0,,5.0,1.0,2.0,1.0,1.0,1.0,2.0,7,1,3,2,1,7,6,7,3,2,29.0,12.0,5.0,32.0,20.0,6.0,27.0,64.0,40.0,10.0,1,2,2,2,2,1,2,2,1,1,2,2,2,2,2,2,1,1,2,1,2,2,1,1,1,2,1,1,2,2,1,2,2,1,1,2,1,2,1,2,5.0,,,1.0,400,,,,,,,,,,,,,,64.0,2.0,,,,,2.0,5.0,3.0,2.0,,,,
796,4,5,5,5,4,5,5,5,2,3,,,4.0,3.0,4.0,,,,2.0,600,2.0,5.0,6.0,13,2.0,,,3.0,,,,,,,7,2,3,4,1,7,6,5,2,2,42.0,21.0,16.0,67.0,50.0,20.0,50.0,15.0,72.0,67.0,1,2,2,2,1,1,1,1,1,2,2,1,1,2,2,1,2,2,1,1,2,2,2,2,1,1,1,2,1,2,1,2,1,2,2,2,2,1,2,1,3.0,2.0,8,,,,,,1.0,1.0,1.0,2.0,1.0,1.0,1.0,2.0,1.0,2.0,70.0,4.0,,,,,2.0,,,,,,,2.0
797,5,3,4,5,4,3,5,5,4,3,67.0,,3.0,3.0,5.0,5.0,,,,,1.0,5.0,2.0,,,,,,,,,,,,7,1,3,3,2,7,5,5,3,1,33.0,7.0,3.0,40.0,37.0,25.0,58.0,56.0,66.0,19.0,2,1,1,2,2,1,2,2,2,2,2,1,1,1,1,2,2,2,2,2,2,2,2,1,2,1,1,1,2,1,1,2,1,2,2,1,2,2,2,2,,2.0,5,1.0,90,5,4.0,5.0,1.0,1.0,1.0,1.0,2.0,1.0,1.0,2.0,2.0,1.0,,1.0,,,,2.0,1.0,,,,,,,
798,5,4,5,5,4,5,5,5,1,4,,,,,,7.0,2.0,54,,,,,,,2.0,,,2.0,,,,,,,7,2,5,1,4,5,5,7,3,2,30.0,20.0,40.0,40.0,45.0,40.0,45.0,40.0,35.0,35.0,2,1,2,2,1,1,2,2,1,1,1,1,1,2,2,1,2,1,2,2,1,2,2,1,2,2,2,2,1,2,1,1,2,1,1,1,2,1,2,1,,,,1.0,250,5,,,1.0,1.0,2.0,1.0,1.0,2.0,1.0,1.0,2.0,1.0,85.0,4.0,4.0,5.0,6.0,,2.0,3.0,3.0,3.0,,,,3.0
799,5,5,5,5,5,5,5,5,1,5,,1.0,,,,6.0,2.0,56,2.0,600,1.0,5.0,6.0,4,,2.0,,1.0,,,,,,,7,1,4,4,5,6,4,4,2,1,21.0,16.0,25.0,30.0,60.0,50.0,65.0,55.0,40.0,81.0,1,1,2,1,2,1,1,1,2,2,1,2,1,1,2,1,1,1,1,1,1,2,1,1,1,1,1,1,1,2,2,1,1,2,2,2,2,2,2,2,,,,,,,,,1.0,1.0,1.0,2.0,2.0,1.0,1.0,1.0,2.0,1.0,80.0,,,,,1.0,2.0,4.0,4.0,3.0,,,,
800,1,2,1,4,4,1,4,2,5,4,,4.0,,,,6.0,2.0,40,1.0,1500,,,,,1.0,,1.0,,,,,,,,5,1,1,1,2,5,7,7,1,1,8.0,30.0,4.0,60.0,75.0,3.0,50.0,20.0,95.0,80.0,2,1,1,2,2,2,2,2,1,1,1,2,2,2,2,2,1,2,2,2,2,2,1,2,1,2,2,1,2,2,2,2,2,2,2,2,2,2,2,2,,,,,,0,,2.0,1.0,1.0,1.0,1.0,1.0,1.0,1.0,2.0,2.0,2.0,70.0,,1.0,2.0,1.0,,,2.0,4.0,1.0,,,,1.0
801,4,4,5,5,5,5,5,5,3,5,,3.0,4.0,3.0,3.0,,,,2.0,400,,,,16,2.0,1.0,,,,,,,,,6,1,7,5,4,5,6,6,1,1,53.0,51.0,66.0,57.0,75.0,52.0,90.0,80.0,45.0,88.0,1,1,1,1,1,2,2,1,1,1,1,2,1,2,1,1,2,2,2,1,1,1,2,2,2,1,1,1,1,2,1,2,2,1,2,1,1,2,2,1,3.0,2.0,4,,,,,3.0,1.0,1.0,1.0,2.0,1.0,1.0,1.0,2.0,1.0,2.0,83.0,,5.0,4.0,6.0,,2.0,,,,,,,
802,1,2,2,1,4,4,2,1,5,3,29.0,2.0,,,,,2.0,50,,,,,,,,3.0,1.0,,,,,,,,6,3,5,2,5,5,5,6,2,1,45.0,50.0,30.0,56.0,86.0,63.0,90.0,75.0,84.0,73.0,1,2,2,1,2,1,2,2,2,2,1,2,2,2,2,2,2,2,2,2,1,2,2,2,2,1,1,2,2,1,2,1,2,1,2,2,1,2,1,1,6.0,,,1.0,120,15,,2.0,1.0,1.0,1.0,1.0,1.0,1.0,2.0,2.0,2.0,2.0,,,1.0,4.0,3.0,1.0,,4.0,2.0,3.0,,,,
803,5,5,5,5,5,5,5,5,2,5,45.0,4.0,,,,,,,2.0,300,,,,,,,,6.0,1.0,2.0,1.0,1.0,2.0,1.0,7,1,1,4,2,7,7,6,3,2,70.0,53.0,64.0,57.0,77.0,46.0,53.0,62.0,91.0,94.0,1,1,1,2,1,1,2,1,1,1,1,1,2,1,2,1,2,2,2,2,2,1,2,2,1,1,1,1,2,1,2,1,2,1,1,2,1,1,1,1,5.0,1.0,55,,,10,10.0,,,,,,,,,,,,,,,,,2.0,1.0,5.0,4.0,4.0,4.0,4.0,5.0,
804,4,4,4,5,5,5,5,5,2,5,30.0,4.0,3.0,3.0,3.0,5.0,,,,,2.0,5.0,5.0,15,,,,6.0,1.0,1.0,1.0,2.0,1.0,2.0,7,2,1,2,5,5,7,5,4,2,55.0,35.0,35.0,80.0,75.0,30.0,90.0,80.0,45.0,50.0,1,1,1,1,1,1,2,2,1,1,1,2,1,2,1,1,2,1,2,2,2,1,1,1,2,2,1,1,2,1,1,1,1,2,2,1,2,2,2,1,,1.0,13,1.0,150,,,,,,,,,,,,,,,,,,,2.0,1.0,,,,,,,4.0
805,3,4,2,3,4,2,5,4,4,5,,3.0,,,,6.0,,,2.0,250,3.0,5.0,4.0,18,,,,4.0,1.0,1.0,1.0,1.0,1.0,1.0,6,4,2,1,3,5,5,7,1,1,39.0,51.0,38.0,51.0,61.0,29.0,90.0,72.0,52.0,90.0,2,2,1,1,1,2,2,2,2,1,2,1,1,2,2,2,1,2,1,2,1,2,2,1,2,1,1,2,2,2,1,1,2,1,2,1,1,2,1,2,,1.0,30,,,,9.0,,,,,,,,,,,,90.0,,,,,1.0,2.0,4.0,1.0,1.0,,,,
806,5,5,5,5,5,5,5,5,1,1,30.0,3.0,3.0,3.0,3.0,6.0,,,,,,,,,,,,,1.0,1.0,1.0,1.0,1.0,1.0,6,5,3,2,3,3,3,3,3,1,74.0,60.0,82.0,84.0,92.0,53.0,94.0,88.0,22.0,6.0,2,2,2,2,2,1,2,2,2,2,2,1,1,2,1,2,1,2,2,1,1,2,2,2,2,2,2,2,1,2,2,2,2,2,2,2,2,2,2,2,,1.0,42,1.0,180,2,10.0,5.0,,,,,,,,,,,,,1.0,3.0,6.0,1.0,1.0,,,,,,,
807,2,2,3,1,4,2,3,2,3,4,34.0,,,,,5.0,,,1.0,1062,,,,,,1.0,,,,,,,,,5,4,3,5,2,3,5,5,2,2,22.0,64.0,26.0,38.0,51.0,18.0,14.0,21.0,63.0,41.0,1,1,2,1,2,1,2,1,2,1,2,1,2,1,2,2,1,1,1,1,1,1,1,1,1,1,1,1,1,1,1,1,1,1,1,2,1,2,1,2,,1.0,56,,,20,,3.0,1.0,1.0,2.0,2.0,2.0,1.0,1.0,1.0,1.0,2.0,,2.0,,,,1.0,1.0,3.0,4.0,2.0,2.0,4.0,4.0,
808,4,3,4,5,5,3,3,3,3,3,,6.0,,,,6.0,,,1.0,1200,,,,,,,,,1.0,1.0,1.0,1.0,1.0,1.0,5,1,5,5,3,5,6,6,3,1,50.0,40.0,50.0,50.0,50.0,50.0,50.0,55.0,50.0,55.0,2,1,1,2,1,1,2,1,2,1,1,1,1,2,2,1,1,2,1,2,1,1,2,1,2,1,1,1,1,1,1,2,2,2,1,2,2,2,1,2,,2.0,5,,,20,4.0,6.0,,,,,,,,,,,70.0,,3.0,4.0,5.0,2.0,2.0,3.0,3.0,3.0,,,,
809,4,3,5,5,3,5,5,5,4,2,76.0,5.0,3.0,4.0,5.0,6.0,2.0,38,,,,,,15,,,2.0,4.0,2.0,1.0,1.0,1.0,2.0,1.0,7,1,3,4,1,7,7,6,2,1,24.0,19.0,34.0,73.0,82.0,50.0,69.0,42.0,95.0,79.0,1,2,1,1,1,1,1,1,1,2,2,1,1,2,1,1,1,2,1,1,1,1,2,1,1,1,1,1,1,2,2,1,1,1,2,2,1,2,1,1,,,,1.0,100,,,,,,,,,,,,,,,,2.0,4.0,3.0,2.0,,,,,,,,3.0
810,4,4,4,4,3,4,4,5,1,3,,,,,,,,,,,,,,,,3.0,1.0,,,,,,,,6,4,2,1,5,4,6,6,3,1,40.0,33.0,50.0,26.0,36.0,47.0,42.0,70.0,61.0,46.0,2,2,2,1,1,1,1,1,2,1,2,2,2,2,1,1,2,2,2,1,2,2,1,2,1,2,1,1,2,2,1,2,2,2,1,1,1,2,2,1,6.0,1.0,35,1.0,200,10,,4.0,1.0,1.0,1.0,2.0,2.0,2.0,2.0,2.0,1.0,1.0,70.0,3.0,,,,1.0,,4.0,4.0,3.0,4.0,4.0,4.0,
811,4,5,4,4,4,4,4,4,1,5,30.0,,3.0,1.0,1.0,3.0,,,,,4.0,5.0,4.0,10,,2.0,,,1.0,1.0,1.0,2.0,1.0,2.0,5,1,1,2,4,6,7,6,3,2,70.0,90.0,60.0,60.0,100.0,40.0,100.0,100.0,20.0,100.0,2,1,2,2,2,1,1,1,1,2,1,1,1,1,2,1,1,2,2,1,1,1,2,1,1,1,1,1,1,1,2,1,1,1,1,1,1,2,1,1,,2.0,6,1.0,100,,,6.0,,,,,,,,,,,,3.0,,,,1.0,1.0,,,,,,,
812,5,4,5,5,5,4,5,4,5,4,90.0,,,,,6.0,2.0,25,2.0,100,,,,5,2.0,,1.0,,1.0,1.0,2.0,1.0,1.0,2.0,5,4,4,4,3,5,5,5,3,1,100.0,94.0,95.0,100.0,82.0,79.0,100.0,100.0,33.0,100.0,1,1,1,2,1,2,2,2,1,2,1,2,2,2,2,1,2,2,2,2,2,2,2,2,1,2,1,1,2,1,2,2,1,1,2,2,2,2,1,2,,,,,,,,4.0,,,,,,,,,,,,2.0,3.0,3.0,4.0,,,2.0,4.0,1.0,,,,5.0
813,4,3,5,5,4,5,5,5,2,3,,5.0,3.0,2.0,3.0,5.0,2.0,50,2.0,400,,,,18,2.0,1.0,1.0,2.0,1.0,1.0,2.0,1.0,2.0,1.0,7,2,5,3,3,6,6,6,1,1,50.0,38.0,82.0,63.0,77.0,79.0,98.0,88.0,12.0,62.0,2,2,2,2,2,2,2,1,1,2,2,1,2,1,2,1,2,2,1,1,1,1,1,2,2,2,2,1,2,1,2,1,2,2,1,2,2,2,2,2,,,,,,,,,,,,,,,,,,,70.0,,,,,,,,,,5.0,5.0,4.0,
814,2,3,2,4,3,3,3,4,4,4,,4.0,,,,,,,2.0,350,5.0,4.0,4.0,,,1.0,,3.0,,,,,,,5,3,3,3,1,5,5,5,2,1,55.0,30.0,40.0,60.0,60.0,45.0,45.0,55.0,60.0,70.0,2,1,1,1,2,2,1,1,2,1,2,2,1,1,1,2,1,2,1,2,2,2,2,2,1,1,2,1,2,1,1,1,1,1,1,1,1,2,1,1,4.0,1.0,22,,,15,,,1.0,1.0,1.0,2.0,1.0,1.0,2.0,1.0,2.0,1.0,80.0,,,,,1.0,2.0,4.0,5.0,2.0,,,,
815,5,4,5,4,4,5,4,4,2,3,,,3.0,4.0,3.0,4.0,2.0,50,2.0,400,,,,0,2.0,,,,,,,,,,5,2,2,2,3,2,1,1,3,1,80.0,80.0,80.0,80.0,80.0,75.0,60.0,80.0,70.0,70.0,1,1,2,2,1,1,1,1,2,2,1,1,2,1,2,1,1,2,2,1,1,1,1,2,2,2,1,1,1,2,2,1,2,2,2,1,1,2,1,1,,,,,,,4.0,4.0,1.0,1.0,2.0,1.0,1.0,2.0,1.0,1.0,2.0,1.0,50.0,4.0,,,,,2.0,,,,3.0,4.0,5.0,
816,3,4,3,5,5,2,4,5,3,4,71.0,,3.0,3.0,3.0,,2.0,30,,,,,,,2.0,,,3.0,,,,,,,6,1,3,3,3,5,4,4,2,1,30.0,47.0,49.0,56.0,51.0,43.0,75.0,100.0,50.0,71.0,1,2,2,2,2,2,1,2,2,1,2,1,2,1,2,2,2,2,1,1,1,2,2,2,2,1,2,2,1,2,2,1,2,2,1,2,2,1,2,2,4.0,,,1.0,100,15,,,1.0,1.0,1.0,2.0,2.0,2.0,2.0,1.0,2.0,2.0,,2.0,,,,,2.0,,,,4.0,4.0,4.0,4.0
817,3,4,3,3,4,4,5,4,3,3,30.0,1.0,,,,,,,1.0,1500,,,,15,,,2.0,3.0,1.0,1.0,1.0,1.0,2.0,2.0,5,2,5,3,1,5,5,6,3,2,45.0,85.0,50.0,90.0,80.0,80.0,100.0,85.0,50.0,80.0,2,2,2,2,1,1,1,1,2,1,1,1,2,1,2,2,2,1,1,2,1,2,2,2,2,1,2,1,1,1,2,1,2,1,2,2,2,2,2,2,6.0,1.0,52,,,,,,,,,,,,,,,,,,4.0,5.0,3.0,1.0,,2.0,4.0,2.0,,,,2.0
818,5,4,5,5,4,5,5,5,2,3,,4.0,2.0,4.0,3.0,,,,,,,,,,,1.0,1.0,,,,,,,,7,4,5,3,3,5,6,5,2,1,30.0,24.0,60.0,75.0,55.0,45.0,75.0,90.0,55.0,50.0,1,1,1,2,2,1,2,2,1,1,1,2,2,1,2,1,2,2,2,1,1,2,2,2,2,1,1,1,2,2,2,1,1,2,1,2,2,2,2,2,6.0,1.0,20,1.0,150,10,,5.0,1.0,1.0,1.0,1.0,1.0,1.0,1.0,2.0,2.0,2.0,70.0,,,,,1.0,,,,,2.0,5.0,4.0,
819,3,4,5,5,4,4,5,4,3,4,,4.0,4.0,3.0,3.0,,1.0,90,1.0,1750,,,,15,2.0,,,4.0,1.0,1.0,2.0,1.0,2.0,1.0,5,2,4,6,5,5,6,6,3,2,41.0,45.0,50.0,56.0,65.0,41.0,72.0,55.0,58.0,65.0,1,1,2,2,2,2,2,2,1,2,1,1,2,1,1,2,1,2,2,1,1,1,2,1,2,1,2,2,2,1,1,1,2,2,2,1,1,2,1,1,5.0,,,,,,,,,,,,,,,,,,35.0,,,,,,2.0,,,,2.0,4.0,5.0,3.0
820,5,5,5,5,3,3,5,4,4,5,,,5.0,3.0,2.0,,2.0,50,,,2.0,4.0,6.0,0,,,1.0,,,,,,,,7,2,2,1,5,6,6,7,4,1,30.0,71.0,100.0,69.0,49.0,49.0,83.0,92.0,49.0,48.0,1,2,2,1,1,2,1,1,2,1,1,2,1,2,1,1,1,1,2,2,2,2,2,2,2,2,2,2,1,1,2,2,1,2,1,1,2,2,2,2,6.0,,,1.0,90,,8.0,4.0,1.0,2.0,2.0,1.0,1.0,1.0,2.0,2.0,2.0,2.0,72.0,5.0,,,,1.0,,,,,,,,
821,2,3,2,4,4,4,4,4,3,4,30.0,,,,,6.0,,,,,,,,15,2.0,,1.0,4.0,,,,,,,5,2,1,1,2,5,6,6,2,1,44.0,42.0,40.0,47.0,52.0,49.0,39.0,44.0,41.0,48.0,2,2,1,2,1,2,2,1,1,2,1,1,1,2,2,2,1,2,1,2,2,2,2,1,1,1,2,2,2,2,2,1,2,2,1,2,1,2,2,1,,1.0,24,2.0,40,,,,1.0,1.0,2.0,1.0,1.0,1.0,1.0,2.0,1.0,2.0,,4.0,4.0,2.0,2.0,,,4.0,3.0,2.0,,,,1.0
822,5,4,4,5,4,4,4,4,5,4,,,4.0,4.0,4.0,,,,,,1.0,4.0,5.0,20,1.0,,,6.0,1.0,1.0,1.0,2.0,2.0,2.0,7,4,4,4,1,5,6,5,1,1,75.0,63.0,63.0,82.0,83.0,71.0,56.0,70.0,56.0,59.0,1,1,1,2,1,1,2,1,1,1,1,1,2,1,2,1,1,1,2,1,1,1,1,2,1,1,1,1,1,1,1,1,1,1,1,1,1,1,1,1,1.0,1.0,54,1.0,116,,2.0,,,,,,,,,,,,74.0,2.0,,,,,2.0,,,,,,,
823,4,5,5,5,4,5,5,5,3,1,30.0,4.0,,,,7.0,1.0,68,,,,,,18,2.0,,1.0,5.0,,,,,,,7,2,3,3,2,5,6,6,4,2,20.0,25.0,31.0,66.0,44.0,58.0,76.0,64.0,94.0,19.0,1,2,1,2,1,1,2,2,2,2,1,1,1,2,2,1,2,2,2,2,2,2,2,2,2,2,2,1,2,2,1,2,2,2,1,1,2,1,2,2,,,,1.0,114,,9.0,,1.0,1.0,2.0,1.0,1.0,2.0,1.0,1.0,2.0,1.0,,,,,,,,5.0,4.0,2.0,2.0,5.0,4.0,
824,5,4,5,5,5,5,5,5,2,2,81.0,2.0,,,,5.0,2.0,30,,,,,,,,2.0,1.0,5.0,1.0,1.0,1.0,1.0,1.0,1.0,6,3,5,3,1,6,6,6,4,1,40.0,30.0,45.0,55.0,50.0,40.0,80.0,70.0,60.0,45.0,2,2,1,2,2,2,2,2,2,1,2,1,1,1,2,1,1,2,2,1,2,2,2,1,2,2,2,2,1,2,2,1,2,2,2,2,1,2,2,2,,,,1.0,300,18,,,,,,,,,,,,,,,5.0,5.0,5.0,1.0,,4.0,4.0,2.0,,,,
825,3,4,2,1,1,1,3,4,5,3,50.0,,4.0,3.0,4.0,6.0,,,2.0,850,,,,10,1.0,,2.0,,1.0,1.0,1.0,1.0,2.0,2.0,6,1,5,5,3,6,4,4,2,2,25.0,65.0,10.0,15.0,10.0,49.0,60.0,45.0,55.0,25.0,2,1,2,1,1,1,1,2,1,1,2,2,1,1,2,2,1,2,2,1,1,2,1,1,1,1,1,2,1,2,2,2,2,1,1,1,2,2,2,1,,2.0,9,,,,,4.0,,,,,,,,,,,,2.0,1.0,5.0,3.0,,,,,,,,,3.0
826,2,3,3,4,4,4,5,4,3,4,30.0,,3.0,2.0,3.0,6.0,2.0,25,,,,,,,1.0,3.0,1.0,,1.0,1.0,2.0,1.0,1.0,2.0,7,3,3,3,4,5,5,5,2,2,41.0,35.0,49.0,75.0,60.0,48.0,80.0,92.0,44.0,50.0,2,2,2,1,1,1,2,2,1,1,2,2,2,2,2,2,2,1,1,1,1,2,1,1,2,2,1,2,2,1,2,2,2,2,2,2,2,2,2,2,,,,1.0,185,0,,5.0,,,,,,,,,,,,3.0,,,,,,,,,2.0,5.0,6.0,
827,2,1,1,1,1,1,2,4,5,4,,3.0,,,,,2.0,47,,,1.0,2.0,1.0,18,2.0,,,,,,,,,,6,4,3,3,2,5,6,6,1,1,41.0,40.0,42.0,37.0,48.0,36.0,68.0,61.0,76.0,63.0,2,2,1,2,2,2,1,2,2,2,2,1,2,2,2,2,2,2,2,2,2,1,2,1,2,2,2,2,2,2,2,2,2,2,2,2,2,2,1,1,6.0,,,1.0,128,,,2.0,1.0,2.0,1.0,1.0,1.0,2.0,2.0,1.0,2.0,1.0,81.0,,,,,,1.0,5.0,4.0,2.0,,,,6.0
828,4,4,2,4,4,4,4,5,4,4,91.0,5.0,4.0,5.0,4.0,,,,2.0,700,,,,,2.0,,2.0,2.0,,,,,,,6,4,5,5,5,5,5,5,4,1,68.0,55.0,40.0,43.0,58.0,51.0,70.0,76.0,75.0,81.0,2,2,2,2,2,2,1,2,2,2,2,2,2,2,1,2,1,2,1,2,2,1,1,2,2,2,2,2,1,2,1,1,1,2,2,2,1,1,2,2,6.0,2.0,10,,,15,,,1.0,1.0,1.0,2.0,1.0,1.0,1.0,2.0,1.0,2.0,,,,,,,,,,,4.0,5.0,6.0,3.0
829,5,4,5,5,5,4,5,5,4,5,,,5.0,4.0,2.0,6.0,2.0,50,2.0,400,,,,,,,1.0,4.0,,,,,,,5,1,1,2,1,6,7,6,3,1,70.0,42.0,76.0,94.0,77.0,39.0,96.0,95.0,87.0,95.0,2,1,2,2,2,2,2,2,1,2,2,1,2,1,2,2,2,1,2,2,1,2,1,2,1,2,1,2,2,1,2,1,1,1,2,2,1,2,2,2,,,,,,5,,,1.0,1.0,2.0,2.0,1.0,1.0,1.0,2.0,2.0,1.0,83.0,2.0,,,,1.0,,,,,1.0,5.0,4.0,3.0
830,4,3,5,5,3,5,5,5,1,1,,4.0,3.0,5.0,4.0,,,,,,,,,,,,2.0,4.0,1.0,2.0,1.0,2.0,1.0,2.0,7,1,7,7,5,6,5,4,3,1,46.0,45.0,40.0,64.0,39.0,75.0,70.0,44.0,20.0,16.0,2,2,2,2,1,2,2,2,2,2,2,2,2,2,2,2,2,2,2,2,2,2,2,2,2,2,2,2,2,2,2,2,2,2,2,2,2,2,2,2,6.0,1.0,45,1.0,220,5,7.0,,,,,,,,,,,,70.0,,5.0,5.0,5.0,1.0,,,,,,,,
831,1,1,1,1,3,1,2,1,5,5,,3.0,5.0,2.0,2.0,6.0,2.0,45,,,,,,,1.0,,2.0,,,,,,,,6,4,7,5,1,5,4,5,1,1,13.0,8.0,14.0,38.0,50.0,57.0,55.0,30.0,58.0,76.0,1,1,2,1,1,1,2,1,2,1,2,2,1,2,2,1,2,1,1,2,2,2,1,2,1,1,1,2,2,1,2,2,2,2,1,2,2,1,1,1,,,,1.0,200,20,6.0,1.0,1.0,1.0,1.0,1.0,1.0,1.0,1.0,1.0,1.0,1.0,70.0,,,,,,,,,,5.0,5.0,6.0,
832,4,4,3,4,3,5,4,5,2,3,,,3.0,4.0,4.0,,2.0,35,,,,,,9,,,,3.0,,,,,,,7,5,5,4,1,5,6,6,3,1,44.0,37.0,43.0,39.0,55.0,62.0,49.0,68.0,42.0,52.0,2,1,1,2,1,1,1,2,2,1,2,2,2,1,1,2,1,2,1,2,1,2,1,1,1,1,1,1,2,2,1,2,1,1,1,2,2,1,2,1,6.0,,,1.0,115,,5.0,,1.0,1.0,1.0,1.0,1.0,1.0,1.0,1.0,1.0,1.0,80.0,4.0,,,,1.0,2.0,,,,5.0,5.0,5.0,
833,3,4,3,3,4,4,4,5,5,4,,,4.0,3.0,3.0,5.0,1.0,70,,,,,,15,2.0,,,5.0,1.0,1.0,1.0,1.0,1.0,1.0,7,4,1,4,4,7,7,7,2,1,30.0,20.0,40.0,50.0,60.0,50.0,60.0,85.0,75.0,50.0,1,2,2,2,2,1,2,2,1,2,2,2,2,1,1,2,2,2,2,1,2,2,2,2,1,2,2,2,1,2,1,1,1,2,1,2,1,2,2,2,,,,1.0,125,,10.0,,,,,,,,,,,,60.0,2.0,5.0,4.0,5.0,,2.0,,,,,,,
834,4,5,4,4,5,5,5,5,1,4,,,3.0,3.0,5.0,,,,1.0,1100,4.0,4.0,4.0,,2.0,2.0,,5.0,,,,,,,6,2,5,6,5,7,6,5,2,1,46.0,60.0,40.0,60.0,20.0,60.0,80.0,60.0,50.0,30.0,1,2,2,2,2,2,1,1,2,2,1,2,1,2,1,2,1,1,1,2,2,1,1,2,2,2,2,1,1,2,2,2,2,2,2,1,1,2,2,2,6.0,1.0,31,,,20,,,1.0,1.0,1.0,1.0,1.0,1.0,1.0,1.0,1.0,1.0,70.0,1.0,,,,,1.0,,,,,,,
835,3,3,3,5,4,5,5,5,1,3,,4.0,3.0,3.0,3.0,,2.0,12,2.0,950,,,,2,2.0,,1.0,6.0,1.0,1.0,1.0,1.0,2.0,2.0,7,1,2,2,5,7,7,7,2,1,25.0,8.0,23.0,29.0,10.0,27.0,29.0,47.0,23.0,30.0,2,2,2,2,2,1,2,1,2,2,1,2,1,1,2,1,2,1,1,2,2,2,1,1,2,2,1,1,1,2,2,2,2,1,2,2,2,2,2,2,5.0,,,,,,,,,,,,,,,,,,70.0,,3.0,4.0,6.0,,,,,,,,,3.0
836,5,5,5,5,5,5,5,5,3,3,67.0,,3.0,3.0,2.0,,,,2.0,300,,,,,,1.0,2.0,4.0,,,,,,,7,2,4,4,5,7,7,7,3,1,50.0,40.0,40.0,60.0,50.0,60.0,60.0,80.0,70.0,60.0,2,2,2,2,2,2,2,1,2,2,2,2,2,2,2,2,2,2,2,2,2,2,2,1,2,2,2,1,2,2,1,2,1,2,2,2,2,2,2,2,6.0,1.0,25,,,5,,,1.0,1.0,2.0,1.0,1.0,1.0,2.0,2.0,1.0,1.0,,4.0,,,,1.0,,,,,1.0,5.0,6.0,
837,5,3,5,5,4,4,4,4,4,3,60.0,4.0,3.0,2.0,2.0,,,,2.0,500,,,,20,,,1.0,6.0,,,,,,,5,2,1,1,2,3,6,6,3,2,30.0,35.0,85.0,65.0,40.0,45.0,65.0,90.0,60.0,50.0,2,1,2,2,2,2,2,2,2,2,2,2,1,2,2,1,2,2,2,1,1,2,1,2,2,2,2,2,2,2,2,1,2,2,2,2,2,1,2,2,5.0,1.0,35,,,,9.0,,1.0,1.0,1.0,1.0,1.0,2.0,2.0,2.0,2.0,2.0,,,1.0,3.0,3.0,1.0,,,,,,,,
838,5,5,5,4,5,5,5,5,4,5,,4.0,,,,7.0,2.0,10,2.0,600,,,,,2.0,2.0,2.0,6.0,1.0,1.0,2.0,1.0,2.0,1.0,5,2,6,5,5,6,3,5,4,1,86.0,59.0,60.0,47.0,69.0,56.0,53.0,91.0,54.0,82.0,1,2,2,2,2,1,2,2,1,2,1,1,2,1,2,2,2,2,2,1,2,2,2,1,2,1,1,2,1,2,2,1,2,2,2,2,2,1,2,2,,,,,,12,,,,,,,,,,,,,90.0,,5.0,5.0,5.0,,,3.0,3.0,3.0,,,,
839,1,1,1,4,5,4,4,2,3,4,30.0,5.0,4.0,3.0,3.0,6.0,,,1.0,1300,,,,5,,,,1.0,,,,,,,7,6,6,7,2,3,2,5,2,2,10.0,15.0,15.0,75.0,90.0,50.0,40.0,40.0,60.0,80.0,1,2,2,2,1,2,1,2,1,1,2,2,1,2,1,1,1,1,2,1,2,1,2,2,1,1,2,2,2,1,1,1,2,2,2,2,2,1,1,2,,2.0,5,,,,,,1.0,1.0,1.0,2.0,1.0,2.0,1.0,2.0,1.0,1.0,,,,,,1.0,2.0,,,,3.0,1.0,1.0,5.0
840,2,3,4,3,2,3,2,3,4,3,,2.0,,,,,2.0,54,,,,,,,,,2.0,4.0,1.0,1.0,2.0,2.0,1.0,1.0,3,4,5,6,3,4,5,4,2,2,18.0,42.0,50.0,41.0,33.0,48.0,65.0,55.0,65.0,51.0,1,1,2,1,1,1,2,1,1,1,1,1,2,2,2,1,1,1,1,2,2,1,2,1,1,1,2,1,1,1,1,1,1,1,1,2,1,1,1,2,5.0,,,1.0,300,12,8.0,,,,,,,,,,,,82.0,,,,,1.0,,4.0,3.0,4.0,4.0,5.0,5.0,
841,4,4,5,3,5,5,5,4,3,3,25.0,5.0,,,,5.0,2.0,50,,,,,,10,2.0,,,6.0,,,,,,,7,1,2,5,2,6,6,5,4,2,50.0,24.0,60.0,50.0,15.0,38.0,63.0,11.0,64.0,48.0,2,1,1,1,1,2,1,1,1,2,1,2,2,1,2,2,1,1,1,2,2,1,1,1,1,1,2,1,1,1,1,1,1,1,1,1,2,1,1,2,,,,1.0,98,,10.0,,1.0,1.0,1.0,1.0,1.0,1.0,1.0,2.0,2.0,2.0,,,3.0,5.0,6.0,,2.0,3.0,1.0,1.0,,,,
842,4,5,5,5,5,5,4,5,2,3,,,,,,6.0,,,1.0,1200,2.0,4.0,3.0,20,,,2.0,,1.0,1.0,2.0,1.0,2.0,1.0,7,4,5,3,1,4,5,5,3,1,48.0,41.0,38.0,32.0,50.0,32.0,34.0,10.0,62.0,50.0,2,2,1,2,2,1,1,1,1,1,1,2,2,2,2,2,1,2,2,1,2,2,2,1,2,2,1,2,1,1,2,1,1,2,2,2,2,2,2,2,,1.0,25,,,,,6.0,,,,,,,,,,,71.0,3.0,,,,2.0,,4.0,4.0,2.0,,,,5.0
843,4,5,4,4,4,5,5,5,1,4,,,2.0,3.0,4.0,6.0,,,2.0,983,1.0,5.0,4.0,,2.0,,,,,,,,,,7,1,4,4,4,6,6,5,3,1,35.0,65.0,30.0,40.0,40.0,20.0,20.0,40.0,70.0,45.0,2,2,2,1,1,1,2,2,1,2,2,1,1,2,2,1,1,2,2,2,1,2,1,1,1,1,2,1,2,2,2,2,2,2,1,1,2,1,2,1,,1.0,23,,,19,,5.0,1.0,1.0,2.0,1.0,1.0,1.0,2.0,1.0,1.0,2.0,75.0,2.0,,,,,2.0,,,,,,,1.0
844,4,5,4,5,4,4,4,5,3,4,,,,,,5.0,2.0,30,,,,,,10,,2.0,,5.0,1.0,1.0,1.0,1.0,2.0,2.0,5,2,5,3,1,5,5,6,3,1,34.0,57.0,75.0,91.0,64.0,27.0,73.0,42.0,78.0,54.0,2,2,1,1,2,1,1,2,2,1,1,1,2,2,2,1,1,1,1,2,2,2,2,2,2,1,2,1,1,2,1,2,1,2,1,2,1,2,2,1,,,,1.0,125,,,,,,,,,,,,,,70.0,4.0,,,,1.0,1.0,3.0,3.0,2.0,4.0,4.0,4.0,
845,5,5,5,5,5,5,5,5,1,1,,3.0,4.0,3.0,3.0,5.0,,,2.0,230,1.0,3.0,5.0,20,,1.0,2.0,5.0,1.0,1.0,1.0,1.0,1.0,1.0,7,2,5,5,4,6,5,5,2,2,71.0,63.0,53.0,54.0,76.0,66.0,71.0,84.0,60.0,42.0,2,2,1,1,1,2,1,2,1,2,2,1,1,2,1,1,1,1,2,1,1,2,1,1,1,1,1,1,1,1,1,1,2,1,1,2,1,2,2,1,,1.0,50,,,,,,,,,,,,,,,,80.0,,,,,2.0,,,,,,,,
846,5,4,5,5,3,5,5,5,1,3,50.0,,3.0,4.0,3.0,,,,1.0,2000,,,,,2.0,1.0,1.0,,,,,,,,6,1,2,4,2,7,7,5,3,1,50.0,41.0,55.0,50.0,50.0,50.0,70.0,56.0,40.0,49.0,2,1,1,2,1,2,1,1,1,2,2,2,2,2,1,2,1,1,1,1,2,1,2,2,2,1,1,2,2,1,1,1,1,1,2,2,2,1,1,1,3.0,2.0,10,,,5,,6.0,1.0,1.0,1.0,1.0,1.0,1.0,1.0,1.0,1.0,1.0,,4.0,4.0,5.0,4.0,,,,,,,,,
847,5,4,3,2,3,3,2,3,4,4,55.0,,3.0,3.0,4.0,,2.0,41,2.0,860,,,,5,,9.0,,,,,,,,,5,2,4,6,4,4,5,5,3,2,32.0,49.0,21.0,21.0,48.0,18.0,43.0,18.0,62.0,24.0,1,1,1,1,1,1,1,1,1,1,2,2,2,1,1,1,1,1,2,2,1,1,1,1,2,1,1,2,2,1,1,2,2,2,2,1,1,1,1,1,6.0,,,,,,,4.0,2.0,1.0,1.0,2.0,2.0,1.0,2.0,1.0,1.0,1.0,,5.0,4.0,4.0,4.0,1.0,2.0,,,,,,,
848,5,4,4,5,5,5,5,5,2,5,100.0,6.0,,,,7.0,,,2.0,300,2.0,5.0,6.0,,,2.0,2.0,,,,,,,,7,3,3,3,1,6,7,7,1,2,70.0,43.0,66.0,66.0,79.0,36.0,85.0,89.0,72.0,86.0,2,1,1,2,2,2,1,1,2,1,1,2,2,1,1,1,1,1,1,1,1,1,1,1,2,1,1,1,1,1,1,1,2,1,1,1,1,1,1,1,,2.0,8,,,5,,6.0,1.0,1.0,1.0,1.0,1.0,1.0,1.0,1.0,1.0,1.0,,,,,,1.0,,4.0,6.0,3.0,,,,
849,4,4,4,4,4,5,5,5,3,4,,4.0,3.0,2.0,1.0,,,,,,,,,20,2.0,3.0,,5.0,,,,,,,5,4,5,2,5,5,5,6,4,2,49.0,55.0,56.0,53.0,48.0,47.0,69.0,63.0,59.0,56.0,2,1,2,1,2,2,2,2,1,2,2,2,1,2,2,1,2,1,2,2,2,1,2,2,2,1,1,1,2,2,2,2,2,2,1,2,2,1,2,2,6.0,1.0,45,1.0,360,,,,1.0,1.0,1.0,1.0,1.0,1.0,1.0,1.0,1.0,1.0,70.0,,4.0,5.0,5.0,,2.0,,,,,,,
850,4,3,4,5,4,4,4,4,2,2,,4.0,,,,5.0,,,,,,,,,,,2.0,4.0,,,,,,,6,5,5,5,5,6,7,7,2,1,45.0,38.0,40.0,55.0,52.0,35.0,57.0,30.0,40.0,57.0,2,2,2,1,2,2,2,2,2,1,2,2,2,2,1,1,2,2,2,2,1,2,2,2,2,2,2,2,1,2,2,1,1,2,2,1,1,1,1,1,,1.0,55,1.0,300,12,10.0,,1.0,1.0,1.0,1.0,1.0,1.0,1.0,1.0,1.0,1.0,72.0,,5.0,4.0,5.0,1.0,,3.0,4.0,3.0,,,,
851,2,3,3,1,4,3,2,3,3,4,30.0,,4.0,3.0,2.0,,1.0,100,,,1.0,3.0,4.0,15,,,,,1.0,1.0,1.0,2.0,1.0,2.0,7,4,5,5,2,5,6,6,1,1,45.0,60.0,35.0,40.0,65.0,25.0,25.0,45.0,55.0,70.0,2,2,2,2,2,2,2,2,2,2,2,2,1,2,2,1,2,2,2,1,2,2,2,1,2,2,2,2,2,2,1,2,2,1,2,2,2,1,2,2,3.0,,,1.0,300,,,2.0,,,,,,,,,,,,2.0,,,,1.0,2.0,,,,,,,2.0
852,4,3,2,4,4,3,2,2,4,5,,5.0,5.0,3.0,5.0,,1.0,80,1.0,130,3.0,4.0,5.0,15,,,,4.0,,,,,,,6,3,5,5,6,5,2,3,1,1,48.0,78.0,50.0,75.0,24.0,52.0,48.0,41.0,84.0,70.0,2,1,2,1,1,2,2,1,1,1,2,1,1,2,2,2,2,1,2,1,2,1,2,1,2,2,2,1,2,1,1,2,2,2,2,2,2,2,2,2,5.0,,,,,,3.0,,2.0,2.0,2.0,2.0,2.0,2.0,1.0,1.0,1.0,1.0,73.0,,,,,2.0,2.0,,,,,,,
853,3,3,3,3,4,3,4,4,3,4,,,2.0,3.0,2.0,5.0,1.0,80,2.0,350,2.0,4.0,4.0,9,,,1.0,,1.0,1.0,2.0,1.0,1.0,2.0,6,4,5,4,3,6,6,5,4,1,44.0,40.0,40.0,37.0,54.0,40.0,56.0,47.0,44.0,50.0,2,1,2,2,1,2,1,2,1,2,2,1,2,1,2,1,2,1,1,2,1,1,2,2,1,2,2,2,2,2,1,1,2,2,2,2,1,2,2,1,,,,,,,5.0,3.0,,,,,,,,,,,80.0,4.0,,,,1.0,,,,,,,,
854,1,3,3,5,2,3,5,5,4,1,65.0,,,,,6.0,2.0,50,2.0,500,,,,15,2.0,,,3.0,,,,,,,7,1,1,5,5,7,7,4,1,1,50.0,100.0,100.0,100.0,100.0,50.0,100.0,100.0,50.0,0.0,1,1,2,2,1,1,2,2,1,1,2,2,2,2,2,2,1,2,1,1,2,2,2,2,1,1,1,2,1,2,2,2,1,1,2,2,2,2,2,2,,,,,,,10.0,,2.0,1.0,1.0,2.0,1.0,1.0,2.0,2.0,1.0,2.0,,4.0,,,,,1.0,1.0,2.0,3.0,3.0,5.0,5.0,
855,1,3,2,4,5,4,3,2,4,3,1.0,,3.0,4.0,5.0,6.0,,,1.0,1100,,,,,2.0,,,5.0,,,,,,,7,3,5,6,5,5,3,3,3,1,30.0,61.0,58.0,58.0,67.0,53.0,69.0,53.0,78.0,52.0,2,1,2,1,1,1,2,1,1,2,1,2,1,2,1,2,1,1,2,1,2,2,2,1,1,1,1,2,2,2,2,1,1,2,1,1,2,2,2,1,,1.0,14,,,15,,,1.0,1.0,2.0,1.0,1.0,1.0,2.0,1.0,2.0,1.0,,2.0,4.0,5.0,5.0,,2.0,,,,,,,2.0
856,5,5,5,5,5,5,5,5,5,5,30.0,4.0,,,,,,,2.0,379,,,,14,2.0,2.0,,4.0,1.0,1.0,1.0,1.0,1.0,1.0,7,5,5,5,1,5,7,5,1,1,65.0,75.0,70.0,60.0,83.0,84.0,70.0,79.0,100.0,100.0,2,1,2,1,2,2,1,1,1,2,2,2,1,1,1,1,1,2,2,1,2,2,2,1,2,1,2,1,1,1,1,1,1,1,1,2,1,1,2,1,6.0,1.0,55,,,,,,,,,,,,,,,,,,2.0,4.0,4.0,,1.0,3.0,3.0,2.0,,,,
857,4,4,4,5,5,5,5,4,3,4,,,,,,2.0,1.0,125,,,1.0,5.0,5.0,,,,1.0,4.0,1.0,1.0,1.0,1.0,1.0,1.0,5,2,6,4,2,6,4,6,2,1,60.0,25.0,60.0,60.0,60.0,40.0,60.0,50.0,50.0,70.0,2,2,1,2,1,1,2,2,2,1,1,2,2,1,2,2,1,2,1,2,2,2,2,2,2,2,1,2,1,1,2,2,2,2,2,1,2,1,2,2,,,,1.0,250,5,,,,,,,,,,,,,85.0,3.0,,,,1.0,,3.0,3.0,3.0,,,,4.0
858,4,5,4,5,5,5,5,4,1,4,21.0,1.0,,,,,,,,,3.0,4.0,6.0,,,,1.0,,,,,,,,7,5,5,5,1,6,6,6,1,1,93.0,76.0,90.0,91.0,86.0,83.0,81.0,95.0,93.0,93.0,1,1,2,2,1,2,1,1,2,1,2,2,1,1,1,1,2,2,2,2,1,1,1,2,2,2,2,2,1,2,2,1,2,2,2,1,2,1,1,1,3.0,1.0,50,1.0,120,10,2.0,6.0,1.0,2.0,2.0,1.0,1.0,2.0,1.0,2.0,2.0,1.0,,,,,,1.0,,6.0,5.0,4.0,,,,
859,2,4,2,1,4,4,4,3,4,5,,,5.0,4.0,2.0,6.0,,,,,,,,5,,,1.0,4.0,,,,,,,7,5,5,3,5,6,6,6,1,1,67.0,76.0,55.0,44.0,75.0,72.0,93.0,66.0,75.0,89.0,1,1,2,2,1,1,1,1,1,1,2,1,1,1,1,1,2,1,1,1,1,1,1,1,2,2,1,1,2,1,2,1,1,1,1,1,1,1,1,1,,2.0,8,1.0,88,,,,1.0,1.0,1.0,1.0,1.0,2.0,2.0,1.0,1.0,2.0,82.0,4.0,5.0,5.0,5.0,1.0,,,,,,,,8.0
860,5,5,5,5,5,4,5,5,5,5,,,,,,2.0,,,,,,,,,1.0,1.0,,3.0,,,,,,,5,1,4,4,2,6,4,4,1,1,100.0,100.0,100.0,100.0,100.0,86.0,93.0,100.0,92.0,100.0,2,1,2,2,2,2,2,2,2,2,2,2,2,2,2,2,2,2,2,1,2,2,2,2,2,1,2,2,1,2,2,1,2,2,2,2,2,2,2,2,,1.0,17,1.0,125,1,,,1.0,1.0,1.0,1.0,1.0,1.0,1.0,1.0,1.0,1.0,70.0,1.0,1.0,5.0,6.0,,1.0,3.0,3.0,2.0,,,,
861,4,4,5,5,4,4,3,2,2,2,30.0,,,,,5.0,2.0,54,2.0,350,,,,20,1.0,,1.0,,,,,,,,6,2,5,5,5,7,6,6,1,1,65.0,70.0,65.0,75.0,78.0,52.0,70.0,80.0,36.0,30.0,2,2,2,2,1,2,2,2,2,1,2,1,2,2,2,1,2,1,2,2,2,1,1,2,1,1,2,1,1,1,2,2,2,1,2,1,1,2,2,2,,,,,,,,4.0,1.0,1.0,1.0,1.0,1.0,1.0,1.0,1.0,1.0,1.0,,3.0,3.0,2.0,4.0,,,3.0,3.0,3.0,,,,2.0
862,4,4,5,5,5,5,5,5,1,5,30.0,,4.0,4.0,4.0,6.0,,,,,,,,,,,,4.0,,,,,,,6,2,4,2,3,5,5,5,3,1,40.0,30.0,45.0,40.0,60.0,30.0,65.0,45.0,40.0,52.0,2,2,2,2,2,1,2,2,1,2,2,2,1,2,2,2,1,2,1,1,2,2,2,2,2,1,2,2,2,2,2,2,2,2,1,2,2,2,1,1,,2.0,9,1.0,86,5,,,1.0,1.0,2.0,1.0,2.0,2.0,1.0,1.0,2.0,1.0,,3.0,4.0,3.0,6.0,1.0,2.0,,,,,,,3.0
863,5,4,5,4,4,5,5,5,1,2,80.0,,,,,,2.0,37,,,,,,14,2.0,,1.0,,1.0,1.0,2.0,1.0,1.0,2.0,6,2,4,2,2,6,5,6,3,1,61.0,54.0,69.0,65.0,69.0,52.0,65.0,70.0,41.0,38.0,1,2,2,1,2,1,2,1,1,1,1,1,2,1,1,2,1,2,1,2,2,1,1,1,2,2,2,2,1,2,1,1,1,1,2,2,2,1,2,1,6.0,,,1.0,220,,,5.0,,,,,,,,,,,,3.0,,,,,,4.0,5.0,2.0,2.0,5.0,6.0,3.0
864,5,4,4,5,4,5,4,4,5,4,,,,,,1.0,2.0,54,,,,,,20,,,2.0,6.0,,,,,,,7,5,5,7,1,5,6,6,2,1,72.0,82.0,64.0,74.0,56.0,51.0,69.0,62.0,59.0,67.0,1,1,2,2,1,1,1,1,1,1,2,1,1,1,1,2,1,1,1,1,1,1,1,1,1,1,1,1,1,1,1,1,2,1,1,1,1,1,1,1,,,,1.0,116,,,,1.0,1.0,1.0,1.0,1.0,2.0,2.0,2.0,2.0,2.0,76.0,2.0,,,,1.0,,4.0,4.0,4.0,1.0,4.0,5.0,3.0
865,3,2,3,2,3,3,2,3,4,3,82.0,,4.0,4.0,3.0,7.0,,,2.0,800,1.0,4.0,4.0,,2.0,,,,1.0,1.0,1.0,1.0,2.0,2.0,6,2,3,3,3,5,5,5,1,1,60.0,27.0,71.0,59.0,45.0,39.0,65.0,73.0,63.0,52.0,1,2,2,1,2,2,1,1,1,1,1,1,2,2,2,1,2,2,2,1,1,2,2,2,1,1,2,2,1,2,2,1,2,2,2,1,1,2,2,1,,2.0,6,,,20,,3.0,,,,,,,,,,,,3.0,,,,,2.0,,,,,,,2.0
866,4,4,4,5,5,5,5,5,2,5,72.0,,4.0,3.0,4.0,6.0,,,1.0,2000,,,,,,2.0,1.0,2.0,,,,,,,6,2,1,2,2,3,6,6,2,1,77.0,30.0,33.0,91.0,88.0,55.0,78.0,81.0,42.0,63.0,2,2,1,1,1,2,2,2,2,2,2,1,1,1,2,2,2,1,1,1,2,2,1,1,2,2,1,1,2,2,2,2,2,1,1,2,1,1,1,1,,1.0,16,,,15,,,2.0,2.0,1.0,1.0,1.0,1.0,2.0,2.0,1.0,2.0,,2.0,,,,1.0,,,,,4.0,4.0,4.0,
867,4,2,3,4,4,3,4,4,4,3,70.0,4.0,4.0,4.0,2.0,5.0,2.0,30,1.0,2000,,,,18,2.0,,1.0,,1.0,1.0,2.0,1.0,1.0,2.0,7,2,4,5,2,5,6,6,2,1,40.0,20.0,50.0,75.0,70.0,35.0,80.0,75.0,60.0,50.0,1,2,2,1,2,1,2,2,2,2,1,2,1,2,1,2,1,2,2,2,2,1,2,2,2,1,2,1,2,1,2,2,2,1,2,2,2,2,1,1,,,,,,,10.0,2.0,,,,,,,,,,,,,,,,,,,,,2.0,4.0,6.0,
868,4,1,5,5,5,3,5,1,5,4,70.0,,,,,7.0,2.0,54,2.0,377,1.0,5.0,6.0,20,,,1.0,6.0,1.0,1.0,1.0,1.0,2.0,2.0,7,1,7,7,1,7,4,4,4,2,70.0,31.0,100.0,100.0,75.0,64.0,60.0,34.0,70.0,84.0,1,1,1,1,1,1,1,1,1,2,1,1,1,1,1,1,1,1,1,1,1,1,1,1,1,1,1,1,1,1,1,1,1,1,1,1,1,1,1,1,,,,,,,,,,,,,,,,,,,,6.0,,,,1.0,,1.0,1.0,1.0,,,,10.0
869,4,5,4,4,5,4,5,4,4,5,30.0,,2.0,4.0,2.0,5.0,2.0,45,,,,,,,,,1.0,5.0,1.0,1.0,1.0,1.0,1.0,2.0,6,2,3,2,3,5,6,7,2,1,70.0,60.0,74.0,61.0,58.0,71.0,58.0,69.0,73.0,81.0,1,2,1,1,2,1,2,1,2,1,1,1,2,1,1,1,2,2,1,2,1,1,2,2,1,1,1,1,1,1,1,2,1,2,2,2,2,1,2,1,,,,1.0,200,12,9.0,,,,,,,,,,,,,2.0,2.0,4.0,5.0,1.0,,,,,,,,
870,4,4,4,4,5,4,4,5,5,5,82.0,3.0,,,,,2.0,8,2.0,430,,,,18,2.0,,1.0,6.0,,,,,,,5,1,3,3,6,7,5,5,2,1,70.0,75.0,65.0,60.0,70.0,65.0,80.0,95.0,90.0,80.0,1,2,2,2,1,1,1,1,1,1,1,1,1,2,2,1,1,2,2,1,1,2,2,2,2,1,1,1,2,1,1,1,1,1,2,1,1,2,1,2,6.0,,,,,,10.0,,1.0,1.0,2.0,1.0,1.0,2.0,1.0,1.0,2.0,1.0,,,,,,,,5.0,3.0,2.0,5.0,5.0,4.0,
871,3,4,3,4,4,3,4,3,4,4,,4.0,,,,,1.0,54,1.0,370,4.0,4.0,4.0,10,,,,,1.0,1.0,1.0,2.0,2.0,2.0,5,6,5,5,5,6,5,5,3,1,66.0,81.0,66.0,78.0,58.0,70.0,53.0,72.0,61.0,73.0,1,2,2,2,1,2,1,2,2,1,1,2,2,2,1,2,1,2,1,2,2,1,1,1,1,1,1,2,1,2,1,1,2,2,1,1,1,1,1,1,4.0,,,,,,2.0,4.0,,,,,,,,,,,71.0,,,,,1.0,1.0,4.0,5.0,4.0,,,,
872,4,4,4,3,4,4,4,2,2,2,71.0,5.0,,,,,2.0,50,,,,,,,,2.0,,5.0,,,,,,,6,2,5,5,2,3,3,2,2,2,39.0,31.0,40.0,44.0,56.0,31.0,67.0,71.0,76.0,35.0,2,1,1,2,1,1,1,1,1,1,1,1,2,1,2,1,2,1,1,1,2,1,1,1,2,1,2,2,1,2,1,2,2,2,2,2,1,1,2,1,6.0,,,2.0,79,10,,,1.0,1.0,1.0,2.0,1.0,2.0,1.0,1.0,1.0,2.0,,,4.0,5.0,5.0,1.0,2.0,4.0,3.0,2.0,,,,
873,3,3,4,3,3,3,3,3,4,3,,4.0,,,,6.0,2.0,50,,,2.0,4.0,4.0,,,,,,,,,,,,6,2,3,5,3,6,5,5,2,2,15.0,8.0,27.0,33.0,13.0,41.0,30.0,44.0,69.0,41.0,2,1,1,2,1,1,1,2,1,2,1,1,2,2,2,2,2,2,2,1,1,1,1,1,1,2,2,2,2,1,2,2,2,2,1,2,2,2,1,2,,,,2.0,65,20,5.0,5.0,1.0,1.0,1.0,2.0,1.0,2.0,1.0,1.0,2.0,1.0,95.0,,,,,2.0,1.0,3.0,3.0,3.0,,,,
874,5,5,3,5,5,5,5,5,1,5,,1.0,3.0,1.0,1.0,,1.0,70,1.0,1500,,,,,,,1.0,6.0,1.0,1.0,2.0,1.0,1.0,2.0,7,1,1,7,1,7,7,7,4,2,100.0,100.0,100.0,75.0,69.0,17.0,100.0,100.0,26.0,100.0,2,2,1,2,2,2,2,2,2,1,1,1,1,2,2,2,1,2,2,1,2,1,1,1,2,2,2,2,1,2,2,1,2,2,1,1,1,1,2,1,2.0,,,,,10,,,,,,,,,,,,,100.0,,,,,1.0,,,,,1.0,5.0,6.0,3.0
875,3,3,4,5,5,4,5,5,3,4,91.0,4.0,3.0,3.0,3.0,,2.0,50,,,,,,5,1.0,,2.0,4.0,1.0,2.0,1.0,1.0,2.0,1.0,7,4,5,5,3,7,5,5,1,2,41.0,41.0,42.0,43.0,43.0,44.0,78.0,50.0,28.0,38.0,2,2,2,1,1,2,2,2,1,2,1,2,1,2,1,1,2,1,1,2,1,1,1,1,2,2,2,2,1,1,1,2,2,2,1,1,1,1,2,1,6.0,,,1.0,385,,,,,,,,,,,,,,,,1.0,5.0,6.0,,,,,,,,,4.0
876,4,4,5,3,4,4,4,5,5,3,60.0,,2.0,1.0,5.0,6.0,,,2.0,200,,,,16,,,1.0,,,,,,,,3,1,5,4,2,5,7,6,1,1,75.0,60.0,77.0,40.0,80.0,65.0,90.0,100.0,80.0,65.0,1,1,1,1,2,1,2,1,2,2,2,1,2,1,1,1,2,1,1,1,1,2,1,1,1,1,2,1,1,1,2,1,2,2,1,2,1,1,2,2,,1.0,26,,,,,4.0,1.0,1.0,2.0,1.0,1.0,1.0,2.0,2.0,1.0,1.0,,2.0,,,,1.0,,,,,1.0,5.0,5.0,4.0
877,5,4,5,5,5,5,5,5,1,1,,,,,,,,,1.0,1100,,,,,,3.0,,,1.0,1.0,1.0,1.0,1.0,1.0,7,2,2,3,2,6,7,7,2,1,70.0,50.0,60.0,60.0,82.0,70.0,86.0,96.0,65.0,40.0,2,2,2,2,2,1,1,1,1,2,2,2,2,2,2,2,2,2,2,2,1,1,2,2,1,2,2,1,2,2,2,2,2,1,2,2,2,2,1,2,5.0,2.0,6,,,12,,6.0,,,,,,,,,,,89.0,2.0,,,,1.0,1.0,3.0,3.0,2.0,1.0,5.0,5.0,
878,2,3,2,3,5,2,3,1,5,2,,,,,,5.0,,,,,,,,,2.0,,2.0,4.0,1.0,2.0,1.0,2.0,1.0,1.0,6,3,5,6,2,5,5,5,3,1,50.0,50.0,50.0,30.0,80.0,31.0,60.0,49.0,70.0,20.0,2,2,2,2,1,2,2,2,2,2,2,2,1,2,1,2,2,2,1,2,1,2,1,2,1,2,2,1,1,2,1,1,1,1,2,2,1,2,2,2,,1.0,80,1.0,200,10,10.0,,,,,,,,,,,,70.0,3.0,,,,,,4.0,5.0,3.0,1.0,5.0,6.0,
879,2,3,2,5,5,2,3,5,5,4,95.0,,,,,6.0,,,2.0,900,,,,15,2.0,,,4.0,1.0,1.0,2.0,1.0,1.0,2.0,5,1,5,3,3,7,5,5,2,1,50.0,50.0,51.0,75.0,50.0,50.0,95.0,95.0,95.0,100.0,1,1,2,2,1,2,2,2,2,1,1,2,1,1,1,2,2,1,1,1,2,2,2,1,2,1,2,1,2,1,2,1,2,1,2,2,1,1,2,2,,2.0,10,,,,5.0,,,,,,,,,,,,,4.0,3.0,4.0,2.0,,1.0,3.0,4.0,3.0,,,,
880,4,5,5,5,5,5,5,5,2,3,,5.0,,,,,2.0,33,2.0,300,,,,19,,3.0,,,,,,,,,7,2,7,7,2,6,6,6,4,1,55.0,40.0,55.0,85.0,85.0,75.0,75.0,90.0,70.0,55.0,1,2,2,2,2,2,2,1,2,2,2,2,2,2,2,2,2,2,1,1,2,1,2,2,2,2,2,1,2,2,2,1,2,2,2,2,2,2,2,2,3.0,,,,,,,5.0,1.0,1.0,1.0,1.0,1.0,1.0,1.0,1.0,1.0,1.0,70.0,,3.0,4.0,6.0,2.0,2.0,1.0,1.0,1.0,,,,
881,3,4,5,4,4,2,4,4,5,2,30.0,,,,,,,,,,,,,,2.0,,,,1.0,1.0,1.0,1.0,1.0,1.0,7,2,5,5,2,6,4,4,2,1,25.0,40.0,75.0,55.0,73.0,21.0,65.0,85.0,62.0,21.0,2,1,1,1,2,2,2,1,2,2,1,1,2,1,2,1,2,2,1,1,1,2,2,2,1,2,2,2,2,2,1,1,2,1,1,2,2,2,1,1,5.0,1.0,14,1.0,120,18,3.0,4.0,,,,,,,,,,,,2.0,,,,,1.0,4.0,3.0,3.0,5.0,4.0,3.0,
882,4,5,5,5,5,5,5,5,2,1,,,3.0,2.0,1.0,7.0,,,2.0,300,2.0,5.0,6.0,,1.0,1.0,,,,,,,,,6,3,1,5,1,4,7,7,1,2,33.0,28.0,24.0,45.0,66.0,19.0,46.0,91.0,65.0,52.0,2,2,2,2,2,1,2,2,1,2,2,2,1,2,1,1,1,1,2,2,2,2,1,1,1,2,1,1,1,1,2,2,1,1,1,2,1,1,1,2,,1.0,25,,,0,,5.0,1.0,1.0,1.0,1.0,1.0,2.0,2.0,2.0,2.0,2.0,70.0,3.0,,,,,1.0,,,,,,,
883,4,5,4,4,4,3,4,4,3,4,,,,,,,,,,,2.0,4.0,4.0,15,2.0,3.0,,,,,,,,,6,3,5,5,3,5,6,6,4,1,51.0,49.0,57.0,55.0,60.0,72.0,73.0,54.0,57.0,57.0,2,1,2,1,2,2,1,2,1,2,2,1,1,2,1,2,1,2,2,2,2,2,2,2,1,2,2,2,2,2,1,2,2,2,1,2,2,1,2,2,6.0,1.0,50,1.0,300,,,4.0,1.0,1.0,1.0,1.0,1.0,1.0,1.0,1.0,1.0,1.0,71.0,2.0,,,,,1.0,3.0,4.0,3.0,,,,
884,3,4,3,5,5,4,5,4,4,4,,2.0,,,,,2.0,55,2.0,400,,,,18,,3.0,1.0,,,,,,,,6,4,4,4,3,5,6,5,2,1,40.0,47.0,45.0,80.0,77.0,66.0,71.0,54.0,67.0,70.0,1,1,2,1,2,1,1,2,1,1,1,2,1,2,1,2,1,1,1,1,1,2,1,1,1,1,2,1,1,1,2,1,1,2,2,2,2,2,1,2,6.0,,,,,,,4.0,1.0,1.0,1.0,1.0,1.0,1.0,1.0,1.0,1.0,1.0,95.0,,4.0,4.0,5.0,1.0,,3.0,3.0,3.0,,,,
885,4,3,2,5,5,4,1,2,3,2,,4.0,1.0,1.0,1.0,,2.0,45,2.0,750,5.0,2.0,5.0,19,2.0,1.0,,2.0,,,,,,,6,3,6,6,2,6,3,3,4,1,34.0,30.0,40.0,55.0,51.0,46.0,60.0,33.0,45.0,50.0,2,1,2,2,2,2,2,2,2,2,2,1,2,2,1,2,1,2,1,2,2,2,2,2,2,2,2,1,2,1,2,2,2,2,2,2,2,2,1,2,6.0,,,,,,,,1.0,1.0,1.0,1.0,1.0,1.0,1.0,1.0,1.0,1.0,95.0,,,,,,2.0,,,,,,,
886,3,4,3,4,4,5,2,5,3,3,87.0,,3.0,4.0,3.0,,2.0,25,2.0,300,,,,,2.0,,1.0,5.0,1.0,1.0,1.0,1.0,2.0,2.0,7,6,5,5,3,5,7,7,2,1,30.0,50.0,10.0,100.0,100.0,100.0,10.0,100.0,10.0,100.0,1,2,1,2,2,1,2,1,2,1,2,1,1,1,2,1,1,1,2,1,1,1,1,1,1,1,1,1,2,1,1,1,1,2,1,1,1,1,1,1,6.0,,,,,10,,,,,,,,,,,,,,4.0,1.0,5.0,5.0,,,,,,,,,1.0
887,3,4,5,5,4,5,5,5,1,1,40.0,4.0,1.0,1.0,1.0,4.0,2.0,60,,,,,,,2.0,,,5.0,,,,,,,6,2,5,5,5,6,5,5,2,1,45.0,50.0,55.0,60.0,60.0,40.0,65.0,60.0,50.0,50.0,2,2,1,2,2,2,1,2,2,2,1,1,2,1,2,2,1,2,2,2,2,2,2,1,2,2,2,2,1,1,2,2,2,2,2,2,2,1,2,1,,,,1.0,112,10,10.0,,1.0,1.0,1.0,1.0,1.0,1.0,1.0,1.0,1.0,1.0,,,,,,,1.0,,,,1.0,4.0,4.0,
888,4,5,5,5,5,5,5,5,1,1,,4.0,3.0,4.0,3.0,6.0,2.0,25,,,,,,20,2.0,,1.0,,,,,,,,6,2,3,2,5,6,7,7,3,2,72.0,65.0,71.0,71.0,77.0,50.0,70.0,70.0,50.0,50.0,2,2,2,2,2,2,1,2,2,2,2,1,1,2,2,2,1,2,1,1,2,1,2,2,2,2,1,2,2,2,2,2,2,2,2,2,1,1,1,2,,,,1.0,175,,,4.0,1.0,1.0,1.0,1.0,1.0,1.0,1.0,1.0,1.0,1.0,80.0,,1.0,5.0,6.0,,,,,,,,,2.0
889,5,4,5,5,5,5,5,5,1,1,45.0,5.0,,,,6.0,,,,,,,,,,,,6.0,,,,,,,7,2,5,6,5,7,7,7,4,1,60.0,49.0,30.0,45.0,70.0,55.0,80.0,45.0,40.0,52.0,2,1,2,2,2,1,2,2,2,2,2,2,1,2,2,2,2,1,1,2,1,2,2,1,2,2,1,2,2,2,2,1,2,2,2,1,2,2,1,1,,1.0,45,1.0,250,18,,,1.0,1.0,1.0,1.0,1.0,1.0,1.0,1.0,1.0,1.0,,,2.0,5.0,5.0,2.0,2.0,5.0,5.0,3.0,,,,2.0
890,2,1,4,1,2,1,1,1,5,1,95.0,4.0,,,,6.0,2.0,50,2.0,500,,,,,2.0,,,2.0,,,,,,,5,3,7,7,2,5,5,5,2,1,77.0,62.0,82.0,59.0,64.0,78.0,93.0,96.0,44.0,58.0,1,1,1,1,1,1,1,2,2,1,2,1,2,2,1,1,2,2,1,2,2,1,2,1,2,1,2,1,2,2,1,1,2,1,2,1,2,2,1,2,,,,,,20,4.0,,1.0,1.0,1.0,1.0,1.0,1.0,1.0,1.0,1.0,1.0,,,5.0,1.0,6.0,,2.0,1.0,5.0,2.0,,,,
891,1,2,1,2,3,1,2,2,5,3,75.0,,,,,,2.0,25,1.0,2200,,,,,,,1.0,,1.0,1.0,1.0,1.0,2.0,1.0,6,1,4,3,3,3,6,6,3,2,8.0,10.0,20.0,50.0,25.0,15.0,80.0,50.0,80.0,20.0,2,1,1,1,2,2,2,2,2,2,1,2,1,1,2,1,2,2,1,2,1,2,2,2,1,1,1,1,2,1,2,1,1,2,2,2,1,1,2,1,4.0,,,,,2,10.0,2.0,,,,,,,,,,,,3.0,3.0,4.0,4.0,1.0,,2.0,1.0,1.0,,,,
892,5,5,5,5,5,5,5,5,1,1,,6.0,4.0,5.0,3.0,,,,,,,,,16,2.0,,,6.0,1.0,1.0,1.0,1.0,1.0,1.0,7,3,5,2,3,6,6,7,4,2,40.0,40.0,55.0,60.0,45.0,55.0,70.0,65.0,45.0,35.0,1,1,2,1,1,2,1,2,1,2,1,2,2,2,2,1,1,1,2,1,2,2,1,2,1,1,1,2,1,1,1,1,2,2,1,1,2,1,2,2,6.0,1.0,54,1.0,380,,,,,,,,,,,,,,70.0,,,,,,2.0,,,,5.0,5.0,6.0,5.0
893,4,4,4,4,5,4,5,5,5,3,60.0,5.0,,,,6.0,2.0,52,2.0,300,2.0,5.0,5.0,,,3.0,1.0,5.0,,,,,,,6,5,4,5,5,6,7,6,3,1,15.0,10.0,15.0,60.0,66.0,25.0,55.0,65.0,80.0,41.0,1,2,2,2,1,1,2,2,2,2,1,2,1,2,2,2,1,1,2,1,1,2,1,2,1,1,2,2,1,2,1,2,1,2,2,1,1,1,1,2,,,,,,15,,,1.0,1.0,2.0,1.0,1.0,1.0,2.0,1.0,1.0,2.0,,,,,,1.0,,4.0,3.0,2.0,,,,
894,4,4,5,4,4,4,5,3,4,2,,,4.0,5.0,2.0,,2.0,54,,,4.0,5.0,4.0,,1.0,3.0,,,,,,,,,7,5,4,2,3,6,6,7,2,2,65.0,55.0,60.0,50.0,30.0,50.0,70.0,60.0,70.0,45.0,2,1,1,2,1,2,2,2,2,2,2,1,1,2,2,2,2,2,2,2,2,1,1,2,2,2,1,2,1,1,2,2,1,1,2,1,1,1,1,2,6.0,,,1.0,380,10,,4.0,1.0,1.0,2.0,1.0,1.0,1.0,2.0,1.0,1.0,2.0,50.0,2.0,,,,,2.0,,,,,,,
895,2,2,1,3,3,1,1,5,1,5,30.0,5.0,,,,,1.0,88,2.0,55,,,,5,2.0,,,6.0,1.0,1.0,1.0,1.0,1.0,1.0,4,2,4,5,5,5,7,7,2,1,40.0,25.0,45.0,90.0,70.0,70.0,95.0,90.0,50.0,50.0,1,1,2,2,1,2,2,2,2,1,2,2,2,1,2,1,1,2,1,2,2,1,2,2,2,2,2,2,2,2,2,2,1,2,1,1,2,1,2,2,6.0,,,,,,,,,,,,,,,,,,,,1.0,5.0,6.0,,2.0,3.0,3.0,3.0,,,,2.0
896,4,4,4,4,4,4,4,4,4,3,,2.0,,,,6.0,,,2.0,500,,,,15,2.0,,2.0,6.0,1.0,1.0,1.0,2.0,2.0,1.0,6,2,5,3,5,5,5,5,2,1,45.0,35.0,65.0,15.0,75.0,55.0,80.0,20.0,60.0,55.0,1,2,1,1,1,1,1,1,2,1,2,2,2,1,1,1,2,2,1,1,1,1,2,1,2,1,1,1,2,1,1,1,1,1,1,2,2,1,1,1,,1.0,45,,,,,,,,,,,,,,,,70.0,,,,,,,5.0,2.0,2.0,2.0,5.0,5.0,3.0
897,2,1,1,4,5,5,4,5,2,5,30.0,,,,,5.0,2.0,18,,,,,,20,,1.0,,,1.0,1.0,1.0,1.0,1.0,1.0,7,5,7,6,2,5,7,7,2,1,30.0,5.0,10.0,52.0,70.0,65.0,35.0,63.0,40.0,83.0,1,2,2,2,2,2,2,1,1,2,1,2,2,2,2,2,1,2,2,1,2,2,2,2,2,1,1,2,2,1,1,1,2,1,1,2,2,1,2,2,,,,1.0,320,,,3.0,,,,,,,,,,,,5.0,5.0,1.0,2.0,1.0,2.0,3.0,3.0,3.0,,,,
898,5,4,4,4,3,4,3,4,5,4,,2.0,,,,7.0,,,2.0,900,,,,12,1.0,,1.0,2.0,,,,,,,3,5,4,5,5,6,4,5,1,1,35.0,16.0,48.0,18.0,52.0,68.0,27.0,60.0,24.0,63.0,2,2,1,1,1,1,2,1,1,1,1,2,2,1,1,1,1,1,2,2,1,1,1,1,1,1,1,1,1,1,1,1,1,1,1,1,1,2,1,2,,1.0,40,,,,5.0,,1.0,1.0,1.0,2.0,2.0,2.0,1.0,2.0,2.0,1.0,53.0,,,,,,,3.0,2.0,1.0,4.0,4.0,5.0,
899,5,5,4,4,5,5,5,5,1,1,80.0,,,,,5.0,,,,,1.0,5.0,6.0,18,2.0,,1.0,6.0,1.0,1.0,2.0,1.0,1.0,2.0,6,1,6,3,2,6,7,6,4,1,75.0,55.0,40.0,65.0,75.0,55.0,85.0,75.0,45.0,15.0,2,2,2,1,1,1,2,2,2,2,2,1,1,1,1,2,2,1,2,1,2,1,1,2,2,1,2,2,1,2,2,2,1,2,1,2,1,1,2,2,,1.0,16,1.0,200,,,,,,,,,,,,,,,3.0,,,,,,1.0,5.0,2.0,,,,4.0
900,4,4,4,3,5,4,5,5,2,1,80.0,,4.0,3.0,2.0,,1.0,70,,,,,,,,3.0,,6.0,,,,,,,5,4,5,5,4,5,5,6,3,2,40.0,20.0,30.0,35.0,70.0,60.0,90.0,90.0,60.0,10.0,2,1,1,2,2,2,2,1,1,1,2,2,2,2,2,2,2,1,1,2,2,1,2,2,2,2,2,2,2,1,2,1,2,2,1,1,1,2,2,1,3.0,,,1.0,100,10,,,1.0,2.0,1.0,1.0,1.0,2.0,2.0,1.0,1.0,1.0,,2.0,,,,1.0,1.0,,,,4.0,5.0,6.0,
901,4,3,2,5,5,2,5,5,5,5,81.0,6.0,,,,,2.0,2,1.0,1500,,,,,,,1.0,4.0,1.0,1.0,1.0,2.0,1.0,1.0,6,2,1,1,5,6,7,7,1,2,39.0,19.0,55.0,71.0,91.0,77.0,84.0,51.0,88.0,97.0,2,2,2,1,2,1,1,2,2,1,2,1,1,2,2,2,2,1,1,1,1,2,2,2,1,2,2,1,1,2,2,1,2,1,2,2,1,2,2,2,5.0,,,,,15,10.0,,,,,,,,,,,,,,4.0,2.0,3.0,1.0,,4.0,3.0,2.0,,,,
902,3,4,3,4,3,4,4,4,4,3,,,,,,,,,1.0,1200,,,,,,,,4.0,,,,,,,6,4,3,4,2,3,3,3,1,2,47.0,38.0,33.0,50.0,58.0,25.0,52.0,58.0,75.0,52.0,1,2,2,2,1,2,1,2,2,1,2,2,2,2,2,1,2,2,1,2,2,2,2,1,1,2,2,2,2,2,1,2,2,1,1,2,2,1,2,1,3.0,1.0,20,,,10,6.0,,1.0,1.0,1.0,2.0,1.0,1.0,1.0,2.0,2.0,1.0,65.0,4.0,,,,1.0,1.0,3.0,2.0,3.0,4.0,4.0,3.0,
903,4,3,4,5,4,5,5,4,3,5,30.0,4.0,,,,,2.0,54,,,,,,,,,2.0,5.0,1.0,1.0,1.0,2.0,2.0,2.0,6,1,1,1,1,6,7,7,2,1,50.0,24.0,50.0,100.0,85.0,50.0,100.0,81.0,45.0,86.0,1,2,2,2,2,2,1,1,1,2,2,2,2,1,2,1,2,2,2,1,2,2,1,2,1,2,2,1,2,1,2,2,1,2,1,2,1,2,1,1,6.0,,,1.0,300,20,10.0,,,,,,,,,,,,,,4.0,5.0,6.0,1.0,,4.0,5.0,1.0,,,,
904,2,5,3,5,5,4,5,5,2,5,,,,,,,2.0,30,,,5.0,4.0,4.0,20,2.0,1.0,,,1.0,1.0,1.0,1.0,1.0,1.0,7,2,4,2,3,5,4,6,3,1,30.0,60.0,40.0,80.0,85.0,50.0,70.0,75.0,48.0,80.0,2,1,1,1,2,2,2,1,2,2,1,2,1,2,1,2,2,1,2,2,1,2,1,1,1,1,2,2,1,1,1,2,2,2,2,1,1,2,1,2,6.0,,,1.0,100,,,5.0,,,,,,,,,,,70.0,3.0,,,,,2.0,3.0,4.0,3.0,,,,
905,4,4,4,5,5,3,1,5,4,5,,6.0,,,,6.0,,,1.0,1237,,,,18,,,,,1.0,1.0,1.0,1.0,1.0,1.0,6,1,5,5,2,7,7,7,1,2,54.0,42.0,43.0,70.0,61.0,51.0,94.0,93.0,54.0,77.0,2,2,2,1,2,1,1,1,2,1,2,2,2,1,2,1,2,2,2,2,1,2,2,2,2,2,1,2,2,1,2,2,2,2,1,1,2,2,2,2,,1.0,16,,,,,2.0,,,,,,,,,,,81.0,,,,,1.0,2.0,3.0,3.0,3.0,1.0,4.0,5.0,3.0
906,3,4,2,3,2,2,4,3,2,3,70.0,,5.0,3.0,4.0,5.0,2.0,45,,,,,,,1.0,,2.0,,,,,,,,5,6,5,4,4,2,5,4,3,1,36.0,52.0,27.0,62.0,48.0,68.0,34.0,48.0,32.0,59.0,1,2,1,1,2,2,1,2,1,2,2,1,1,2,1,2,1,2,1,1,2,1,2,1,2,2,1,2,1,2,1,2,2,1,2,1,1,2,1,2,,,,1.0,100,15,2.0,4.0,2.0,1.0,1.0,2.0,2.0,1.0,2.0,2.0,1.0,1.0,,3.0,,,,,,,,,3.0,4.0,3.0,
907,4,4,4,5,4,4,4,4,3,4,,,,,,6.0,,,2.0,300,,,,15,2.0,,,,,,,,,,6,1,4,3,2,6,7,5,3,2,80.0,70.0,50.0,85.0,75.0,80.0,80.0,90.0,80.0,90.0,1,1,1,1,2,2,1,1,2,1,1,1,1,1,2,2,2,2,1,2,1,2,2,2,2,2,2,2,2,2,1,2,2,2,1,2,2,1,1,1,,1.0,50,,,,,4.0,1.0,1.0,1.0,1.0,2.0,1.0,2.0,1.0,2.0,1.0,70.0,2.0,,,,,2.0,3.0,3.0,3.0,4.0,4.0,4.0,3.0
908,4,4,4,4,4,4,4,4,2,4,,2.0,,,,,2.0,40,1.0,1500,,,,,,,1.0,4.0,1.0,1.0,1.0,2.0,1.0,2.0,5,3,4,4,5,5,5,5,2,2,76.0,72.0,74.0,86.0,88.0,78.0,75.0,100.0,0.0,76.0,1,2,2,1,1,1,1,1,2,1,2,2,2,1,2,2,1,2,2,1,1,1,2,2,1,2,2,1,2,2,1,2,2,2,2,1,2,2,2,2,5.0,,,,,5,9.0,,,,,,,,,,,,69.0,,3.0,4.0,4.0,1.0,,4.0,3.0,2.0,,,,
909,3,3,3,2,2,2,5,4,4,3,,,,,,6.0,2.0,50,,,2.0,4.0,4.0,10,,,,,1.0,1.0,2.0,1.0,2.0,1.0,1,3,5,7,1,3,5,7,3,2,40.0,50.0,43.0,50.0,60.0,42.0,90.0,90.0,70.0,65.0,2,1,2,1,1,1,2,1,1,2,1,1,2,2,1,2,1,1,1,1,1,2,2,1,2,1,1,1,1,1,1,1,1,2,2,2,2,1,2,2,,,,1.0,300,,,4.0,,,,,,,,,,,70.0,2.0,,,,1.0,1.0,3.0,4.0,3.0,,,,5.0
910,4,4,4,4,4,3,4,4,4,4,,,2.0,2.0,5.0,6.0,2.0,54,,,,,,,,2.0,,5.0,,,,,,,3,2,2,5,3,2,2,3,2,1,32.0,37.0,55.0,85.0,52.0,62.0,53.0,59.0,34.0,53.0,1,2,1,2,1,2,2,1,2,2,1,2,1,1,1,2,2,1,1,2,2,1,2,2,1,1,2,1,2,2,2,1,1,2,1,2,1,1,1,1,,,,1.0,350,18,,,1.0,1.0,2.0,1.0,1.0,2.0,1.0,1.0,2.0,1.0,89.0,5.0,,,,2.0,2.0,,,,2.0,4.0,5.0,
911,4,3,4,5,4,5,5,5,1,3,,4.0,,,,7.0,2.0,30,2.0,200,,,,15,,3.0,,,1.0,1.0,2.0,1.0,2.0,1.0,7,2,4,3,5,6,7,7,4,2,40.0,30.0,40.0,25.0,30.0,25.0,50.0,40.0,38.0,40.0,2,2,1,2,2,1,2,2,1,2,1,2,2,2,2,2,1,2,1,2,2,1,2,1,2,1,2,2,2,1,2,2,2,2,1,2,1,2,2,2,,,,,,,,4.0,,,,,,,,,,,70.0,,,,,1.0,2.0,4.0,5.0,2.0,3.0,5.0,6.0,
912,1,3,1,1,4,2,2,1,5,5,30.0,,2.0,1.0,1.0,7.0,,,,,,,,,,,,,1.0,1.0,1.0,1.0,1.0,1.0,5,2,6,6,3,5,6,6,1,1,34.0,50.0,20.0,36.0,45.0,40.0,64.0,59.0,70.0,60.0,1,1,2,1,1,1,2,1,2,1,2,2,2,2,1,1,2,2,2,2,2,2,2,1,2,2,1,1,2,1,1,2,2,1,1,2,1,2,1,2,,1.0,50,1.0,300,10,,2.0,,,,,,,,,,,,4.0,5.0,1.0,5.0,1.0,2.0,,,,,,,2.0
913,5,4,5,5,4,3,5,3,3,1,,5.0,,,,6.0,2.0,7,,,1.0,2.0,1.0,,,,1.0,,1.0,1.0,1.0,1.0,2.0,2.0,5,2,3,3,3,7,6,7,4,1,30.0,20.0,20.0,40.0,45.0,18.0,48.0,15.0,42.0,8.0,1,2,2,2,1,1,2,2,2,2,1,2,2,2,2,1,2,2,2,1,1,1,2,2,2,1,2,2,2,2,2,2,2,1,2,1,2,1,2,1,,,,1.0,110,0,9.0,4.0,,,,,,,,,,,70.0,,,,,1.0,,3.0,3.0,3.0,,,,
914,4,4,4,4,4,4,4,4,3,3,30.0,4.0,,,,4.0,2.0,45,,,4.0,3.0,4.0,10,,10.0,,,1.0,1.0,1.0,1.0,2.0,2.0,6,1,1,3,2,6,6,4,1,2,70.0,70.0,70.0,70.0,70.0,60.0,65.0,70.0,35.0,70.0,1,1,1,1,2,2,1,2,2,1,2,1,1,2,1,1,1,1,2,2,2,2,1,1,1,1,1,1,1,2,1,2,2,1,2,2,1,1,2,1,,,,1.0,105,,,4.0,,,,,,,,,,,,,,,,1.0,1.0,3.0,3.0,3.0,,,,
915,4,2,4,5,5,4,4,4,2,2,,,,,,7.0,,,2.0,435,1.0,5.0,6.0,,,,2.0,6.0,1.0,1.0,1.0,1.0,1.0,1.0,7,2,2,2,3,6,6,7,4,1,55.0,44.0,37.0,73.0,83.0,55.0,82.0,42.0,40.0,52.0,2,2,2,2,2,1,2,2,1,2,1,2,1,1,2,2,2,2,2,2,2,1,2,1,2,2,2,2,2,2,2,2,2,2,2,1,2,1,2,1,,1.0,46,,,10,8.0,,,,,,,,,,,,92.0,3.0,,,,1.0,,3.0,3.0,2.0,,,,
916,1,1,1,5,3,1,2,2,5,2,90.0,,,,,,,,,,,,,,2.0,,,5.0,,,,,,,6,2,6,5,5,4,6,5,3,1,60.0,50.0,50.0,60.0,60.0,40.0,75.0,60.0,70.0,30.0,2,2,1,1,2,2,2,2,2,1,2,1,1,2,2,2,2,1,2,2,1,2,2,1,1,2,1,1,2,1,2,2,2,2,2,2,1,2,2,2,3.0,1.0,53,1.0,120,20,10.0,,1.0,1.0,1.0,1.0,1.0,1.0,1.0,1.0,1.0,1.0,,1.0,,,,,2.0,5.0,4.0,3.0,4.0,1.0,2.0,
917,4,2,4,4,4,5,3,3,1,3,30.0,,,,,5.0,2.0,10,1.0,1200,4.0,3.0,4.0,18,,,,3.0,,,,,,,6,2,6,5,4,5,4,5,2,1,75.0,55.0,75.0,95.0,80.0,96.0,30.0,75.0,0.0,75.0,2,2,2,1,1,2,2,1,2,2,1,1,2,2,1,1,2,2,2,2,2,1,2,2,1,2,2,1,2,1,2,2,2,1,1,1,2,2,2,1,,,,,,,,,1.0,1.0,1.0,1.0,1.0,1.0,1.0,1.0,1.0,1.0,,4.0,,,,1.0,2.0,3.0,3.0,2.0,,,,3.0
918,4,4,4,5,3,3,4,5,5,4,,2.0,3.0,3.0,5.0,5.0,2.0,15,,,2.0,4.0,5.0,,1.0,2.0,1.0,5.0,1.0,1.0,2.0,1.0,2.0,1.0,6,5,6,3,2,5,5,6,3,2,54.0,47.0,58.0,80.0,60.0,30.0,56.0,68.0,90.0,94.0,2,2,1,1,1,1,1,2,1,2,1,1,1,1,1,1,2,2,2,1,1,2,1,1,2,1,2,1,1,1,2,1,1,1,1,1,1,2,1,1,,,,2.0,45,15,,,,,,,,,,,,,51.0,,,,,,,,,,,,,
919,2,3,3,2,4,4,3,4,3,2,,6.0,2.0,4.0,5.0,,2.0,50,,,,,,,,1.0,1.0,4.0,,,,,,,7,1,7,6,5,7,6,5,3,1,38.0,38.0,42.0,57.0,46.0,69.0,69.0,76.0,43.0,45.0,2,2,1,1,1,1,2,2,2,1,1,2,1,1,2,2,2,1,2,1,1,2,1,2,2,2,1,1,2,2,1,2,1,2,1,2,2,2,1,1,6.0,,,2.0,80,15,,,1.0,1.0,2.0,1.0,1.0,2.0,1.0,1.0,2.0,1.0,75.0,,,,,1.0,,,,,3.0,5.0,5.0,
920,4,4,4,4,5,5,4,5,2,3,,,5.0,2.0,4.0,7.0,,,2.0,300,,,,,2.0,,2.0,,1.0,1.0,2.0,1.0,1.0,1.0,7,2,2,3,3,7,7,7,2,1,55.0,26.0,26.0,38.0,45.0,26.0,40.0,50.0,73.0,30.0,2,1,1,2,2,2,2,2,2,1,1,1,1,2,2,1,1,2,1,2,2,1,2,1,2,2,2,2,1,1,1,1,1,1,1,1,2,2,2,1,,1.0,50,,,0,,4.0,,,,,,,,,,,88.0,4.0,,,,,,,,,2.0,5.0,6.0,2.0
921,4,4,5,5,5,2,5,5,5,5,60.0,,,,,,1.0,15,1.0,1500,,,,12,,3.0,1.0,,,,,,,,7,1,1,1,5,7,7,7,3,1,32.0,64.0,71.0,94.0,69.0,12.0,25.0,26.0,100.0,100.0,1,1,2,1,1,2,1,2,1,2,2,1,2,1,2,1,2,1,1,1,1,1,2,1,1,2,1,1,1,1,1,1,2,1,1,1,1,2,2,1,5.0,,,,,,,5.0,1.0,2.0,2.0,2.0,1.0,2.0,2.0,1.0,2.0,1.0,,2.0,,,,1.0,,3.0,5.0,2.0,3.0,4.0,4.0,
922,2,4,4,5,5,5,5,5,2,5,80.0,4.0,,,,,1.0,80,2.0,950,1.0,4.0,4.0,,2.0,2.0,1.0,,,,,,,,6,4,3,3,2,3,5,6,3,2,35.0,40.0,30.0,45.0,55.0,40.0,60.0,73.0,55.0,70.0,1,2,2,1,1,2,2,2,1,2,1,2,2,1,2,1,2,2,2,1,2,2,2,1,2,2,1,1,2,2,2,2,1,2,2,1,2,1,1,2,4.0,,,,,13,,4.0,1.0,1.0,1.0,2.0,1.0,2.0,2.0,1.0,1.0,1.0,,,,,,,,2.0,5.0,2.0,,,,
923,1,4,5,5,5,5,5,4,1,2,30.0,3.0,4.0,4.0,5.0,5.0,2.0,12,2.0,200,,,,,,,,5.0,1.0,1.0,1.0,1.0,1.0,1.0,6,2,6,1,2,5,4,7,1,1,23.0,42.0,54.0,61.0,68.0,56.0,72.0,52.0,61.0,72.0,2,2,2,2,2,2,2,2,2,2,2,2,2,2,2,2,2,1,2,2,2,2,2,2,2,2,2,2,2,2,2,2,2,2,2,2,2,2,2,2,,,,,,20,5.0,,,,,,,,,,,,,,5.0,4.0,4.0,2.0,1.0,,,,,,,
924,5,5,5,5,4,5,5,5,1,1,,,3.0,3.0,3.0,6.0,,,,,4.0,5.0,4.0,,2.0,3.0,,3.0,,,,,,,7,5,6,5,1,4,7,7,2,1,67.0,68.0,92.0,100.0,68.0,100.0,72.0,91.0,0.0,0.0,2,2,2,1,1,2,2,2,2,1,1,1,2,2,2,1,2,1,2,2,1,2,2,1,1,2,1,2,1,1,2,1,1,1,1,1,1,2,1,1,,1.0,82,1.0,320,20,,,1.0,1.0,1.0,1.0,1.0,1.0,2.0,2.0,2.0,2.0,72.0,3.0,,,,,2.0,,,,,,,
925,4,3,4,2,3,4,4,5,4,2,27.0,3.0,3.0,2.0,3.0,6.0,2.0,35,,,,,,10,1.0,,,5.0,1.0,1.0,1.0,1.0,1.0,1.0,7,2,4,5,1,5,5,5,3,1,70.0,40.0,80.0,30.0,50.0,70.0,75.0,85.0,90.0,50.0,1,2,1,1,2,2,1,2,1,2,2,2,2,1,1,2,2,2,2,2,2,2,2,2,2,2,1,2,1,1,1,1,2,2,2,1,2,1,1,1,,,,1.0,100,,,,,,,,,,,,,,,,,,,,2.0,,,,2.0,5.0,6.0,6.0
926,1,4,1,2,5,5,4,5,2,5,,,,,,6.0,2.0,50,,,,,,20,2.0,,,2.0,,,,,,,5,4,4,4,2,5,5,5,2,2,70.0,20.0,65.0,50.0,90.0,35.0,60.0,90.0,80.0,93.0,1,2,1,2,2,1,2,2,2,1,2,1,2,2,2,2,2,2,1,1,2,1,2,1,2,2,2,2,2,2,2,1,2,2,2,2,2,2,2,2,,,,1.0,280,,7.0,,2.0,2.0,2.0,2.0,2.0,2.0,2.0,2.0,2.0,2.0,2.0,5.0,3.0,1.0,1.0,,2.0,4.0,4.0,2.0,,,,
927,2,1,1,3,3,2,4,4,5,4,,3.0,4.0,2.0,3.0,,,,2.0,350,,,,20,,,,4.0,1.0,2.0,1.0,1.0,1.0,2.0,7,2,6,6,2,7,6,5,1,1,32.0,39.0,43.0,49.0,36.0,26.0,68.0,65.0,54.0,58.0,1,1,1,1,1,2,1,1,2,1,2,1,1,1,1,2,2,1,1,1,1,1,1,1,2,1,1,1,2,1,2,1,1,1,1,1,1,1,1,1,6.0,1.0,54,,,,3.0,,,,,,,,,,,,61.0,,,,,1.0,1.0,,,,3.0,4.0,5.0,
928,4,4,5,5,4,4,5,5,3,3,14.0,,2.0,2.0,3.0,6.0,1.0,70,2.0,700,1.0,5.0,3.0,16,1.0,2.0,,,1.0,1.0,1.0,1.0,2.0,2.0,6,1,4,3,1,7,5,4,3,2,65.0,85.0,70.0,97.0,62.0,48.0,100.0,79.0,68.0,18.0,2,1,2,1,2,2,1,2,1,2,2,2,2,2,1,2,2,1,2,2,1,2,1,1,2,1,1,2,2,1,2,2,2,2,1,2,2,1,2,2,,,,,,,,3.0,,,,,,,,,,,,2.0,,,,,2.0,,,,,,,
929,2,4,3,5,4,1,4,4,5,4,,4.0,2.0,1.0,1.0,6.0,,,,,4.0,4.0,3.0,3,,,2.0,,,,,,,,6,1,1,5,5,7,7,5,3,1,43.0,66.0,33.0,37.0,100.0,3.0,3.0,3.0,100.0,100.0,1,2,1,1,1,1,2,1,2,1,1,2,2,1,2,1,1,1,1,2,1,2,2,2,2,2,2,2,1,2,2,2,1,1,1,1,2,2,2,2,,1.0,26,1.0,145,,8.0,4.0,2.0,1.0,1.0,1.0,2.0,2.0,1.0,1.0,2.0,1.0,30.0,,,,,1.0,,,,,,,,
930,4,4,4,5,3,4,5,5,5,4,30.0,5.0,,,,3.0,,,2.0,300,,,,,,1.0,,,1.0,1.0,1.0,1.0,2.0,2.0,6,1,3,5,1,7,5,5,3,1,60.0,38.0,36.0,44.0,22.0,61.0,99.0,58.0,85.0,55.0,2,1,1,1,2,2,1,1,1,2,2,2,2,1,1,1,1,1,1,1,1,1,1,2,2,2,1,1,1,2,1,1,2,2,2,2,2,2,1,2,,1.0,40,,,10,,5.0,,,,,,,,,,,,,4.0,4.0,6.0,2.0,2.0,3.0,2.0,2.0,,,,
931,2,3,3,2,4,2,4,4,4,4,82.0,4.0,,,,,2.0,55,1.0,1300,,,,5,2.0,,,3.0,1.0,1.0,2.0,1.0,1.0,2.0,6,1,2,2,2,5,6,6,1,2,52.0,44.0,26.0,65.0,80.0,40.0,80.0,77.0,60.0,63.0,2,2,2,1,2,2,2,1,2,2,1,2,2,2,2,2,2,2,2,2,1,2,2,2,1,2,1,2,2,2,2,2,2,1,1,2,2,2,2,2,6.0,,,,,,,,,,,,,,,,,,,,3.0,2.0,3.0,,2.0,2.0,3.0,3.0,,,,1.0
932,4,3,5,5,5,5,5,4,2,4,,4.0,1.0,3.0,5.0,5.0,,,1.0,1743,1.0,5.0,3.0,15,,,,,,,,,,,6,2,3,3,2,5,7,6,4,1,50.0,12.0,29.0,75.0,87.0,44.0,61.0,25.0,66.0,72.0,2,1,1,2,2,1,1,2,1,2,1,1,2,2,2,2,1,1,2,1,1,1,1,1,1,1,2,1,2,2,2,2,1,2,1,1,1,2,2,1,,1.0,40,,,,4.0,5.0,1.0,1.0,1.0,1.0,2.0,1.0,1.0,2.0,2.0,1.0,34.0,,,,,1.0,1.0,,,,,,,
933,3,2,1,3,3,1,4,5,5,3,85.0,4.0,,,,,,,1.0,1100,,,,20,1.0,,1.0,6.0,,,,,,,7,1,2,2,1,7,7,7,3,1,15.0,0.0,0.0,29.0,39.0,15.0,77.0,83.0,85.0,0.0,2,1,2,2,1,2,2,2,2,2,2,2,2,1,2,1,1,1,2,2,2,2,1,2,2,2,2,2,1,1,1,2,2,2,2,1,1,2,1,2,6.0,1.0,35,,,,5.0,,1.0,1.0,2.0,2.0,2.0,1.0,2.0,2.0,2.0,2.0,,,,,,,,4.0,4.0,2.0,1.0,5.0,6.0,
934,5,5,5,5,5,5,5,5,2,5,,,,,,6.0,2.0,45,2.0,300,,,,15,,,2.0,,,,,,,,7,1,4,7,3,7,6,6,3,1,75.0,50.0,75.0,80.0,80.0,50.0,90.0,85.0,65.0,75.0,1,2,2,1,2,2,1,2,2,2,2,2,2,2,1,2,2,2,2,2,2,2,1,2,2,2,2,2,2,1,2,2,1,1,2,1,2,1,2,2,,,,,,,5.0,5.0,1.0,1.0,2.0,1.0,1.0,1.0,2.0,1.0,2.0,1.0,70.0,4.0,,,,2.0,,3.0,3.0,3.0,1.0,5.0,5.0,
935,4,4,4,5,4,3,5,5,4,4,,3.0,,,,,1.0,80,1.0,1300,4.0,4.0,4.0,,,2.0,2.0,,1.0,1.0,1.0,1.0,1.0,1.0,6,2,5,5,3,6,6,5,3,1,70.0,78.0,77.0,100.0,87.0,52.0,100.0,100.0,80.0,59.0,2,2,2,1,1,2,2,2,2,2,2,2,1,2,2,1,1,1,1,2,2,1,2,1,2,2,1,2,2,2,1,2,2,1,2,2,1,2,1,2,6.0,,,,,0,,4.0,,,,,,,,,,,70.0,,,,,2.0,,3.0,3.0,3.0,,,,
936,4,3,3,5,5,4,4,3,4,5,,,,,,3.0,,,,,1.0,2.0,4.0,,,,,,,,,,,,7,2,5,2,4,5,5,5,2,2,49.0,39.0,39.0,50.0,35.0,40.0,35.0,36.0,61.0,61.0,2,1,2,1,1,1,1,2,1,2,1,1,2,1,2,2,1,2,1,1,1,1,1,1,1,2,1,1,1,1,1,2,1,1,1,1,1,1,2,2,,1.0,15,1.0,125,10,,3.0,2.0,1.0,2.0,2.0,1.0,1.0,1.0,2.0,2.0,1.0,76.0,1.0,,,,2.0,1.0,4.0,4.0,3.0,,,,5.0
937,4,4,5,5,5,5,5,5,5,5,26.0,,3.0,3.0,3.0,5.0,2.0,32,,,,,,5,1.0,2.0,,2.0,,,,,,,7,3,5,5,2,5,5,3,3,1,42.0,72.0,28.0,66.0,68.0,33.0,86.0,27.0,95.0,33.0,1,1,2,2,1,1,2,1,2,1,1,1,2,2,1,2,2,1,2,1,2,1,1,2,1,1,1,1,1,1,1,2,2,1,2,1,1,1,1,1,,,,2.0,30,,,,2.0,2.0,1.0,2.0,1.0,1.0,2.0,2.0,2.0,1.0,,5.0,2.0,4.0,5.0,,2.0,,,,,,,
938,4,4,4,4,4,3,5,5,3,4,28.0,,,,,,,,1.0,1500,,,,10,2.0,3.0,1.0,,1.0,1.0,1.0,1.0,2.0,2.0,6,4,5,5,3,5,5,6,1,2,68.0,61.0,36.0,51.0,37.0,16.0,78.0,78.0,42.0,29.0,2,2,1,2,2,2,1,2,2,1,1,1,2,2,2,2,2,1,2,2,2,1,2,2,1,2,2,2,2,2,2,1,2,2,2,2,2,2,2,2,3.0,2.0,9,,,,,3.0,,,,,,,,,,,,2.0,2.0,4.0,3.0,,,5.0,5.0,2.0,,,,
939,2,4,3,4,5,4,5,5,4,5,,5.0,,,,3.0,1.0,120,,,,,,,,,,,1.0,1.0,1.0,2.0,1.0,2.0,7,1,3,3,3,6,7,7,1,2,30.0,20.0,40.0,50.0,35.0,15.0,85.0,95.0,85.0,90.0,1,1,2,1,1,2,1,2,1,2,2,2,2,2,2,2,1,1,2,2,2,2,2,2,1,2,2,1,1,2,2,1,2,2,1,2,1,1,2,2,,,,1.0,250,10,,6.0,,,,,,,,,,,95.0,,,,,2.0,1.0,2.0,4.0,1.0,4.0,5.0,4.0,1.0
940,5,2,3,5,1,5,3,5,3,1,,,,,,6.0,,,,,1.0,5.0,4.0,20,,,1.0,6.0,,,,,,,7,2,2,2,2,6,6,6,3,1,45.0,25.0,35.0,55.0,15.0,30.0,45.0,30.0,60.0,20.0,2,1,1,2,2,1,1,2,2,2,2,2,2,2,2,2,1,2,2,2,1,2,1,1,2,1,2,2,2,1,1,1,1,2,2,2,1,1,1,2,,2.0,7,1.0,300,,,,1.0,1.0,2.0,1.0,1.0,1.0,2.0,1.0,2.0,1.0,70.0,1.0,,,,1.0,,3.0,3.0,2.0,,,,1.0
941,5,5,5,5,5,5,5,5,3,5,50.0,5.0,,,,6.0,,,,,,,,,,,1.0,,1.0,1.0,2.0,1.0,1.0,2.0,6,2,4,4,5,7,7,6,3,2,80.0,50.0,85.0,95.0,95.0,50.0,100.0,100.0,90.0,85.0,2,2,2,1,1,2,2,1,1,2,2,1,1,2,2,1,1,1,2,1,2,1,1,1,1,1,1,2,1,2,2,2,2,1,2,1,2,1,2,2,,2.0,6,1.0,250,0,3.0,6.0,,,,,,,,,,,,,,,,1.0,,5.0,6.0,5.0,5.0,5.0,4.0,
942,4,3,4,5,5,5,5,5,2,5,70.0,,,,,6.0,2.0,40,,,,,,19,,,1.0,,1.0,1.0,1.0,2.0,1.0,1.0,7,2,3,3,5,7,7,7,3,1,40.0,30.0,40.0,55.0,60.0,45.0,35.0,95.0,60.0,55.0,1,2,1,2,1,2,2,2,2,2,2,2,2,2,1,1,1,2,2,2,2,2,2,2,2,2,1,2,2,1,1,2,1,1,2,2,2,2,2,2,,,,1.0,300,,6.0,5.0,,,,,,,,,,,,4.0,4.0,5.0,6.0,2.0,,3.0,3.0,3.0,,,,
943,5,5,5,5,5,5,5,5,2,1,70.0,,2.0,3.0,6.0,,2.0,60,,,,,,10,,,1.0,,,,,,,,7,4,2,2,1,5,6,6,3,1,45.0,50.0,50.0,75.0,90.0,80.0,90.0,95.0,65.0,15.0,1,2,1,1,1,1,1,2,2,2,2,2,1,1,2,2,1,1,1,1,2,2,2,1,1,1,2,2,1,2,2,2,2,1,2,1,1,1,2,1,5.0,,,1.0,150,,3.0,5.0,1.0,1.0,1.0,2.0,2.0,1.0,1.0,1.0,2.0,1.0,,2.0,,,,1.0,,,,,2.0,5.0,6.0,
944,1,3,1,5,5,1,1,1,5,3,,,,,,6.0,2.0,25,,,,,,,,,1.0,,,,,,,,5,1,7,6,2,5,2,2,1,1,1.0,10.0,1.0,95.0,95.0,10.0,50.0,10.0,85.0,50.0,2,1,2,2,2,1,1,1,2,2,2,2,2,1,2,2,1,2,2,2,1,1,1,2,1,2,2,2,2,2,1,2,1,2,2,2,2,2,1,2,,,,1.0,200,0,,1.0,1.0,1.0,1.0,1.0,1.0,1.0,1.0,1.0,1.0,1.0,70.0,2.0,,,,1.0,,3.0,3.0,3.0,1.0,5.0,6.0,1.0
945,3,5,4,5,3,5,5,5,1,3,30.0,,,,,7.0,,,,,,,,15,,,,6.0,,,,,,,6,2,2,2,3,5,7,6,4,1,18.0,12.0,3.0,27.0,18.0,37.0,17.0,59.0,36.0,24.0,2,2,2,2,1,1,2,2,1,2,2,2,2,2,1,2,2,2,2,2,2,2,2,2,1,2,1,2,2,1,2,2,2,2,2,2,2,1,2,2,,2.0,8,1.0,115,,6.0,,1.0,1.0,1.0,1.0,1.0,1.0,1.0,1.0,1.0,1.0,,2.0,2.0,4.0,5.0,1.0,2.0,3.0,1.0,3.0,,,,
946,4,3,4,3,4,5,4,4,3,4,30.0,,3.0,4.0,3.0,6.0,,,2.0,450,,,,10,,,1.0,4.0,,,,,,,5,3,5,5,3,3,5,5,4,1,22.0,16.0,35.0,43.0,51.0,33.0,35.0,65.0,32.0,36.0,2,2,1,2,2,2,2,2,2,2,2,1,2,2,1,2,2,2,2,2,2,1,2,2,2,2,2,1,2,2,1,2,1,2,2,2,2,2,2,2,,1.0,13,,,,,,1.0,1.0,2.0,1.0,1.0,1.0,2.0,2.0,1.0,1.0,,3.0,,,,1.0,,,,,5.0,4.0,4.0,3.0
947,3,3,5,5,2,5,4,5,2,4,,2.0,,,,,2.0,10,1.0,1100,,,,3,,,1.0,5.0,,,,,,,6,3,4,4,3,5,6,5,3,1,36.0,36.0,41.0,55.0,33.0,61.0,68.0,50.0,44.0,44.0,2,2,2,2,2,2,1,1,2,1,1,1,2,1,2,1,2,2,2,2,2,1,2,1,1,2,1,2,2,1,1,1,1,1,1,1,1,2,2,2,5.0,,,,,,9.0,,1.0,1.0,1.0,1.0,1.0,1.0,1.0,1.0,1.0,1.0,90.0,,,,,1.0,,3.0,4.0,3.0,2.0,5.0,5.0,
948,2,4,2,2,4,1,5,5,5,4,40.0,4.0,4.0,2.0,4.0,,,,2.0,400,1.0,5.0,4.0,,,,1.0,,,,,,,,7,6,6,5,2,5,6,6,3,2,30.0,60.0,35.0,40.0,85.0,45.0,85.0,95.0,65.0,95.0,2,1,2,2,1,2,1,2,1,1,1,2,1,2,1,1,1,2,1,1,1,1,2,2,1,1,1,1,1,2,1,2,1,1,2,2,2,1,2,1,6.0,1.0,50,,,12,,3.0,1.0,1.0,2.0,1.0,1.0,2.0,1.0,1.0,2.0,1.0,,,,,,1.0,,,,,,,,3.0
949,4,2,3,3,5,3,4,4,4,4,,,,,,4.0,,,,,,,,15,,,1.0,4.0,1.0,2.0,1.0,1.0,2.0,1.0,6,2,5,4,3,6,6,6,3,2,41.0,8.0,47.0,44.0,77.0,52.0,59.0,94.0,58.0,66.0,2,2,1,2,1,1,1,1,2,2,2,2,1,2,1,1,1,2,1,2,2,1,2,1,2,1,2,2,1,1,1,1,2,2,1,2,2,2,1,2,,1.0,35,1.0,245,,,,,,,,,,,,,,61.0,3.0,5.0,4.0,4.0,1.0,,4.0,4.0,3.0,,,,3.0
950,4,4,4,3,3,4,4,3,4,4,80.0,5.0,4.0,2.0,2.0,3.0,2.0,48,,,4.0,2.0,5.0,,2.0,6.0,1.0,,,,,,,,6,3,5,5,5,6,5,5,3,1,70.0,60.0,49.0,60.0,53.0,36.0,69.0,53.0,80.0,51.0,2,2,1,2,1,2,1,2,1,1,1,2,1,1,2,1,1,2,2,1,2,2,2,2,1,2,1,2,1,2,1,2,1,1,1,2,2,1,1,2,,,,1.0,110,11,,4.0,1.0,1.0,1.0,2.0,2.0,2.0,1.0,1.0,1.0,2.0,,,,,,,,,,,,,,
951,2,4,3,2,4,4,5,4,4,4,30.0,5.0,5.0,3.0,2.0,6.0,,,,,,,,,2.0,,,5.0,,,,,,,6,3,6,4,5,5,5,3,1,1,30.0,30.0,20.0,45.0,70.0,50.0,75.0,75.0,60.0,70.0,2,1,2,2,2,2,1,1,2,1,2,2,2,1,2,1,1,1,1,1,1,1,2,2,1,1,1,1,1,1,2,1,1,2,2,2,1,1,1,1,,1.0,50,1.0,300,15,9.0,,1.0,1.0,1.0,1.0,1.0,1.0,1.0,1.0,1.0,1.0,,,4.0,5.0,6.0,,1.0,,,,,,,
952,4,4,4,5,5,4,5,4,3,5,,5.0,3.0,3.0,3.0,6.0,,,,,,,,,,,,,,,,,,,7,1,3,4,4,6,6,5,2,2,60.0,30.0,30.0,50.0,50.0,30.0,60.0,60.0,40.0,70.0,2,2,1,1,2,2,2,1,2,1,2,2,1,2,2,1,1,2,1,1,2,2,2,2,2,1,2,2,2,1,1,2,2,1,2,2,2,1,2,1,,1.0,54,1.0,100,15,7.0,4.0,1.0,1.0,2.0,1.0,1.0,1.0,2.0,2.0,1.0,2.0,20.0,,,,,1.0,1.0,,,,3.0,5.0,5.0,
953,1,1,1,1,3,2,1,1,5,4,,,,,,5.0,2.0,45,,,1.0,4.0,3.0,20,,,,,1.0,1.0,1.0,1.0,2.0,2.0,7,1,6,6,5,7,4,3,1,1,57.0,54.0,63.0,60.0,72.0,55.0,51.0,76.0,47.0,58.0,1,1,2,2,1,2,2,2,2,2,1,2,2,2,2,1,2,2,2,1,1,1,2,2,2,2,2,2,2,2,2,2,2,2,2,2,2,1,2,1,,,,1.0,250,,,1.0,,,,,,,,,,,98.0,2.0,,,,1.0,2.0,5.0,5.0,3.0,,,,4.0
954,4,4,2,2,4,5,5,2,4,4,81.0,,,,,6.0,,,,,,,,,,2.0,1.0,4.0,1.0,2.0,2.0,1.0,1.0,2.0,5,1,1,5,5,6,5,5,1,2,62.0,60.0,62.0,32.0,66.0,64.0,83.0,49.0,55.0,65.0,1,1,1,1,2,2,1,2,2,1,1,1,1,1,2,2,2,1,2,1,2,2,2,2,1,2,1,2,2,2,2,1,2,2,2,1,2,2,2,2,,2.0,8,1.0,100,15,,,,,,,,,,,,,,2.0,4.0,4.0,5.0,2.0,,3.0,3.0,2.0,,,,
955,1,3,3,1,4,1,3,1,5,5,,,3.0,3.0,3.0,7.0,,,,,,,,,2.0,1.0,,,,,,,,,7,2,5,5,1,7,7,7,1,2,30.0,30.0,30.0,30.0,60.0,30.0,40.0,50.0,75.0,75.0,1,1,1,2,1,2,2,2,2,1,1,2,2,1,2,2,2,2,2,2,2,2,1,2,2,2,1,2,1,1,2,1,2,2,2,2,1,2,2,2,,1.0,40,1.0,90,0,,1.0,1.0,1.0,1.0,1.0,1.0,1.0,1.0,2.0,2.0,2.0,70.0,2.0,,,,,2.0,,,,1.0,5.0,3.0,
956,4,4,5,5,5,4,5,5,3,2,30.0,,5.0,2.0,3.0,6.0,,,,,,,,16,2.0,,,6.0,1.0,1.0,2.0,1.0,2.0,1.0,6,2,5,3,5,6,7,7,3,1,32.0,21.0,22.0,26.0,29.0,26.0,26.0,35.0,49.0,32.0,2,1,2,1,2,1,1,2,2,2,2,1,1,2,1,2,2,1,2,1,1,2,1,1,2,1,1,2,1,1,2,2,2,2,2,1,2,1,2,2,,1.0,30,1.0,120,,8.0,,,,,,,,,,,,,3.0,4.0,5.0,3.0,,1.0,,,,,,,
957,3,4,4,5,5,3,5,5,3,3,30.0,3.0,3.0,3.0,3.0,4.0,,,,,1.0,3.0,4.0,15,,1.0,,,,,,,,,6,1,4,3,3,5,7,5,1,2,50.0,84.0,75.0,50.0,50.0,50.0,100.0,78.0,71.0,51.0,2,1,1,1,2,1,1,1,1,2,2,2,2,1,1,2,1,2,2,2,2,1,1,1,1,2,1,2,2,2,2,2,1,2,2,2,1,2,2,1,,1.0,40,1.0,100,,,4.0,1.0,1.0,1.0,2.0,1.0,1.0,1.0,2.0,1.0,2.0,,,,,,1.0,2.0,,,,,,,
958,5,4,5,5,5,5,5,5,3,3,,,,,,,,,,,,,,,1.0,2.0,,,1.0,1.0,1.0,1.0,1.0,1.0,7,2,6,6,2,6,6,7,3,1,50.0,50.0,45.0,65.0,65.0,70.0,70.0,99.0,30.0,50.0,2,2,1,2,2,1,2,2,2,1,2,2,2,2,2,1,1,1,1,2,2,2,2,1,1,2,2,1,1,2,2,2,2,2,2,1,2,2,2,2,6.0,1.0,50,1.0,300,15,,4.0,,,,,,,,,,,70.0,4.0,,,,,1.0,4.0,4.0,3.0,4.0,4.0,5.0,
959,4,3,2,4,3,4,2,4,2,3,,,3.0,2.0,5.0,,2.0,45,1.0,1055,,,,12,2.0,,,,,,,,,,5,3,2,6,3,5,5,4,4,1,10.0,40.0,38.0,17.0,32.0,30.0,41.0,2.0,17.0,8.0,1,1,1,2,2,2,1,1,2,2,2,2,1,2,1,2,2,1,2,1,2,2,1,1,1,2,1,1,1,1,1,2,2,1,1,2,1,1,1,1,6.0,,,,,,,4.0,1.0,1.0,2.0,2.0,1.0,1.0,1.0,2.0,1.0,1.0,49.0,4.0,,,,,2.0,,,,4.0,3.0,4.0,4.0
960,5,5,5,5,5,5,5,5,1,4,30.0,4.0,3.0,4.0,4.0,6.0,,,2.0,600,,,,,2.0,,2.0,,1.0,1.0,1.0,2.0,2.0,2.0,7,1,1,3,5,6,6,6,3,2,41.0,36.0,40.0,31.0,53.0,42.0,57.0,58.0,39.0,66.0,1,1,1,1,1,1,1,1,2,1,1,1,2,1,1,2,1,1,2,1,1,1,1,1,2,2,1,1,1,2,1,1,1,1,1,1,1,1,1,1,,2.0,9,,,10,10.0,5.0,,,,,,,,,,,,,,,,,,,,,4.0,5.0,4.0,
961,3,4,5,4,4,5,5,4,3,4,,4.0,3.0,2.0,4.0,4.0,,,,,1.0,5.0,5.0,20,2.0,2.0,2.0,4.0,1.0,1.0,2.0,1.0,2.0,1.0,6,2,4,5,2,5,4,5,3,1,42.0,30.0,35.0,40.0,41.0,30.0,60.0,70.0,75.0,40.0,1,2,1,1,2,1,2,1,1,1,2,2,1,1,1,1,1,1,2,1,2,2,2,1,2,1,2,1,1,2,1,2,2,1,1,2,1,2,1,2,,2.0,10,1.0,279,,,,,,,,,,,,,,70.0,,,,,,,,,,,,,
962,5,5,5,5,3,5,5,5,1,5,77.0,1.0,4.0,4.0,2.0,7.0,2.0,20,,,,,,,,,,,1.0,1.0,1.0,2.0,1.0,1.0,6,2,5,6,2,5,6,4,3,1,63.0,56.0,50.0,71.0,29.0,55.0,90.0,44.0,46.0,81.0,1,1,1,1,2,2,2,1,2,2,2,2,2,2,2,2,2,2,2,2,2,2,1,2,1,2,2,2,2,2,2,1,1,2,2,2,1,2,2,2,,,,1.0,100,5,4.0,6.0,,,,,,,,,,,,,,,,1.0,2.0,,,,5.0,4.0,6.0,
963,4,3,4,5,5,4,4,5,3,3,,,3.0,3.0,3.0,,2.0,29,1.0,1040,,,,,,,2.0,2.0,1.0,1.0,1.0,1.0,1.0,1.0,7,4,5,5,5,5,5,5,3,1,51.0,39.0,56.0,91.0,63.0,35.0,67.0,95.0,51.0,64.0,1,1,2,2,1,2,2,1,1,2,1,2,2,1,2,2,1,1,1,1,1,1,1,1,1,1,2,1,2,2,1,1,2,2,1,1,1,2,2,2,5.0,,,,,5,7.0,,,,,,,,,,,,60.0,5.0,,,,1.0,,,,,5.0,4.0,3.0,
964,1,1,3,1,1,1,5,5,5,2,29.0,,,,,7.0,2.0,40,,,,,,,,2.0,1.0,6.0,1.0,1.0,1.0,1.0,1.0,1.0,6,5,5,1,2,2,7,6,1,1,14.0,32.0,42.0,34.0,57.0,64.0,89.0,83.0,54.0,29.0,2,2,1,2,1,2,2,1,1,1,1,2,2,2,2,2,2,2,2,2,2,2,1,2,1,2,2,1,2,2,2,2,1,1,2,2,1,2,2,2,,,,1.0,120,20,,,,,,,,,,,,,,1.0,1.0,5.0,6.0,1.0,,2.0,4.0,4.0,,,,
965,5,5,4,5,5,5,5,5,3,5,25.0,3.0,3.0,3.0,3.0,6.0,2.0,15,2.0,500,2.0,5.0,2.0,,,8.0,1.0,,1.0,1.0,1.0,2.0,2.0,1.0,5,2,2,2,3,6,7,7,3,2,50.0,50.0,45.0,75.0,75.0,45.0,80.0,75.0,40.0,75.0,1,2,2,2,1,2,2,1,1,2,1,1,1,1,1,2,2,1,2,2,2,2,2,2,1,1,2,1,2,1,1,1,2,2,2,2,1,1,1,2,,,,,,5,,6.0,,,,,,,,,,,,,,,,1.0,,,,,,,,
966,2,3,2,4,4,4,3,2,5,4,75.0,,3.0,2.0,1.0,6.0,2.0,50,,,,,,15,,,1.0,2.0,,,,,,,6,2,4,5,2,6,7,4,2,2,20.0,25.0,29.0,15.0,32.0,31.0,51.0,25.0,70.0,57.0,1,1,2,2,1,1,2,2,1,2,2,1,1,2,1,1,1,2,2,1,1,1,1,2,1,1,1,1,2,1,1,2,2,1,2,2,1,2,2,1,,,,1.0,150,,,,1.0,1.0,1.0,1.0,1.0,1.0,1.0,1.0,1.0,1.0,,2.0,,,,1.0,,,,,4.0,5.0,5.0,4.0
967,1,3,1,1,4,2,1,1,4,2,83.0,5.0,,,,,,,,,,,,8,,1.0,,,1.0,1.0,2.0,1.0,2.0,1.0,6,2,5,5,2,7,4,3,2,2,45.0,40.0,60.0,60.0,65.0,45.0,55.0,40.0,65.0,45.0,2,1,2,2,2,1,2,2,2,1,1,2,2,1,1,2,2,1,2,2,2,1,2,2,1,1,1,1,2,1,1,1,1,1,1,2,2,1,1,2,6.0,1.0,48,1.0,300,,,3.0,,,,,,,,,,,,,2.0,5.0,6.0,1.0,2.0,3.0,4.0,2.0,,,,
968,5,5,5,5,3,4,5,3,2,3,,2.0,4.0,3.0,5.0,,2.0,54,1.0,1100,1.0,5.0,6.0,,2.0,2.0,1.0,6.0,,,,,,,6,3,2,2,2,5,6,5,4,1,65.0,50.0,85.0,76.0,50.0,40.0,90.0,50.0,60.0,50.0,2,1,1,1,2,2,2,2,1,2,1,2,2,2,1,1,2,1,1,2,2,2,1,2,2,2,2,1,2,2,2,1,2,1,2,2,2,2,1,2,3.0,,,,,20,,,1.0,1.0,1.0,1.0,1.0,1.0,1.0,1.0,1.0,1.0,70.0,,,,,,,,,,,,,
969,1,1,1,3,3,1,3,2,5,5,30.0,3.0,3.0,3.0,3.0,6.0,,,2.0,300,,,,5,2.0,3.0,2.0,4.0,,,,,,,6,1,1,1,4,6,7,7,2,2,40.0,40.0,30.0,25.0,25.0,22.0,57.0,62.0,38.0,7.0,2,2,2,2,2,2,2,2,2,2,2,2,2,2,2,2,2,2,2,2,2,1,2,2,2,2,2,1,2,2,2,2,2,2,1,2,2,2,2,2,,1.0,49,,,,,,1.0,1.0,2.0,1.0,2.0,2.0,1.0,2.0,2.0,1.0,,,,,,,,,,,3.0,4.0,5.0,
970,5,5,5,5,3,5,5,5,2,2,100.0,6.0,,,,6.0,,,2.0,200,,,,,,,,,1.0,1.0,2.0,1.0,2.0,1.0,6,1,3,2,2,6,6,6,4,2,70.0,40.0,20.0,30.0,20.0,30.0,60.0,70.0,80.0,30.0,1,2,1,1,2,1,1,1,2,1,1,2,2,1,1,1,1,2,2,1,1,2,1,1,1,1,1,1,2,1,1,1,2,1,1,2,1,2,1,1,,1.0,15,,,0,6.0,6.0,,,,,,,,,,,,,,,,2.0,1.0,4.0,5.0,2.0,1.0,5.0,6.0,
971,5,5,5,2,5,5,5,5,2,3,30.0,2.0,4.0,4.0,4.0,6.0,,,,,5.0,5.0,6.0,,2.0,,,,1.0,1.0,1.0,1.0,1.0,1.0,7,1,5,5,2,6,5,5,4,1,41.0,30.0,31.0,44.0,57.0,22.0,76.0,60.0,73.0,64.0,1,2,1,2,2,1,2,2,2,2,1,2,2,2,1,2,2,1,2,1,1,1,2,1,1,2,2,2,2,2,2,1,2,2,2,2,1,1,2,1,,1.0,15,1.0,95,20,,5.0,,,,,,,,,,,,,,,,,1.0,,,,,,,3.0
972,2,2,1,1,2,3,1,1,4,2,,,,,,6.0,,,,,5.0,1.0,5.0,19,2.0,,,5.0,1.0,1.0,1.0,1.0,1.0,1.0,6,3,7,7,5,6,3,2,3,1,39.0,22.0,10.0,10.0,24.0,25.0,25.0,10.0,71.0,40.0,2,1,1,2,2,2,2,1,1,1,1,1,2,1,1,1,2,1,2,2,1,1,1,2,1,2,2,2,2,2,2,1,1,1,1,2,2,2,1,1,,1.0,57,1.0,157,,,,,,,,,,,,,,95.0,2.0,,,,,2.0,4.0,3.0,2.0,,,,4.0
973,4,4,4,5,5,4,5,4,5,5,,,3.0,4.0,3.0,7.0,1.0,193,,,2.0,4.0,5.0,,,,2.0,6.0,1.0,1.0,2.0,1.0,1.0,1.0,6,6,2,6,2,5,6,5,4,2,61.0,71.0,71.0,83.0,85.0,73.0,84.0,95.0,84.0,88.0,1,1,1,2,2,1,1,1,1,1,1,1,1,1,1,2,1,2,1,1,1,2,2,1,2,1,1,1,1,1,1,1,1,1,1,2,1,1,2,1,,,,1.0,94,15,,,,,,,,,,,,,31.0,1.0,,,,1.0,,,,,,,,3.0
974,5,3,5,4,5,4,5,5,2,3,,,,,,6.0,2.0,54,2.0,300,,,,,2.0,2.0,1.0,,1.0,1.0,2.0,1.0,2.0,1.0,6,1,2,4,2,6,7,5,3,1,56.0,51.0,66.0,71.0,70.0,51.0,70.0,64.0,39.0,51.0,1,2,1,1,2,1,1,2,2,2,2,2,2,1,2,1,1,1,2,1,2,1,2,2,2,2,2,2,2,1,2,2,2,2,2,2,2,1,1,2,,,,,,5,,4.0,,,,,,,,,,,70.0,3.0,,,,,,3.0,3.0,2.0,1.0,5.0,6.0,
975,5,4,5,5,3,5,2,5,3,4,30.0,3.0,4.0,3.0,2.0,5.0,,,1.0,2000,4.0,4.0,2.0,16,,,2.0,,,,,,,,6,2,5,6,2,5,6,6,4,1,70.0,60.0,80.0,85.0,85.0,70.0,75.0,90.0,35.0,90.0,1,1,1,1,2,1,2,2,1,1,2,2,2,1,1,2,1,1,1,2,2,2,2,1,2,1,2,1,1,1,1,2,1,1,1,2,1,1,1,2,,1.0,40,,,,3.0,3.0,1.0,1.0,1.0,1.0,1.0,1.0,1.0,1.0,1.0,1.0,,,,,,1.0,,,,,,,,
976,4,4,2,5,5,4,5,2,4,5,,4.0,,,,,,,2.0,400,,,,20,,1.0,,,,,,,,,6,3,5,2,5,6,4,5,1,2,50.0,70.0,40.0,85.0,80.0,19.0,90.0,60.0,22.0,84.0,1,1,2,2,1,1,1,1,2,1,2,1,2,1,1,1,1,2,2,1,1,2,1,2,1,2,1,1,1,1,2,1,1,2,1,1,1,1,1,2,3.0,1.0,52,,,,,4.0,1.0,1.0,1.0,1.0,1.0,1.0,1.0,1.0,1.0,1.0,50.0,,5.0,4.0,6.0,2.0,2.0,2.0,5.0,1.0,,,,
977,4,4,5,5,5,5,3,1,2,4,,5.0,,,,6.0,1.0,54,1.0,3000,4.0,5.0,6.0,15,,,,,,,,,,,6,3,5,5,1,3,7,7,1,2,50.0,45.0,75.0,45.0,65.0,50.0,85.0,85.0,55.0,70.0,2,2,1,1,1,1,1,1,1,1,1,1,2,1,2,2,1,2,1,1,1,2,1,1,1,1,1,1,2,1,2,2,1,1,1,1,1,1,2,1,,,,,,,,4.0,1.0,2.0,1.0,1.0,1.0,2.0,1.0,1.0,1.0,2.0,95.0,,,,,1.0,1.0,5.0,1.0,3.0,,,,3.0
978,3,3,3,4,3,3,5,3,3,3,55.0,,,,,5.0,2.0,18,2.0,800,3.0,5.0,2.0,,,,,,1.0,1.0,1.0,2.0,2.0,1.0,5,2,4,4,1,3,5,4,4,2,36.0,45.0,52.0,28.0,54.0,38.0,70.0,42.0,50.0,50.0,2,1,1,1,1,1,2,1,1,1,1,1,1,2,2,2,2,1,1,1,2,2,1,2,1,2,2,1,1,2,2,1,2,1,2,2,1,2,2,2,,,,,,0,,3.0,,,,,,,,,,,,4.0,,,,1.0,2.0,4.0,2.0,2.0,,,,2.0
979,4,5,3,5,4,4,5,5,4,4,30.0,4.0,3.0,1.0,4.0,7.0,,,2.0,350,,,,,,,1.0,6.0,,,,,,,5,1,2,2,3,5,7,7,3,2,60.0,75.0,50.0,80.0,70.0,35.0,65.0,80.0,40.0,75.0,2,1,2,1,1,1,2,1,1,1,2,2,2,1,2,1,2,1,1,2,1,1,2,2,2,1,1,1,1,2,2,1,2,2,2,1,1,2,2,1,,1.0,25,,,0,3.0,,1.0,2.0,1.0,1.0,1.0,1.0,2.0,1.0,2.0,1.0,,,,,,1.0,,,,,2.0,5.0,6.0,
980,1,3,1,1,1,1,5,1,5,5,29.0,,,,,,2.0,53,,,,,,,,1.0,1.0,1.0,1.0,1.0,1.0,1.0,2.0,2.0,7,1,1,1,2,7,7,7,1,2,27.0,16.0,11.0,19.0,40.0,13.0,54.0,32.0,41.0,50.0,2,2,2,1,2,2,2,1,2,2,2,2,2,2,2,2,2,2,2,1,2,2,2,2,2,2,2,2,2,2,2,2,2,1,2,1,2,2,2,2,5.0,,,1.0,250,0,,,,,,,,,,,,,,5.0,3.0,2.0,2.0,1.0,,3.0,3.0,3.0,,,,
981,1,3,4,5,4,5,5,5,4,5,70.0,5.0,,,,7.0,2.0,55,,,3.0,1.0,6.0,,,,1.0,,,,,,,,5,1,1,4,2,7,6,4,4,1,10.0,50.0,75.0,91.0,90.0,90.0,100.0,100.0,90.0,100.0,2,1,2,2,1,2,2,2,2,2,1,1,2,1,1,1,2,2,2,2,1,2,2,2,1,1,2,1,2,2,2,1,1,1,1,1,1,1,2,2,,,,1.0,85,15,,5.0,1.0,1.0,2.0,1.0,2.0,1.0,1.0,1.0,2.0,2.0,,,,,,2.0,,3.0,4.0,4.0,,,,2.0
982,2,3,2,4,4,3,3,5,3,4,,4.0,2.0,4.0,3.0,6.0,,,,,,,,,,2.0,1.0,3.0,,,,,,,6,3,4,5,3,3,5,5,2,1,25.0,34.0,19.0,37.0,43.0,36.0,42.0,91.0,46.0,77.0,2,1,1,2,2,1,2,2,2,2,2,2,2,2,1,2,2,2,1,2,1,1,1,1,1,1,2,1,2,1,2,1,2,2,2,2,1,2,1,2,,1.0,35,1.0,200,0,,,2.0,2.0,2.0,2.0,2.0,2.0,2.0,2.0,2.0,2.0,70.0,,,,,1.0,,,,,4.0,2.0,2.0,
983,5,4,4,5,5,4,4,5,4,4,76.0,2.0,,,,,,,,,,,,,,,,,1.0,1.0,1.0,2.0,2.0,2.0,6,4,4,4,1,4,5,5,2,1,75.0,89.0,73.0,60.0,73.0,69.0,60.0,56.0,70.0,57.0,1,1,1,1,1,1,1,1,1,2,1,1,1,2,1,1,1,1,1,1,1,1,2,1,1,1,2,1,1,1,1,1,1,2,1,1,1,1,1,1,1.0,1.0,54,1.0,116,20,2.0,5.0,,,,,,,,,,,,,3.0,3.0,5.0,1.0,2.0,3.0,3.0,3.0,,,,
984,5,5,5,5,5,5,5,3,1,4,,5.0,,,,6.0,2.0,10,,,,,,,2.0,,,5.0,,,,,,,7,2,2,2,2,5,7,7,3,1,45.0,20.0,25.0,55.0,60.0,30.0,70.0,10.0,75.0,60.0,2,2,1,2,2,1,1,1,2,2,2,2,2,2,2,2,1,1,2,1,2,2,2,2,2,1,2,2,1,1,1,2,2,2,2,2,2,2,2,2,,,,1.0,150,10,,,1.0,1.0,1.0,1.0,1.0,1.0,1.0,1.0,1.0,1.0,95.0,,5.0,5.0,6.0,,1.0,5.0,5.0,2.0,,,,2.0
985,4,3,4,2,4,2,3,5,5,2,,5.0,,,,6.0,,,2.0,400,,,,15,,,,,1.0,1.0,2.0,1.0,1.0,2.0,5,1,3,5,2,2,3,5,3,1,52.0,38.0,67.0,71.0,62.0,24.0,52.0,79.0,91.0,42.0,2,2,2,2,2,2,1,2,2,1,2,2,2,2,1,2,1,1,2,2,2,2,1,2,2,1,2,1,2,2,2,1,2,2,2,2,2,2,2,2,,2.0,7,,,,9.0,5.0,,,,,,,,,,,75.0,,1.0,2.0,2.0,1.0,2.0,3.0,3.0,3.0,,,,
986,1,4,1,5,5,5,5,3,2,5,,4.0,2.0,3.0,3.0,4.0,2.0,54,,,,,,,,2.0,,6.0,1.0,1.0,1.0,1.0,1.0,1.0,4,1,4,4,1,3,5,4,1,2,20.0,70.0,14.0,85.0,87.0,29.0,89.0,71.0,82.0,95.0,1,2,2,2,1,2,2,2,2,1,1,2,1,2,1,2,2,2,1,2,2,1,1,2,1,2,1,2,1,2,1,1,2,1,1,2,1,2,2,2,,,,1.0,120,15,,,,,,,,,,,,,70.0,,3.0,4.0,2.0,1.0,1.0,,,,,,,
987,5,5,4,5,2,1,3,1,4,5,,,5.0,1.0,1.0,7.0,,,2.0,460,,,,10,,6.0,2.0,4.0,,,,,,,7,5,4,7,1,6,6,5,2,1,100.0,91.0,95.0,80.0,38.0,15.0,34.0,2.0,67.0,91.0,2,1,1,2,2,2,1,2,2,1,1,1,1,1,1,2,1,1,1,1,1,1,2,2,2,2,1,1,1,1,1,1,2,2,1,1,1,2,2,1,,1.0,45,,,,,,1.0,2.0,1.0,1.0,1.0,1.0,1.0,2.0,1.0,2.0,100.0,5.0,,,,1.0,,,,,5.0,1.0,2.0,
988,4,4,4,4,4,4,5,5,4,4,10.0,5.0,,,,,2.0,35,,,3.0,5.0,6.0,,2.0,,,6.0,,,,,,,6,5,3,4,5,5,5,5,1,2,50.0,50.0,50.0,70.0,70.0,40.0,100.0,80.0,80.0,80.0,2,1,2,1,2,1,2,1,2,1,2,2,2,1,1,1,1,1,1,2,2,1,2,2,1,2,1,2,1,1,2,1,1,2,2,1,1,1,1,1,4.0,,,1.0,100,10,,,1.0,2.0,2.0,1.0,1.0,1.0,2.0,1.0,2.0,1.0,,,,,,,1.0,3.0,2.0,1.0,,,,3.0
989,4,5,5,5,5,5,4,5,5,5,,,,,,,2.0,47,1.0,2300,2.0,5.0,4.0,15,,,,5.0,1.0,2.0,1.0,2.0,2.0,1.0,7,5,3,3,2,3,6,6,2,1,40.0,69.0,40.0,83.0,83.0,86.0,92.0,98.0,98.0,100.0,1,2,1,2,2,1,2,1,2,2,1,2,2,1,2,1,1,2,1,2,2,1,1,1,2,1,1,1,2,1,2,1,1,1,1,1,1,2,1,1,6.0,,,,,,,,,,,,,,,,,,70.0,5.0,,,,1.0,1.0,5.0,5.0,2.0,,,,2.0
990,4,4,5,5,3,5,5,5,1,2,30.0,3.0,3.0,3.0,3.0,6.0,,,,,,,,,2.0,,1.0,5.0,1.0,1.0,1.0,1.0,1.0,1.0,6,2,4,3,3,5,6,7,3,1,32.0,40.0,53.0,68.0,47.0,65.0,60.0,68.0,49.0,50.0,2,2,1,2,2,1,2,2,2,2,2,2,1,2,2,2,1,1,2,2,1,2,1,2,2,2,2,2,2,1,2,2,1,2,2,2,1,1,2,1,,1.0,14,1.0,420,10,9.0,,,,,,,,,,,,,,,,,,,,,,1.0,5.0,6.0,
991,4,4,4,5,5,5,5,3,4,4,,3.0,3.0,3.0,4.0,,,,,,2.0,4.0,4.0,,,4.0,,,,,,,,,7,2,3,5,3,5,6,5,3,1,60.0,40.0,45.0,35.0,60.0,30.0,50.0,40.0,50.0,40.0,2,1,2,2,2,1,2,2,1,2,1,2,2,1,1,2,2,2,1,1,1,2,1,2,2,1,2,2,1,1,2,1,1,2,1,1,1,2,2,2,6.0,2.0,10,1.0,120,20,,3.0,1.0,1.0,1.0,1.0,1.0,1.0,1.0,1.0,1.0,1.0,70.0,,,,,1.0,1.0,,,,,,,
992,4,3,3,4,3,3,4,3,4,4,,5.0,,,,,2.0,54,2.0,379,2.0,4.0,6.0,,,,,,1.0,2.0,1.0,1.0,2.0,2.0,6,5,7,7,1,6,4,6,4,1,53.0,71.0,52.0,72.0,38.0,55.0,69.0,58.0,50.0,66.0,1,2,1,1,1,1,1,1,1,1,1,1,1,1,2,1,1,1,1,1,1,1,1,1,1,1,1,1,1,1,1,1,1,1,1,1,1,1,1,1,6.0,,,,,15,,4.0,,,,,,,,,,,82.0,,,,,1.0,2.0,5.0,5.0,2.0,,,,2.0
993,4,5,5,5,4,5,5,5,2,2,,,4.0,4.0,4.0,5.0,1.0,80,,,2.0,5.0,6.0,,2.0,1.0,1.0,4.0,1.0,1.0,1.0,1.0,1.0,1.0,6,5,6,6,2,5,6,7,2,1,45.0,50.0,50.0,56.0,59.0,53.0,61.0,50.0,50.0,45.0,2,1,2,1,1,2,2,2,2,1,2,2,2,2,2,2,2,1,2,2,2,2,2,1,2,1,2,1,2,1,2,2,1,2,2,1,1,2,1,2,,,,1.0,112,16,,,,,,,,,,,,,70.0,1.0,,,,,,,,,,,,
994,4,4,5,2,5,3,5,4,4,3,30.0,3.0,,,,,,,,,,,,,2.0,2.0,,,1.0,1.0,2.0,1.0,1.0,2.0,5,2,5,3,3,6,5,5,3,1,60.0,50.0,65.0,50.0,70.0,45.0,50.0,60.0,65.0,70.0,1,1,1,1,1,2,2,1,2,1,1,1,1,1,1,1,1,1,1,1,1,1,1,1,2,2,2,2,1,1,2,2,1,1,1,2,2,1,1,1,5.0,1.0,15,1.0,150,20,,6.0,,,,,,,,,,,,,,,,,2.0,3.0,4.0,3.0,1.0,5.0,6.0,
995,2,3,2,2,3,3,3,2,4,4,80.0,,3.0,4.0,4.0,6.0,,,2.0,780,,,,,1.0,,,,1.0,1.0,2.0,1.0,1.0,2.0,5,4,5,5,4,3,4,4,2,1,60.0,55.0,50.0,55.0,70.0,55.0,65.0,45.0,70.0,70.0,2,2,2,1,2,1,1,2,1,1,2,2,2,2,2,2,2,2,2,2,2,2,2,1,2,2,1,1,2,2,2,1,2,2,2,2,2,2,2,2,,2.0,10,,,5,,2.0,,,,,,,,,,,,3.0,2.0,2.0,3.0,,2.0,,,,,,,2.0
996,1,3,4,1,4,5,5,1,1,4,,,,,,5.0,2.0,40,2.0,750,5.0,5.0,6.0,20,1.0,3.0,2.0,,,,,,,,7,6,7,6,2,5,7,7,4,1,44.0,22.0,40.0,20.0,58.0,28.0,40.0,60.0,46.0,68.0,1,2,2,2,1,1,2,1,2,2,2,1,1,1,2,1,1,1,2,2,2,1,1,1,1,2,1,2,1,2,1,2,2,1,1,2,2,2,1,1,,,,,,,,4.0,1.0,1.0,1.0,1.0,1.0,1.0,1.0,1.0,1.0,1.0,70.0,3.0,,,,,,3.0,4.0,2.0,,,,
997,5,5,5,5,5,5,5,5,1,5,,3.0,,,,,,,1.0,200,2.0,2.0,4.0,,2.0,3.0,2.0,,1.0,1.0,1.0,1.0,1.0,1.0,5,3,5,5,5,7,6,7,3,1,77.0,87.0,88.0,88.0,88.0,83.0,86.0,74.0,12.0,83.0,2,2,1,1,2,2,1,2,2,1,1,1,1,1,1,2,2,2,1,1,1,1,2,2,1,2,2,1,1,1,1,1,1,1,1,1,1,2,2,1,5.0,1.0,90,,,10,,3.0,,,,,,,,,,,46.0,,,,,,,4.0,4.0,4.0,,,,
998,4,4,5,5,4,5,5,5,1,3,70.0,,3.0,3.0,3.0,,,,,,,,,,2.0,,2.0,4.0,1.0,1.0,2.0,2.0,1.0,1.0,6,4,5,5,3,5,6,6,3,2,70.0,50.0,81.0,70.0,55.0,85.0,85.0,95.0,30.0,50.0,2,1,2,2,1,1,1,1,1,2,2,2,1,1,1,1,1,1,2,1,1,2,2,1,1,1,1,1,1,2,1,2,1,1,1,2,1,2,2,1,6.0,1.0,17,1.0,150,5,,,,,,,,,,,,,,3.0,,,,,,,,,5.0,5.0,5.0,3.0
999,5,4,4,3,4,4,5,5,5,4,,3.0,4.0,5.0,4.0,,2.0,45,,,2.0,5.0,6.0,,2.0,,1.0,6.0,1.0,1.0,2.0,1.0,1.0,2.0,7,2,4,5,5,5,6,5,2,2,77.0,70.0,80.0,45.0,67.0,70.0,80.0,80.0,88.0,75.0,2,1,2,1,1,1,1,1,1,2,1,1,1,1,1,1,1,2,1,1,1,1,2,1,1,2,1,1,2,1,2,1,1,1,1,1,1,1,1,1,6.0,,,2.0,70,10,,,,,,,,,,,,,75.0,,,,,,,,,,,,,5.0
1000,1,1,1,5,5,3,5,3,3,1,30.0,,,,,7.0,,,,,,,,,2.0,,,4.0,1.0,1.0,1.0,1.0,1.0,1.0,7,1,7,4,2,5,5,5,1,1,29.0,19.0,26.0,100.0,27.0,50.0,100.0,38.0,49.0,0.0,2,1,2,2,1,2,2,1,2,1,1,2,1,2,2,1,2,1,1,2,2,2,2,2,2,2,2,2,2,2,2,1,2,1,1,2,2,2,2,2,,1.0,17,1.0,165,0,,,,,,,,,,,,,,6.0,3.0,3.0,1.0,,2.0,3.0,3.0,3.0,,,,1.0
1001,2,2,2,3,3,3,3,4,4,3,87.0,4.0,5.0,4.0,3.0,6.0,2.0,60,2.0,500,,,,,,,2.0,6.0,,,,,,,5,2,4,4,3,6,6,6,2,2,27.0,26.0,28.0,36.0,36.0,38.0,45.0,68.0,66.0,64.0,1,2,1,2,2,2,1,1,2,2,1,1,2,1,2,1,1,2,2,1,2,2,1,1,2,2,2,2,2,2,1,1,2,2,2,1,1,2,1,1,,,,,,13,,,1.0,2.0,1.0,1.0,1.0,2.0,1.0,2.0,1.0,1.0,,,,,,1.0,,,,,1.0,4.0,4.0,7.0
1002,2,3,4,3,4,4,3,2,4,4,30.0,,,,,6.0,2.0,32,,,2.0,5.0,6.0,,,1.0,1.0,,1.0,1.0,2.0,1.0,2.0,1.0,5,2,5,5,3,5,5,5,2,2,25.0,43.0,40.0,36.0,55.0,50.0,65.0,56.0,60.0,74.0,1,2,1,1,1,1,1,2,2,2,1,2,2,2,1,1,2,2,1,1,1,1,2,1,1,2,1,2,2,2,2,2,2,1,1,2,2,1,1,1,,,,1.0,100,6,,3.0,,,,,,,,,,,,2.0,,,,1.0,,3.0,2.0,2.0,,,,
1003,1,3,1,2,3,3,4,4,4,5,30.0,,2.0,2.0,2.0,,,,2.0,300,,,,19,2.0,1.0,1.0,,1.0,1.0,2.0,1.0,1.0,1.0,7,5,6,5,5,5,5,5,2,1,41.0,57.0,12.0,40.0,79.0,70.0,73.0,73.0,54.0,70.0,1,2,2,2,2,1,2,1,2,1,2,2,2,2,1,2,2,2,2,1,2,1,2,2,2,2,2,2,2,2,2,2,1,2,2,2,2,2,2,1,6.0,1.0,50,,,,,3.0,,,,,,,,,,,,2.0,3.0,5.0,6.0,,,,,,,,,
1004,4,3,3,1,3,5,2,1,2,5,,3.0,4.0,4.0,4.0,6.0,2.0,45,2.0,600,,,,,1.0,,,,,,,,,,7,2,4,6,3,5,4,2,4,1,60.0,30.0,50.0,35.0,50.0,45.0,55.0,26.0,60.0,60.0,1,2,2,1,2,1,2,1,1,1,1,2,1,1,2,1,1,1,2,1,2,2,2,1,2,1,2,1,2,1,1,1,2,1,2,2,2,1,2,1,,,,,,0,,4.0,1.0,1.0,1.0,1.0,1.0,2.0,2.0,1.0,1.0,2.0,70.0,,,,,,2.0,,,,3.0,4.0,6.0,3.0
1005,5,5,4,5,4,5,5,4,1,4,,,,,,,,,2.0,380,,,,18,2.0,,,,1.0,1.0,2.0,1.0,2.0,1.0,5,4,2,2,4,5,6,6,3,1,100.0,100.0,85.0,100.0,65.0,100.0,100.0,50.0,0.0,36.0,2,2,1,2,2,1,2,2,2,1,2,2,2,2,2,2,1,2,2,1,1,2,1,2,2,2,2,2,2,1,2,1,2,2,1,2,1,2,2,1,5.0,1.0,54,,,,8.0,5.0,,,,,,,,,,,75.0,3.0,,,,,2.0,3.0,4.0,3.0,3.0,4.0,5.0,
1006,2,3,1,2,3,1,2,2,5,1,60.0,,,,,5.0,2.0,35,2.0,600,,,,,,1.0,,2.0,1.0,1.0,1.0,1.0,2.0,2.0,6,1,4,4,2,6,5,5,2,2,60.0,10.0,10.0,40.0,10.0,10.0,40.0,80.0,80.0,10.0,1,2,2,2,2,2,2,2,2,2,2,2,2,2,2,2,2,2,1,1,2,2,2,2,1,2,2,2,2,2,1,2,2,2,2,2,2,2,2,2,,,,,,20,,,,,,,,,,,,,,2.0,,,,1.0,2.0,2.0,4.0,2.0,4.0,2.0,2.0,
1007,5,5,5,4,5,4,5,5,3,4,30.0,3.0,6.0,3.0,4.0,,2.0,30,2.0,400,,,,15,,,,6.0,,,,,,,6,1,4,6,5,7,5,2,1,1,45.0,95.0,70.0,80.0,100.0,84.0,100.0,100.0,50.0,92.0,1,2,2,1,2,2,1,2,1,2,1,2,1,2,2,2,1,2,1,2,1,1,1,2,1,1,1,2,1,1,1,2,2,1,1,2,2,2,1,1,6.0,,,,,,10.0,,1.0,1.0,1.0,1.0,2.0,2.0,2.0,2.0,2.0,2.0,,,,,,2.0,2.0,,,,3.0,5.0,6.0,
1008,5,4,4,5,4,5,3,5,3,1,,,3.0,3.0,3.0,5.0,2.0,50,,,,,,9,2.0,2.0,1.0,3.0,1.0,1.0,1.0,1.0,2.0,2.0,7,4,4,2,5,7,5,7,3,2,61.0,42.0,41.0,89.0,76.0,72.0,41.0,80.0,42.0,17.0,2,2,1,1,1,1,1,2,1,1,1,1,1,1,1,2,1,2,1,1,2,2,1,1,1,2,1,1,1,2,2,1,1,1,2,1,1,1,1,1,,,,1.0,120,,,,,,,,,,,,,,14.0,4.0,,,,,,,,,1.0,5.0,6.0,
1009,4,4,4,5,4,5,4,4,2,3,,,,,,,,,1.0,3000,,,,,,,,,1.0,1.0,1.0,1.0,1.0,1.0,5,2,6,6,2,6,5,5,4,1,60.0,55.0,65.0,60.0,55.0,50.0,65.0,60.0,55.0,50.0,2,2,1,2,1,2,2,2,2,2,2,2,1,2,1,2,1,1,1,1,2,1,1,1,1,2,2,2,2,2,1,2,1,1,2,2,2,2,2,2,7.0,2.0,8,,,16,3.0,3.0,,,,,,,,,,,85.0,4.0,,,,1.0,2.0,2.0,1.0,2.0,4.0,3.0,2.0,
1010,1,1,1,1,1,3,5,1,5,3,,4.0,4.0,4.0,4.0,,,,,,,,,,,,1.0,,1.0,1.0,1.0,1.0,1.0,1.0,5,2,2,2,3,6,7,7,1,1,10.0,10.0,10.0,10.0,10.0,10.0,80.0,10.0,70.0,20.0,2,2,1,2,2,2,1,2,1,2,2,1,2,2,2,1,2,2,2,2,1,2,2,2,2,2,2,2,1,2,2,1,2,2,2,2,2,2,2,2,3.0,2.0,0,1.0,100,0,10.0,6.0,,,,,,,,,,,70.0,,2.0,5.0,6.0,1.0,,,,,,,,
1011,1,5,1,1,4,5,5,5,4,5,38.0,,4.0,3.0,4.0,6.0,,,,,,,,,,,1.0,,,,,,,,7,1,6,2,1,6,2,5,1,1,91.0,82.0,12.0,8.0,83.0,95.0,70.0,91.0,69.0,81.0,2,2,2,2,2,2,2,2,2,1,2,2,2,1,2,2,2,1,1,2,2,2,1,2,1,2,2,1,1,1,2,2,2,1,1,2,2,2,1,1,,1.0,36,1.0,600,5,,1.0,1.0,1.0,1.0,1.0,1.0,1.0,2.0,1.0,2.0,1.0,,2.0,3.0,5.0,2.0,2.0,,,,,,,,1.0
1012,4,3,3,5,5,5,5,5,2,1,40.0,3.0,4.0,4.0,3.0,5.0,,,,,,,,18,1.0,,,,1.0,1.0,1.0,1.0,1.0,1.0,6,2,4,4,5,5,5,5,3,1,50.0,25.0,40.0,67.0,65.0,37.0,60.0,60.0,50.0,40.0,2,1,2,1,1,2,1,2,1,1,1,1,2,1,2,1,1,2,2,2,2,2,1,2,2,2,2,2,1,1,2,2,2,2,1,2,2,1,1,2,,2.0,5,1.0,300,,,5.0,,,,,,,,,,,,,5.0,4.0,3.0,,2.0,,,,,,,3.0
1013,2,4,5,5,5,5,5,5,1,2,40.0,3.0,,,,6.0,2.0,36,,,,,,20,,,,,,,,,,,6,2,4,3,3,5,5,5,3,2,30.0,20.0,50.0,30.0,60.0,41.0,80.0,36.0,44.0,50.0,2,2,2,1,2,1,2,2,2,2,2,2,2,2,2,1,2,2,2,1,2,2,1,2,1,1,1,2,2,1,2,1,2,2,2,2,1,1,2,2,,,,1.0,226,,6.0,6.0,1.0,1.0,1.0,1.0,1.0,1.0,1.0,1.0,1.0,1.0,,,2.0,5.0,6.0,2.0,1.0,4.0,5.0,3.0,,,,
1014,4,3,4,5,5,5,4,4,2,3,,5.0,3.0,3.0,3.0,,,,,,1.0,4.0,4.0,18,2.0,1.0,,,1.0,1.0,1.0,1.0,2.0,2.0,7,2,3,3,5,5,6,6,2,1,40.0,35.0,40.0,45.0,35.0,40.0,30.0,50.0,40.0,25.0,2,1,2,2,2,2,1,2,1,1,1,1,2,2,2,1,2,1,1,1,2,2,1,1,2,2,2,2,1,2,2,2,2,1,1,2,1,1,2,2,6.0,1.0,80,1.0,320,,,4.0,,,,,,,,,,,70.0,,,,,,2.0,,,,,,,
1015,4,5,5,4,3,5,5,5,1,4,65.0,,,,,,2.0,47,1.0,1865,,,,12,,,2.0,,,,,,,,6,3,3,2,3,6,6,5,3,1,40.0,55.0,65.0,38.0,58.0,41.0,72.0,48.0,53.0,42.0,1,1,2,2,2,1,2,2,1,1,2,2,1,1,1,1,2,1,2,2,1,2,1,2,1,2,2,2,1,2,1,1,2,2,1,2,1,2,2,2,6.0,,,,,,,4.0,1.0,1.0,2.0,1.0,2.0,1.0,1.0,2.0,1.0,1.0,,3.0,4.0,4.0,5.0,1.0,,4.0,3.0,4.0,,,,4.0
1016,5,5,4,5,4,5,5,5,2,5,61.0,4.0,3.0,3.0,3.0,6.0,2.0,50,,,,,,,,,2.0,,1.0,1.0,1.0,1.0,2.0,2.0,6,2,3,3,5,5,6,5,3,2,39.0,50.0,35.0,49.0,49.0,40.0,77.0,75.0,44.0,68.0,1,1,1,2,2,2,1,1,2,1,1,1,2,2,2,1,2,1,2,1,2,1,1,1,1,1,2,1,2,1,1,2,1,1,1,1,1,2,1,2,,,,1.0,100,8,6.0,5.0,,,,,,,,,,,,,4.0,5.0,4.0,1.0,,,,,,,,
1017,4,4,4,5,4,5,5,5,2,4,20.0,,,,,,1.0,100,2.0,700,1.0,5.0,4.0,17,2.0,1.0,1.0,,1.0,1.0,2.0,1.0,2.0,1.0,6,2,2,2,2,5,6,6,3,1,40.0,25.0,40.0,70.0,85.0,30.0,70.0,40.0,60.0,85.0,1,2,1,1,2,2,2,1,1,2,2,2,1,2,1,1,2,1,2,2,2,2,2,2,1,2,1,2,1,1,1,1,1,1,2,2,2,1,2,2,3.0,,,,,,,4.0,,,,,,,,,,,,2.0,,,,,,4.0,3.0,2.0,,,,
1018,4,5,5,5,5,5,5,5,1,2,,,,,,6.0,,,1.0,400,,,,,,,2.0,,1.0,1.0,1.0,1.0,1.0,1.0,7,2,3,3,3,7,5,5,4,1,45.0,40.0,40.0,35.0,45.0,50.0,55.0,50.0,45.0,45.0,2,2,2,2,2,2,1,2,1,1,2,2,2,2,2,2,2,2,1,2,2,1,2,2,2,2,1,2,1,2,2,1,2,2,2,2,2,2,1,2,,1.0,50,,,5,10.0,5.0,,,,,,,,,,,75.0,3.0,5.0,5.0,6.0,1.0,,5.0,5.0,4.0,,,,
1019,4,5,5,4,4,5,5,5,1,4,80.0,5.0,,,,6.0,2.0,52,2.0,800,3.0,5.0,5.0,13,2.0,,,4.0,,,,,,,6,1,4,4,3,7,6,6,1,1,40.0,50.0,50.0,65.0,65.0,55.0,83.0,77.0,45.0,65.0,2,1,1,1,2,2,2,2,2,2,2,2,2,2,2,1,1,2,2,2,2,1,1,1,1,2,1,2,2,2,1,2,2,2,1,1,2,1,2,2,,,,,,,,,1.0,2.0,1.0,2.0,1.0,1.0,1.0,1.0,2.0,1.0,,,,,,,2.0,4.0,4.0,2.0,,,,3.0
1020,4,5,4,5,5,5,5,5,2,5,,,3.0,1.0,4.0,,2.0,54,1.0,1100,,,,,2.0,1.0,2.0,,1.0,1.0,1.0,1.0,2.0,2.0,6,1,3,2,1,7,7,6,1,2,47.0,14.0,13.0,30.0,30.0,28.0,52.0,26.0,68.0,26.0,2,1,2,1,2,1,2,1,1,1,2,1,2,2,1,2,2,2,1,2,2,2,2,2,2,1,2,1,2,2,1,2,2,1,2,2,2,2,1,2,6.0,,,,,20,,6.0,,,,,,,,,,,71.0,2.0,,,,,,,,,1.0,5.0,5.0,
1021,3,5,3,5,4,4,5,5,3,4,63.0,,,,,6.0,2.0,3,,,1.0,2.0,2.0,8,,1.0,1.0,,,,,,,,6,1,1,1,5,6,7,7,1,1,20.0,5.0,9.0,21.0,15.0,38.0,29.0,60.0,45.0,51.0,2,2,1,2,2,2,2,2,2,1,2,2,1,2,2,2,2,2,2,2,2,2,2,2,2,2,1,2,2,1,2,2,2,2,2,2,2,2,2,2,,,,1.0,350,,,4.0,1.0,2.0,1.0,2.0,1.0,2.0,1.0,1.0,1.0,2.0,,3.0,,,,1.0,,3.0,4.0,1.0,,,,
1022,4,5,5,5,4,5,5,5,1,5,,3.0,,,,,2.0,36,1.0,1800,1.0,4.0,6.0,,2.0,,,6.0,,,,,,,5,1,4,3,3,7,5,6,3,1,65.0,84.0,54.0,95.0,50.0,36.0,75.0,90.0,45.0,80.0,2,1,1,2,1,2,2,1,2,1,1,2,1,1,1,2,1,1,1,2,1,2,1,1,1,2,2,1,1,1,1,1,2,1,2,1,2,1,1,2,6.0,,,,,15,9.0,,2.0,2.0,1.0,1.0,1.0,2.0,2.0,1.0,2.0,2.0,76.0,,,,,,1.0,3.0,1.0,1.0,,,,
1023,4,4,4,5,5,2,5,5,5,5,50.0,3.0,3.0,3.0,4.0,7.0,2.0,50,2.0,500,,,,,2.0,,,,1.0,1.0,1.0,2.0,1.0,2.0,7,2,4,5,3,5,7,5,3,1,66.0,36.0,46.0,64.0,73.0,51.0,88.0,91.0,58.0,82.0,1,1,2,2,1,1,1,2,2,2,2,1,1,2,2,2,2,1,1,2,2,2,1,2,2,2,1,2,2,2,2,2,1,1,1,2,1,2,2,1,,,,,,5,,4.0,,,,,,,,,,,,,,,,,2.0,,,,4.0,5.0,6.0,6.0
1024,1,3,1,1,3,1,2,1,5,4,,3.0,,,,6.0,2.0,41,,,1.0,3.0,3.0,20,,,1.0,3.0,1.0,1.0,1.0,1.0,1.0,1.0,7,1,5,6,6,5,5,5,2,2,40.0,40.0,35.0,20.0,60.0,30.0,55.0,40.0,55.0,30.0,2,2,2,1,2,2,2,2,2,2,2,1,1,2,2,2,2,1,2,1,1,2,2,1,2,2,2,2,2,1,1,1,2,2,2,2,1,2,2,1,,,,1.0,150,,10.0,,,,,,,,,,,,85.0,,,,,2.0,,5.0,4.0,3.0,,,,
1025,4,4,5,5,4,4,5,5,2,4,30.0,,4.0,5.0,2.0,,2.0,35,2.0,450,,,,,2.0,,,,,,,,,,6,1,4,3,3,5,5,4,2,2,5.0,6.0,8.0,19.0,23.0,2.0,37.0,4.0,56.0,62.0,2,1,2,2,2,2,2,2,1,1,1,1,2,2,1,2,2,2,1,2,2,2,2,1,2,1,2,2,1,1,2,2,2,1,2,1,1,2,2,2,6.0,,,,,8,5.0,4.0,1.0,1.0,2.0,1.0,1.0,1.0,2.0,1.0,1.0,1.0,,3.0,1.0,4.0,4.0,,1.0,,,,,,,
1026,5,4,5,4,5,5,5,5,5,5,30.0,,,,,,2.0,25,2.0,400,,,,,2.0,,,,1.0,1.0,1.0,1.0,1.0,1.0,7,1,3,5,2,6,6,5,1,1,75.0,65.0,80.0,75.0,80.0,65.0,50.0,95.0,40.0,25.0,2,1,2,2,1,2,2,2,2,2,2,2,1,2,2,2,2,2,2,2,2,1,2,2,2,2,2,2,2,1,2,1,2,2,2,2,1,2,2,2,3.0,,,,,10,10.0,6.0,,,,,,,,,,,,3.0,,,,,1.0,2.0,4.0,2.0,1.0,3.0,1.0,
1027,5,5,5,5,5,5,5,5,1,1,,5.0,,,,5.0,,,1.0,1600,1.0,5.0,5.0,20,2.0,,,,1.0,1.0,2.0,2.0,1.0,1.0,7,1,1,3,2,7,7,7,3,2,70.0,70.0,70.0,80.0,40.0,75.0,80.0,80.0,20.0,20.0,2,1,2,2,2,1,2,2,2,2,2,2,2,2,2,1,2,2,2,2,2,2,2,2,1,2,2,2,2,1,2,2,2,2,2,2,1,2,2,2,,1.0,18,,,,,5.0,,,,,,,,,,,90.0,,,,,,1.0,3.0,4.0,3.0,,,,2.0
1028,5,3,5,5,5,1,5,5,5,3,70.0,5.0,,,,,2.0,28,,,,,,,2.0,,,4.0,,,,,,,6,2,5,2,5,7,6,7,3,1,45.0,35.0,45.0,70.0,70.0,30.0,65.0,75.0,60.0,50.0,2,1,1,2,1,1,1,1,2,2,2,2,1,1,1,1,2,1,1,1,2,2,1,2,2,1,1,2,1,1,1,1,1,1,1,1,1,1,2,1,6.0,,,1.0,278,5,9.0,,1.0,1.0,2.0,1.0,2.0,1.0,1.0,2.0,1.0,1.0,,,,,,,2.0,4.0,4.0,3.0,1.0,5.0,6.0,
1029,3,2,5,5,3,4,5,3,3,3,,,,,,6.0,1.0,15,,,1.0,5.0,4.0,,2.0,2.0,,,1.0,2.0,2.0,1.0,1.0,2.0,6,2,4,5,1,3,7,4,1,2,63.0,50.0,83.0,80.0,49.0,20.0,100.0,60.0,50.0,50.0,1,1,1,2,2,1,1,2,2,2,1,1,1,1,2,2,1,1,1,1,1,1,1,1,1,1,1,1,1,1,1,1,1,1,2,1,1,2,1,1,,,,1.0,300,12,,6.0,,,,,,,,,,,66.0,4.0,,,,,1.0,2.0,3.0,2.0,,,,
1030,3,3,2,3,3,3,5,5,4,2,35.0,,4.0,4.0,4.0,,,,1.0,900,,,,10,,2.0,,4.0,,,,,,,6,1,2,2,4,7,7,7,1,2,20.0,5.0,30.0,40.0,35.0,25.0,80.0,80.0,71.0,21.0,2,2,1,1,2,2,2,1,2,2,2,1,2,2,2,2,2,1,2,2,2,2,2,2,2,2,2,2,2,2,2,2,2,2,2,1,2,2,2,2,4.0,2.0,2,,,,,,1.0,1.0,1.0,1.0,1.0,1.0,1.0,1.0,1.0,1.0,,2.0,3.0,2.0,4.0,1.0,1.0,,,,,,,
1031,4,4,5,4,4,4,4,2,4,4,,,3.0,3.0,3.0,,2.0,50,2.0,300,3.0,4.0,5.0,,1.0,,,4.0,,,,,,,6,1,6,5,5,5,5,5,4,1,33.0,29.0,33.0,29.0,42.0,35.0,43.0,47.0,71.0,58.0,2,2,1,2,1,1,1,1,2,2,2,1,1,2,1,1,2,1,1,1,1,2,1,1,1,1,1,2,1,2,1,1,1,1,2,2,2,1,1,2,6.0,,,,,20,9.0,,1.0,1.0,1.0,1.0,1.0,1.0,1.0,1.0,1.0,1.0,70.0,5.0,,,,,2.0,,,,,,,
1032,4,4,2,5,5,4,5,5,3,4,30.0,3.0,3.0,3.0,3.0,,,,,,1.0,4.0,4.0,,1.0,,1.0,,1.0,1.0,1.0,2.0,1.0,2.0,5,2,1,2,3,5,6,3,3,1,35.0,50.0,15.0,60.0,80.0,35.0,75.0,65.0,50.0,70.0,2,2,1,1,2,1,1,2,2,1,2,2,2,2,2,1,2,2,2,1,2,2,2,2,1,1,2,2,2,2,2,1,2,2,2,1,2,1,1,1,5.0,1.0,40,1.0,110,10,,5.0,,,,,,,,,,,,,,,,,,,,,,,,3.0
1033,5,5,5,5,1,5,5,5,1,1,30.0,4.0,3.0,3.0,3.0,,2.0,48,,,,,,8,,1.0,1.0,,1.0,1.0,2.0,1.0,1.0,2.0,5,2,3,3,3,5,6,6,3,1,55.0,69.0,56.0,80.0,10.0,30.0,80.0,85.0,25.0,10.0,2,2,1,2,1,2,1,2,2,2,2,2,2,2,2,2,2,2,2,2,2,1,2,1,2,2,2,2,2,2,2,2,2,2,2,2,2,1,2,2,6.0,,,1.0,135,,,6.0,,,,,,,,,,,,,2.0,5.0,4.0,1.0,,,,,,,,
1034,5,5,5,5,5,3,5,5,5,5,,,5.0,2.0,2.0,7.0,1.0,100,,,1.0,5.0,1.0,20,,,1.0,,,,,,,,7,1,6,6,6,6,6,6,1,2,84.0,82.0,89.0,65.0,66.0,47.0,73.0,100.0,100.0,94.0,1,2,2,2,1,2,2,2,1,1,1,1,2,1,2,1,1,2,2,1,1,2,2,2,1,2,1,1,2,2,2,1,2,2,1,1,1,1,2,1,,,,1.0,150,,,6.0,2.0,1.0,1.0,1.0,2.0,1.0,2.0,2.0,2.0,1.0,90.0,1.0,,,,1.0,,,,,,,,2.0
1035,1,2,3,2,3,2,3,4,4,3,30.0,,2.0,2.0,5.0,,,,2.0,800,,,,,,,1.0,,1.0,1.0,1.0,1.0,2.0,2.0,5,1,5,4,1,4,5,3,1,2,30.0,60.0,70.0,72.0,80.0,40.0,70.0,90.0,64.0,65.0,1,1,2,1,2,1,2,2,2,2,2,2,2,2,1,1,1,1,2,2,2,1,2,2,2,2,1,2,2,2,2,1,2,2,2,2,1,1,1,1,3.0,2.0,7,,,12,7.0,3.0,,,,,,,,,,,,3.0,,,,2.0,,,,,4.0,4.0,3.0,
1036,4,5,5,5,4,5,5,5,2,5,30.0,5.0,3.0,3.0,3.0,6.0,,,,,,,,20,2.0,3.0,2.0,,1.0,1.0,2.0,1.0,2.0,1.0,6,2,2,3,3,5,6,5,3,1,60.0,65.0,45.0,60.0,60.0,80.0,75.0,90.0,45.0,65.0,1,1,2,1,1,1,2,2,1,1,1,2,1,2,2,1,1,1,2,2,1,1,2,1,2,1,2,2,1,1,2,2,2,1,2,1,1,2,1,2,,2.0,6,1.0,150,,,5.0,,,,,,,,,,,,,,,,,,,,,5.0,5.0,6.0,
1037,3,5,4,4,4,1,5,4,5,3,,3.0,1.0,3.0,4.0,,,,,,,,,,2.0,,1.0,,,,,,,,7,2,2,4,1,7,7,6,3,1,52.0,38.0,90.0,63.0,94.0,21.0,83.0,78.0,85.0,44.0,2,1,1,2,1,2,2,2,1,1,2,1,1,1,1,1,1,1,1,1,1,1,1,2,2,2,1,1,2,1,1,1,1,1,1,1,2,1,1,1,6.0,2.0,7,1.0,120,20,10.0,6.0,1.0,1.0,1.0,1.0,1.0,1.0,1.0,1.0,1.0,1.0,70.0,,,,,,,,,,4.0,4.0,6.0,
1038,2,3,4,4,4,2,4,5,4,3,,,,,,6.0,,,,,3.0,4.0,3.0,20,2.0,1.0,,,,,,,,,5,6,5,5,6,3,5,6,3,1,40.0,25.0,40.0,50.0,50.0,40.0,60.0,75.0,60.0,40.0,1,1,1,2,2,1,2,2,1,2,2,1,2,2,2,2,1,2,1,1,1,1,2,1,2,2,2,1,2,2,2,2,2,2,1,2,2,1,1,2,,2.0,10,1.0,123,,,4.0,1.0,1.0,1.0,1.0,1.0,1.0,1.0,1.0,1.0,1.0,70.0,3.0,,,,,2.0,4.0,4.0,3.0,,,,
1039,5,5,5,5,5,5,5,5,1,5,,,,,,,2.0,55,2.0,375,,,,,2.0,,,6.0,,,,,,,6,2,4,3,1,6,6,5,4,1,71.0,80.0,75.0,58.0,61.0,69.0,89.0,71.0,30.0,50.0,2,1,2,2,1,1,2,1,2,2,2,2,1,1,2,1,2,2,2,2,2,2,2,1,2,2,2,1,2,2,2,1,2,2,2,2,2,2,1,2,6.0,,,,,10,,,1.0,1.0,1.0,1.0,1.0,1.0,1.0,1.0,1.0,1.0,85.0,1.0,3.0,5.0,5.0,,1.0,3.0,4.0,2.0,,,,1.0
1040,5,5,5,5,5,5,5,5,1,1,30.0,3.0,,,,5.0,2.0,50,1.0,1200,,,,,,,2.0,5.0,,,,,,,6,5,5,5,3,6,7,7,4,1,35.0,35.0,40.0,50.0,55.0,40.0,40.0,40.0,40.0,40.0,1,2,2,2,1,2,1,2,2,1,1,1,2,1,2,2,2,1,1,2,1,2,2,2,1,1,1,2,2,1,1,2,2,2,1,2,2,2,2,2,,,,,,10,,,1.0,1.0,1.0,1.0,1.0,1.0,1.0,1.0,1.0,1.0,,,4.0,5.0,5.0,1.0,,3.0,4.0,3.0,,,,1.0
1041,5,5,5,5,3,5,5,5,1,3,,4.0,,,,5.0,2.0,60,,,5.0,4.0,6.0,5,2.0,,1.0,,,,,,,,7,2,2,1,5,5,5,7,4,2,70.0,84.0,73.0,89.0,59.0,70.0,81.0,94.0,15.0,38.0,2,1,1,2,2,1,1,1,2,1,2,2,1,1,2,2,1,2,1,2,2,2,2,1,2,2,2,2,2,2,2,1,1,1,1,1,1,1,1,1,,,,1.0,110,,8.0,6.0,1.0,1.0,1.0,1.0,1.0,1.0,1.0,1.0,1.0,1.0,85.0,,,,,,,3.0,5.0,3.0,,,,
1042,3,4,4,4,3,3,4,4,4,3,,4.0,,,,,,,2.0,300,4.0,4.0,4.0,,,,,,1.0,1.0,1.0,1.0,1.0,1.0,5,5,4,4,5,5,4,4,2,1,50.0,41.0,24.0,47.0,60.0,40.0,84.0,56.0,42.0,59.0,1,1,2,1,1,1,1,1,1,1,1,1,1,1,1,1,2,1,1,1,1,1,1,1,1,1,2,1,1,1,1,1,1,1,1,1,1,1,1,1,4.0,1.0,50,,,10,,4.0,,,,,,,,,,,61.0,,,,,1.0,2.0,3.0,4.0,3.0,,,,2.0
1043,1,3,3,1,5,2,1,1,5,5,91.0,,,,,5.0,,,,,,,,16,2.0,,1.0,,,,,,,,6,4,2,1,5,6,7,7,1,1,29.0,44.0,24.0,19.0,81.0,49.0,23.0,29.0,94.0,56.0,1,2,1,1,2,2,2,2,1,1,1,2,2,2,1,2,1,1,2,1,2,1,2,1,1,1,1,1,2,1,1,1,2,1,1,2,1,1,1,2,,1.0,18,1.0,380,,,4.0,1.0,1.0,1.0,2.0,1.0,2.0,1.0,2.0,1.0,1.0,,3.0,,,,,,5.0,6.0,4.0,1.0,4.0,5.0,1.0
1044,3,2,3,4,4,4,4,4,4,4,,,,,,6.0,,,1.0,1150,1.0,4.0,4.0,15,,,,,,,,,,,5,2,5,5,2,5,5,5,2,1,49.0,35.0,30.0,60.0,66.0,45.0,75.0,75.0,60.0,70.0,1,1,1,2,1,2,1,1,2,1,2,2,1,2,2,2,2,2,1,1,2,1,2,2,2,1,2,2,2,1,2,2,1,1,2,2,2,1,1,2,,1.0,50,,,,,3.0,1.0,1.0,2.0,1.0,1.0,2.0,1.0,1.0,2.0,1.0,70.0,4.0,,,,2.0,2.0,3.0,3.0,2.0,,,,7.0
1045,3,5,5,5,4,5,5,5,4,1,42.0,,4.0,3.0,4.0,,1.0,71,,,,,,18,,,,5.0,2.0,2.0,2.0,2.0,1.0,1.0,7,1,5,6,5,7,7,6,1,1,50.0,39.0,79.0,91.0,86.0,92.0,100.0,84.0,89.0,83.0,2,2,1,2,2,2,2,2,2,2,2,2,2,2,2,2,1,1,2,2,2,2,2,2,1,2,2,2,2,2,2,2,1,1,2,2,2,2,2,1,3.0,,,1.0,113,,10.0,,,,,,,,,,,,,1.0,,,,1.0,1.0,,,,1.0,5.0,6.0,
1046,3,2,2,2,4,4,4,4,5,4,30.0,4.0,,,,,,,,,,,,,2.0,,,3.0,,,,,,,3,1,3,2,3,5,6,7,3,2,21.0,14.0,27.0,10.0,51.0,36.0,63.0,84.0,97.0,59.0,1,2,2,1,1,2,2,2,2,2,2,2,2,1,1,2,2,2,2,2,2,2,1,2,2,1,2,2,2,2,2,1,2,1,1,2,2,1,2,2,6.0,1.0,15,1.0,375,20,,,1.0,1.0,1.0,2.0,1.0,1.0,1.0,2.0,1.0,2.0,,,2.0,4.0,5.0,,2.0,3.0,3.0,3.0,,,,1.0
1047,3,2,2,4,4,2,3,4,5,3,81.0,3.0,2.0,5.0,6.0,6.0,2.0,50,2.0,400,1.0,2.0,6.0,15,,,2.0,6.0,,,,,,,6,1,5,5,2,7,5,5,3,1,41.0,9.0,13.0,49.0,49.0,18.0,50.0,80.0,81.0,51.0,2,1,2,2,1,2,2,2,2,2,2,2,2,1,1,1,2,2,1,2,1,1,1,2,2,1,2,1,2,2,2,2,2,2,2,2,2,2,2,2,,,,,,,,,1.0,1.0,2.0,1.0,1.0,2.0,1.0,1.0,1.0,2.0,,,,,,2.0,,,,,,,,4.0
1048,1,1,1,1,3,1,3,1,5,5,,4.0,3.0,3.0,6.0,,2.0,60,2.0,600,,,,15,2.0,,,,,,,,,,5,2,7,7,2,3,3,3,1,1,0.0,0.0,0.0,0.0,49.0,0.0,0.0,0.0,100.0,100.0,2,1,1,2,2,1,1,1,2,2,2,2,2,1,2,2,2,2,1,2,1,1,2,2,2,1,1,1,2,2,2,1,1,1,2,2,2,2,2,2,6.0,,,,,,10.0,4.0,1.0,1.0,2.0,1.0,1.0,2.0,1.0,1.0,2.0,1.0,70.0,,5.0,1.0,5.0,,1.0,,,,,,,
1049,5,5,5,5,5,5,5,5,1,1,,,3.0,5.0,2.0,6.0,,,2.0,150,,,,20,2.0,1.0,,,,,,,,,6,2,5,4,2,7,5,5,4,1,62.0,52.0,40.0,56.0,72.0,52.0,72.0,71.0,33.0,25.0,1,1,1,2,2,2,1,1,2,1,2,2,1,2,2,2,2,1,1,2,1,2,2,1,2,1,1,2,2,2,2,2,1,2,1,2,2,2,1,2,,1.0,20,,,,,4.0,1.0,1.0,1.0,1.0,1.0,1.0,1.0,1.0,1.0,1.0,70.0,6.0,,,,,2.0,,,,5.0,5.0,6.0,
1050,5,3,5,3,4,3,4,5,3,3,91.0,,2.0,5.0,4.0,,2.0,50,,,,,,20,,1.0,1.0,,,,,,,,7,4,5,5,2,5,5,6,2,1,25.0,20.0,25.0,35.0,52.0,35.0,40.0,60.0,55.0,20.0,1,1,2,1,2,2,2,1,2,2,2,1,2,1,2,2,2,2,2,1,2,2,2,2,2,2,1,2,2,2,2,2,1,2,2,2,2,2,2,2,6.0,,,1.0,150,,,5.0,1.0,1.0,1.0,1.0,1.0,1.0,1.0,1.0,1.0,1.0,,2.0,1.0,5.0,6.0,1.0,,,,,,,,
1051,5,5,5,5,3,5,5,5,1,3,82.0,4.0,,,,,2.0,45,1.0,1500,,,,15,,,1.0,5.0,,,,,,,7,2,2,2,5,6,7,7,3,1,70.0,69.0,52.0,90.0,47.0,26.0,85.0,75.0,39.0,50.0,1,1,2,1,2,2,1,1,1,1,1,2,1,1,1,2,1,1,2,2,1,2,2,2,1,2,2,2,2,2,2,1,1,1,2,1,2,1,2,1,4.0,,,,,,4.0,,1.0,1.0,1.0,1.0,1.0,1.0,2.0,2.0,2.0,2.0,,,,,,2.0,,5.0,5.0,3.0,1.0,5.0,6.0,
1052,5,5,5,5,4,5,5,5,2,2,30.0,4.0,,,,,2.0,55,,,,,,,,,,6.0,,,,,,,6,4,2,2,2,4,6,6,3,1,65.0,50.0,50.0,70.0,40.0,55.0,75.0,90.0,40.0,50.0,2,2,1,2,2,2,2,1,1,1,1,2,2,1,1,1,1,1,1,2,1,1,2,1,1,1,1,1,2,1,2,1,1,1,2,1,1,2,1,2,6.0,,,1.0,150,0,,,1.0,1.0,1.0,2.0,1.0,1.0,2.0,1.0,2.0,1.0,,,,,,1.0,1.0,4.0,3.0,3.0,4.0,5.0,6.0,5.0
1053,5,3,4,4,5,3,4,5,3,4,,,4.0,5.0,5.0,6.0,2.0,50,2.0,600,,,,,,,1.0,4.0,1.0,1.0,1.0,1.0,1.0,1.0,6,3,5,5,2,3,5,6,2,2,46.0,18.0,29.0,57.0,62.0,62.0,56.0,78.0,62.0,81.0,1,2,2,1,1,2,1,2,1,1,2,2,1,2,1,2,1,2,2,2,2,2,2,1,2,1,2,2,1,2,2,2,2,1,1,1,2,2,1,2,,,,,,7,,,,,,,,,,,,,93.0,2.0,,,,1.0,,,,,4.0,5.0,6.0,5.0
1054,2,4,5,5,4,2,5,5,2,4,80.0,,2.0,1.0,2.0,,2.0,54,,,,,,10,,,,,1.0,1.0,1.0,1.0,1.0,1.0,6,5,5,6,2,3,3,5,3,1,20.0,50.0,80.0,70.0,80.0,50.0,100.0,100.0,15.0,70.0,1,1,2,1,2,2,1,2,1,1,2,2,1,1,2,2,1,1,2,2,2,2,1,1,1,2,1,2,2,1,1,1,2,1,1,2,2,2,2,1,5.0,,,1.0,379,,7.0,5.0,,,,,,,,,,,,5.0,4.0,2.0,6.0,1.0,2.0,,,,,,,
1055,5,4,5,5,4,5,5,5,3,1,,4.0,,,,5.0,2.0,64,,,3.0,5.0,6.0,15,2.0,,,4.0,,,,,,,6,2,4,5,5,6,5,5,3,1,40.0,25.0,40.0,44.0,54.0,36.0,46.0,54.0,42.0,32.0,2,2,2,2,1,2,2,1,1,2,1,1,1,1,2,2,2,2,1,1,2,2,2,2,2,2,2,2,1,2,2,1,1,2,2,2,2,2,1,2,,,,1.0,86,,8.0,,1.0,1.0,1.0,1.0,1.0,1.0,1.0,1.0,1.0,1.0,85.0,,,,,,2.0,2.0,2.0,2.0,,,,
1056,5,5,4,4,4,4,5,3,3,5,,5.0,3.0,4.0,5.0,,2.0,54,,,3.0,3.0,5.0,,,2.0,1.0,,2.0,2.0,2.0,1.0,1.0,1.0,6,6,7,7,7,6,7,6,2,2,88.0,73.0,100.0,47.0,70.0,87.0,75.0,91.0,81.0,92.0,2,1,1,2,1,1,1,1,2,1,1,1,1,2,1,1,1,1,1,1,2,1,1,1,1,2,1,1,2,1,1,2,1,1,2,1,1,1,1,1,3.0,,,1.0,375,15,,5.0,,,,,,,,,,,49.0,,,,,1.0,,,,,,,,
1057,5,5,5,5,5,5,5,5,1,3,,,,,,6.0,2.0,50,,,2.0,5.0,6.0,20,2.0,,,,1.0,1.0,1.0,2.0,2.0,1.0,7,3,2,2,2,5,6,6,3,2,30.0,15.0,45.0,65.0,65.0,40.0,80.0,75.0,65.0,80.0,2,1,2,2,2,2,1,2,2,2,2,2,2,1,2,2,2,1,1,1,2,1,2,1,2,2,2,1,2,1,2,2,2,1,2,2,2,1,2,2,,,,1.0,130,,7.0,6.0,,,,,,,,,,,60.0,3.0,,,,,1.0,3.0,5.0,2.0,,,,
1058,4,4,5,4,5,4,4,5,2,5,,4.0,2.0,5.0,3.0,,2.0,35,,,,,,20,2.0,,,,1.0,1.0,2.0,1.0,2.0,1.0,7,2,3,3,2,7,7,7,4,2,73.0,73.0,73.0,61.0,81.0,60.0,95.0,100.0,60.0,70.0,1,1,2,1,2,2,1,1,1,1,1,2,1,1,1,2,1,1,2,2,2,2,1,1,1,1,1,2,1,1,1,1,1,1,2,1,2,2,2,2,6.0,,,1.0,95,,8.0,3.0,,,,,,,,,,,100.0,,,,,,2.0,,,,4.0,5.0,6.0,
1059,1,1,1,1,3,1,3,4,5,3,90.0,,,,,,,,2.0,400,,,,,2.0,,,3.0,1.0,1.0,1.0,1.0,1.0,1.0,6,1,5,5,5,6,7,6,3,1,30.0,30.0,30.0,40.0,40.0,30.0,80.0,80.0,60.0,50.0,1,1,2,2,1,2,2,2,1,1,1,1,2,2,1,2,2,2,1,2,1,2,1,1,2,2,2,2,2,2,1,2,2,1,1,2,2,2,2,2,6.0,1.0,20,,,20,10.0,,,,,,,,,,,,,5.0,,,,,2.0,4.0,5.0,3.0,4.0,3.0,4.0,
1060,5,5,5,1,5,5,5,5,1,1,50.0,,4.0,4.0,4.0,,,,2.0,900,,,,10,1.0,3.0,2.0,5.0,,,,,,,7,1,6,5,2,7,7,6,4,1,73.0,66.0,66.0,62.0,62.0,50.0,79.0,89.0,50.0,26.0,2,2,1,2,2,1,1,2,2,2,2,2,2,2,2,1,1,1,1,2,2,1,2,1,1,2,1,1,2,1,2,1,1,1,2,1,1,2,2,1,7.0,1.0,31,,,,,,2.0,1.0,1.0,1.0,1.0,2.0,2.0,2.0,2.0,1.0,,1.0,4.0,5.0,6.0,,,,,,,,,
1061,4,4,5,5,5,5,5,5,2,3,50.0,2.0,3.0,3.0,3.0,5.0,,,2.0,300,2.0,5.0,6.0,18,2.0,,,,,,,,,,6,1,6,6,2,5,6,5,3,1,55.0,55.0,60.0,50.0,55.0,33.0,67.0,75.0,37.0,50.0,1,1,1,1,2,2,2,2,2,2,2,1,1,2,1,1,2,2,1,1,2,2,1,1,1,1,1,2,1,1,1,2,1,1,1,2,2,2,2,1,,1.0,50,,,,9.0,4.0,1.0,1.0,1.0,1.0,1.0,1.0,1.0,1.0,1.0,1.0,,,,,,,1.0,,,,,,,
1062,1,3,1,1,4,1,3,4,5,4,,,5.0,5.0,3.0,6.0,2.0,40,,,,,,17,2.0,,1.0,,1.0,1.0,2.0,1.0,2.0,1.0,7,3,2,2,5,6,5,7,1,2,20.0,25.0,20.0,30.0,75.0,20.0,35.0,50.0,75.0,98.0,1,2,2,2,2,2,1,1,1,2,2,2,2,2,2,1,2,2,2,2,2,1,2,2,2,2,1,1,2,1,2,2,2,1,2,2,1,2,1,1,,,,1.0,140,,,4.0,,,,,,,,,,,96.0,4.0,1.0,1.0,4.0,,,,,,,,,1.0
1063,4,5,4,4,4,3,4,3,4,4,,,3.0,3.0,2.0,3.0,,,,,,,,,1.0,,1.0,,1.0,1.0,2.0,1.0,2.0,2.0,7,2,2,3,2,5,6,5,4,1,76.0,68.0,85.0,84.0,82.0,33.0,84.0,59.0,81.0,78.0,2,1,2,1,2,2,1,2,2,2,1,1,1,1,1,1,1,1,2,1,1,1,2,1,2,2,2,2,1,2,1,1,1,1,2,2,1,2,1,2,,1.0,54,1.0,350,15,9.0,5.0,,,,,,,,,,,70.0,3.0,,,,,,,,,4.0,4.0,4.0,
1064,4,4,5,5,4,5,5,5,1,4,75.0,4.0,,,,,2.0,50,,,,,,15,,,,4.0,1.0,2.0,1.0,1.0,2.0,1.0,7,2,5,4,2,5,5,5,4,1,45.0,40.0,42.0,35.0,80.0,35.0,80.0,45.0,35.0,75.0,1,2,1,1,2,1,2,2,2,1,2,2,1,2,1,1,2,2,1,2,2,1,2,2,2,2,2,2,2,2,1,2,2,1,1,2,2,2,2,2,5.0,,,1.0,100,,4.0,,,,,,,,,,,,,,2.0,3.0,4.0,1.0,2.0,3.0,4.0,3.0,,,,
1065,2,2,2,2,2,4,4,2,5,4,10.0,,,,,,2.0,50,,,,,,,2.0,,2.0,6.0,1.0,1.0,1.0,1.0,1.0,1.0,6,4,3,3,3,3,3,3,3,1,9.0,60.0,30.0,90.0,60.0,70.0,90.0,90.0,98.0,90.0,1,2,2,1,1,1,2,1,1,1,2,1,1,1,1,1,1,2,1,1,1,2,1,1,2,1,1,1,1,1,1,1,1,2,1,1,1,1,1,1,6.0,,,1.0,300,10,,,,,,,,,,,,,,2.0,1.0,5.0,6.0,,,3.0,1.0,1.0,,,,2.0
1066,4,4,4,4,4,2,4,4,5,4,,3.0,3.0,2.0,2.0,7.0,,,1.0,37,,,,10,,2.0,,,,,,,,,5,1,3,3,6,5,6,6,4,2,20.0,50.0,50.0,60.0,75.0,10.0,50.0,75.0,100.0,80.0,1,1,1,1,1,2,1,2,2,1,1,2,2,1,2,2,1,1,1,1,1,1,1,2,1,1,1,1,1,1,2,1,2,1,1,1,2,1,1,1,,2.0,54,,,,,2.0,1.0,2.0,2.0,1.0,1.0,2.0,2.0,1.0,2.0,1.0,70.0,,4.0,4.0,4.0,1.0,1.0,,,,,,,
1067,2,5,2,5,5,1,5,5,5,5,,,,,,,2.0,58,,,2.0,5.0,6.0,15,2.0,2.0,1.0,,,,,,,,7,7,7,7,5,7,7,7,3,2,83.0,59.0,68.0,90.0,90.0,37.0,83.0,97.0,25.0,95.0,1,1,1,1,1,2,1,2,2,2,2,2,2,1,1,1,2,1,2,2,2,1,2,2,2,2,2,1,1,1,2,1,2,2,1,2,2,2,1,1,6.0,,,1.0,135,,,5.0,1.0,1.0,1.0,2.0,1.0,1.0,1.0,1.0,2.0,1.0,70.0,1.0,,,,,,1.0,2.0,1.0,,,,
1068,1,2,1,4,4,1,1,1,5,5,,5.0,5.0,4.0,6.0,6.0,,,,,,,,18,2.0,,2.0,2.0,,,,,,,7,6,5,2,5,5,7,6,1,2,60.0,70.0,75.0,68.0,83.0,70.0,77.0,70.0,25.0,90.0,2,2,2,2,2,2,1,2,1,1,2,2,2,2,1,2,2,2,2,2,2,2,2,1,2,1,2,2,2,2,1,2,2,2,2,1,2,2,2,1,,1.0,50,1.0,380,,,,1.0,1.0,1.0,2.0,1.0,1.0,1.0,2.0,1.0,2.0,70.0,,1.0,4.0,6.0,,,,,,,,,3.0
1069,3,4,3,4,4,4,5,3,5,5,77.0,,2.0,2.0,1.0,6.0,1.0,70,1.0,3000,,,,1,1.0,,1.0,4.0,1.0,1.0,1.0,2.0,2.0,2.0,2,1,1,1,5,7,7,7,1,1,66.0,62.0,58.0,60.0,65.0,59.0,57.0,55.0,90.0,53.0,2,2,1,2,1,2,2,1,1,1,1,2,2,2,2,2,2,2,2,1,2,2,1,2,1,1,2,2,2,1,1,1,2,2,2,1,2,2,2,2,,,,,,,,,,,,,,,,,,,,4.0,,,,,,,,,1.0,5.0,6.0,3.0
1070,4,3,4,4,3,4,3,3,2,3,,5.0,,,,6.0,,,1.0,1200,,,,18,2.0,,2.0,4.0,1.0,1.0,1.0,1.0,2.0,1.0,7,1,1,2,1,6,7,7,3,2,75.0,31.0,60.0,55.0,40.0,30.0,25.0,73.0,46.0,32.0,2,2,1,1,2,2,1,1,2,1,2,2,2,1,1,2,1,2,2,2,2,2,2,1,1,1,1,2,1,2,2,1,2,2,2,1,1,2,2,2,,2.0,5,,,,10.0,,,,,,,,,,,,70.0,,,,,,,5.0,3.0,4.0,2.0,5.0,5.0,
1071,5,5,5,4,4,5,5,5,3,4,,5.0,,,,5.0,2.0,54,,,1.0,4.0,6.0,20,,,1.0,,1.0,1.0,2.0,1.0,2.0,1.0,6,4,4,4,1,5,7,7,3,2,65.0,45.0,50.0,35.0,55.0,70.0,90.0,90.0,35.0,75.0,2,2,1,2,1,2,2,2,2,1,2,2,2,1,1,1,1,1,2,2,2,1,2,1,2,2,2,1,1,1,1,2,2,1,1,1,1,2,1,2,,,,1.0,200,,10.0,4.0,,,,,,,,,,,100.0,,,,,1.0,,3.0,3.0,2.0,,,,
1072,2,4,4,5,3,4,5,4,2,4,,,,,,5.0,2.0,30,,,2.0,2.0,4.0,,,,1.0,4.0,,,,,,,5,1,2,2,2,5,5,4,1,2,18.0,37.0,54.0,100.0,83.0,87.0,100.0,78.0,7.0,71.0,2,1,1,1,1,1,1,2,1,1,2,1,1,1,1,1,1,1,1,1,2,1,2,2,1,1,2,1,1,1,1,1,1,2,1,2,1,1,1,1,,,,1.0,126,15,10.0,,1.0,1.0,2.0,2.0,2.0,2.0,1.0,2.0,1.0,1.0,70.0,3.0,,,,1.0,,4.0,4.0,1.0,,,,
1073,2,3,4,5,5,4,5,5,3,1,,3.0,,,,,2.0,31,,,,,,15,1.0,2.0,2.0,4.0,1.0,1.0,1.0,1.0,2.0,2.0,6,2,3,3,2,5,6,6,2,1,43.0,45.0,78.0,68.0,71.0,60.0,88.0,81.0,54.0,29.0,2,2,2,1,1,1,2,1,2,1,1,2,1,1,2,1,2,2,2,2,2,1,2,2,2,1,2,1,2,1,1,1,1,1,2,1,1,2,1,2,3.0,,,1.0,150,,,,,,,,,,,,,,24.0,,4.0,2.0,2.0,,,4.0,3.0,2.0,,,,
1074,1,1,1,2,1,2,2,5,5,2,30.0,,4.0,4.0,4.0,,2.0,50,2.0,200,,,,,,,,,,,,,,,3,5,1,1,2,3,7,7,1,2,23.0,23.0,23.0,17.0,12.0,20.0,70.0,65.0,83.0,28.0,2,2,2,2,2,2,2,2,2,2,2,1,2,2,2,1,2,1,2,2,2,2,2,2,2,1,2,1,2,1,2,1,1,1,2,2,2,2,2,2,1.0,,,,,19,,3.0,1.0,1.0,1.0,1.0,1.0,1.0,1.0,1.0,2.0,2.0,,6.0,,,,2.0,2.0,,,,1.0,4.0,2.0,1.0
1075,1,4,4,4,4,4,4,3,2,5,,,,,,6.0,,,,,,,,19,2.0,,,,1.0,1.0,1.0,1.0,1.0,1.0,6,4,4,4,4,3,5,6,1,2,81.0,86.0,90.0,48.0,63.0,18.0,40.0,61.0,82.0,71.0,1,1,2,1,2,2,2,2,2,2,1,2,2,2,1,1,1,2,2,1,1,1,2,2,2,2,1,2,2,1,1,2,1,2,2,2,1,2,1,2,,1.0,18,1.0,300,,10.0,4.0,,,,,,,,,,,90.0,3.0,1.0,5.0,6.0,,2.0,3.0,3.0,3.0,,,,
1076,5,5,5,5,3,5,5,5,3,1,30.0,,3.0,3.0,3.0,,1.0,83,1.0,1200,,,,15,2.0,,,6.0,,,,,,,7,4,5,5,3,5,5,5,4,1,60.0,50.0,60.0,75.0,39.0,50.0,60.0,60.0,40.0,25.0,2,2,2,2,2,1,2,2,2,2,2,2,2,2,2,2,2,2,2,2,2,2,2,2,2,2,2,2,2,2,2,2,2,2,2,2,2,2,2,2,3.0,,,,,,,,1.0,1.0,1.0,1.0,1.0,1.0,1.0,2.0,2.0,2.0,,1.0,,,,,2.0,,,,1.0,5.0,6.0,7.0
1077,2,2,3,1,2,2,1,1,5,1,80.0,,,,,6.0,,,1.0,4000,,,,20,,,1.0,,1.0,1.0,1.0,2.0,1.0,2.0,7,1,4,6,2,6,5,5,2,2,61.0,51.0,25.0,29.0,28.0,28.0,40.0,30.0,42.0,16.0,1,2,2,2,2,2,1,2,2,2,2,2,2,2,2,2,1,2,2,1,1,2,2,2,1,2,1,2,2,1,2,2,1,2,2,2,2,2,2,2,,2.0,6,,,,10.0,4.0,,,,,,,,,,,,2.0,1.0,1.0,1.0,2.0,,4.0,4.0,3.0,,,,
1078,5,4,5,5,5,4,5,3,3,5,,6.0,4.0,4.0,4.0,6.0,,,2.0,850,4.0,5.0,6.0,,,3.0,,,1.0,1.0,1.0,2.0,1.0,2.0,7,3,5,5,4,6,7,5,2,2,43.0,26.0,63.0,70.0,64.0,32.0,67.0,44.0,63.0,77.0,1,2,2,1,1,2,2,1,2,2,2,1,2,1,1,2,2,1,1,1,2,1,2,2,2,1,2,2,2,1,1,1,2,2,2,2,2,2,2,2,,2.0,9,,,6,,6.0,,,,,,,,,,,86.0,,,,,2.0,2.0,,,,,,,
1079,2,4,5,5,4,5,4,5,3,1,75.0,3.0,3.0,3.0,2.0,,,,1.0,1200,,,,15,1.0,,,6.0,,,,,,,6,4,3,5,1,5,6,6,3,1,50.0,57.0,81.0,95.0,50.0,91.0,94.0,100.0,22.0,50.0,2,1,2,1,2,1,1,2,1,1,2,1,1,2,2,1,2,1,1,2,2,1,1,2,2,2,1,1,1,1,1,1,1,1,1,1,1,2,2,1,6.0,1.0,20,,,,,,1.0,1.0,1.0,1.0,2.0,1.0,1.0,2.0,1.0,2.0,,,,,,,2.0,,,,3.0,5.0,5.0,3.0
1080,5,5,5,5,5,5,5,5,5,5,,5.0,5.0,5.0,5.0,5.0,1.0,100,,,,,,20,,,,,1.0,1.0,1.0,1.0,1.0,1.0,7,1,5,3,6,6,7,7,3,2,44.0,41.0,40.0,61.0,62.0,35.0,59.0,63.0,68.0,53.0,2,2,1,1,1,2,2,2,2,2,2,2,2,2,2,2,2,2,2,2,2,2,2,2,2,2,1,2,2,2,2,2,1,2,2,2,2,1,2,2,,,,1.0,200,,10.0,6.0,,,,,,,,,,,91.0,,4.0,5.0,6.0,2.0,1.0,,,,,,,
1081,5,5,5,5,5,5,5,5,1,5,,,,,,6.0,2.0,30,1.0,1025,,,,10,,10.0,1.0,,1.0,1.0,2.0,1.0,1.0,2.0,7,5,4,2,1,5,5,6,3,2,40.0,8.0,18.0,18.0,41.0,42.0,53.0,85.0,58.0,31.0,2,1,2,2,2,2,1,2,2,2,2,2,2,2,2,1,2,1,2,2,1,2,1,2,2,1,2,2,2,2,2,2,2,2,2,2,2,2,2,2,,,,,,,,6.0,,,,,,,,,,,100.0,3.0,4.0,5.0,6.0,1.0,,3.0,3.0,3.0,,,,
1082,1,3,1,4,4,4,5,1,5,5,70.0,4.0,,,,,2.0,7,,,,,,10,,4.0,,6.0,,,,,,,6,2,6,5,3,7,7,6,2,2,47.0,73.0,70.0,31.0,46.0,53.0,80.0,54.0,82.0,47.0,1,1,2,1,2,2,2,2,1,2,1,2,2,1,2,1,1,1,1,2,1,1,2,2,1,1,2,2,1,2,1,1,2,1,1,1,1,2,2,2,6.0,,,1.0,110,,,,1.0,1.0,2.0,1.0,1.0,2.0,1.0,1.0,1.0,1.0,,,1.0,5.0,6.0,2.0,1.0,3.0,4.0,2.0,,,,
1083,5,4,4,5,5,5,4,3,2,4,50.0,,,,,,2.0,50,,,,,,10,1.0,,1.0,,,,,,,,6,4,4,5,1,6,6,6,1,1,50.0,60.0,55.0,50.0,50.0,50.0,70.0,60.0,50.0,65.0,1,1,2,2,2,2,2,1,2,2,2,1,1,2,2,1,2,2,2,1,1,1,2,1,2,2,2,2,2,2,2,2,2,2,2,2,1,2,1,2,5.0,,,1.0,300,,,4.0,1.0,1.0,1.0,1.0,1.0,2.0,2.0,2.0,2.0,2.0,,2.0,,,,,,2.0,2.0,2.0,3.0,5.0,5.0,2.0
1084,3,3,4,5,4,4,4,4,3,2,,4.0,,,,,,,2.0,250,,,,,2.0,,,4.0,1.0,1.0,1.0,1.0,1.0,1.0,6,2,6,5,3,6,5,5,3,1,35.0,20.0,35.0,60.0,50.0,40.0,35.0,30.0,65.0,30.0,2,1,2,1,2,2,1,1,2,2,1,2,2,2,1,2,2,1,1,2,2,2,2,2,2,2,2,1,2,2,2,1,1,1,2,2,1,1,2,2,6.0,1.0,20,,,2,9.0,,,,,,,,,,,,75.0,,4.0,5.0,6.0,,2.0,4.0,5.0,3.0,,,,
1085,5,5,5,5,4,5,5,5,1,5,30.0,5.0,,,,5.0,2.0,35,1.0,1500,,,,20,2.0,2.0,2.0,6.0,1.0,2.0,1.0,2.0,1.0,1.0,7,1,1,2,4,5,5,6,3,1,51.0,47.0,40.0,21.0,54.0,21.0,15.0,36.0,77.0,53.0,1,2,1,1,1,1,2,2,1,2,2,2,2,2,2,2,2,1,2,1,2,1,1,2,2,1,2,2,2,2,1,2,1,2,2,2,1,1,2,2,,,,,,,,,,,,,,,,,,,,,4.0,4.0,5.0,,,4.0,4.0,4.0,,,,
1086,4,4,4,5,1,4,5,5,3,1,30.0,5.0,3.0,3.0,3.0,,2.0,12,2.0,100,,,,16,,,,,,,,,,,7,1,5,5,3,7,6,6,1,1,61.0,33.0,50.0,40.0,50.0,40.0,45.0,50.0,66.0,50.0,1,2,1,1,2,1,2,2,1,1,1,2,1,2,2,1,2,1,2,1,1,1,1,1,1,1,1,2,2,2,1,2,2,1,1,1,1,1,2,2,5.0,,,,,,,4.0,1.0,1.0,1.0,1.0,2.0,1.0,1.0,1.0,2.0,2.0,,,,,,2.0,1.0,,,,4.0,3.0,4.0,2.0
1087,4,3,4,5,4,4,4,3,1,2,30.0,4.0,3.0,2.0,2.0,,,,,,,,,,2.0,,2.0,,1.0,1.0,1.0,1.0,1.0,1.0,6,2,5,6,3,5,4,4,4,1,34.0,28.0,42.0,40.0,50.0,30.0,51.0,65.0,50.0,40.0,2,2,2,1,2,2,1,2,1,2,2,2,2,1,1,2,1,1,2,2,2,1,2,1,1,2,2,1,2,1,1,1,2,2,1,1,1,2,2,2,6.0,1.0,35,1.0,350,15,,5.0,,,,,,,,,,,,,5.0,4.0,5.0,,,,,,,,,3.0
1088,1,5,5,5,3,4,5,5,5,5,,4.0,1.0,2.0,3.0,7.0,,,2.0,380,,,,,1.0,,1.0,,1.0,2.0,1.0,1.0,1.0,2.0,7,1,1,1,1,7,7,7,2,2,3.0,75.0,100.0,100.0,35.0,56.0,100.0,100.0,100.0,100.0,2,1,1,1,1,1,1,1,1,1,2,1,1,1,1,1,1,1,1,1,2,1,1,1,2,1,1,1,2,1,1,1,1,1,1,1,1,1,1,1,,1.0,54,,,6,7.0,6.0,,,,,,,,,,,82.0,,,,,,,,,,3.0,5.0,6.0,
1089,3,4,4,5,3,5,4,5,2,1,,,,,,5.0,,,,,,,,,,,1.0,,,,,,,,6,3,4,5,5,5,4,3,3,1,50.0,60.0,65.0,75.0,70.0,65.0,60.0,90.0,60.0,30.0,2,2,2,2,2,2,2,2,1,2,1,2,2,2,2,1,2,2,2,1,2,2,2,2,2,2,2,2,2,2,2,2,2,2,2,2,2,2,2,2,,1.0,24,1.0,124,10,,4.0,1.0,1.0,1.0,1.0,1.0,1.0,1.0,1.0,1.0,1.0,50.0,4.0,2.0,5.0,6.0,1.0,,2.0,3.0,3.0,,,,3.0
1090,5,5,5,5,5,5,5,5,2,5,20.0,2.0,,,,6.0,,,,,2.0,5.0,6.0,,,2.0,,6.0,,,,,,,5,1,3,3,2,7,7,6,4,2,26.0,8.0,35.0,41.0,48.0,15.0,38.0,10.0,74.0,25.0,2,2,2,2,2,2,2,1,2,2,2,2,2,2,2,2,2,2,2,2,2,2,2,2,2,1,2,2,2,1,2,2,1,1,2,2,2,2,2,2,,1.0,53,1.0,127,15,,,2.0,1.0,1.0,1.0,2.0,2.0,1.0,2.0,2.0,2.0,,,,,,1.0,1.0,2.0,6.0,3.0,,,,
1091,1,1,1,2,3,1,4,2,5,5,80.0,4.0,2.0,6.0,2.0,,2.0,45,,,,,,18,,,,4.0,,,,,,,3,1,5,5,6,5,4,5,2,1,30.0,25.0,20.0,50.0,55.0,10.0,90.0,85.0,60.0,70.0,2,2,2,2,1,1,2,1,1,1,1,2,2,2,2,2,2,1,2,2,2,1,1,2,2,2,2,1,1,2,2,1,2,1,2,2,2,2,2,2,5.0,,,1.0,150,,,,1.0,1.0,1.0,1.0,1.0,1.0,1.0,1.0,1.0,1.0,,,4.0,5.0,4.0,1.0,2.0,,,,,,,2.0
1092,2,3,2,4,4,4,5,5,2,5,30.0,5.0,5.0,5.0,5.0,,2.0,50,,,4.0,2.0,5.0,15,2.0,2.0,1.0,,1.0,1.0,1.0,1.0,1.0,1.0,6,1,1,3,1,6,7,6,3,2,50.0,30.0,40.0,50.0,20.0,10.0,10.0,60.0,50.0,20.0,1,2,2,2,2,1,2,1,1,2,1,1,2,1,1,1,2,2,1,1,2,1,1,1,2,1,2,2,1,1,2,1,1,1,2,2,2,2,2,1,6.0,,,1.0,400,,,3.0,,,,,,,,,,,,,,,,,,,,,,,,
1093,1,1,1,1,5,2,1,1,5,5,,,5.0,5.0,5.0,6.0,,,2.0,850,,,,18,1.0,1.0,,,1.0,1.0,1.0,1.0,1.0,2.0,7,5,7,7,2,3,3,3,1,2,35.0,50.0,20.0,75.0,40.0,30.0,80.0,80.0,85.0,85.0,2,1,1,1,1,1,1,1,2,2,2,1,1,2,2,2,2,2,1,1,1,2,2,2,2,2,1,1,2,2,2,1,1,2,1,1,1,1,2,1,,2.0,8,,,,,3.0,,,,,,,,,,,85.0,5.0,1.0,1.0,6.0,,1.0,,,,,,,
1094,5,4,5,5,4,2,5,5,4,3,30.0,2.0,4.0,4.0,4.0,5.0,,,2.0,400,,,,,2.0,,,6.0,,,,,,,6,3,3,4,6,5,5,5,2,2,40.0,45.0,40.0,35.0,60.0,30.0,55.0,40.0,70.0,70.0,2,2,2,2,2,2,2,2,2,2,1,2,2,2,2,2,2,2,2,2,2,1,2,2,1,2,1,1,2,2,1,2,2,2,1,2,2,2,2,2,,1.0,25,,,5,10.0,,1.0,1.0,1.0,1.0,1.0,1.0,2.0,2.0,2.0,2.0,,,4.0,5.0,5.0,,1.0,,,,,,,
1095,4,4,3,4,4,5,4,3,3,4,8.0,6.0,2.0,4.0,3.0,,,,2.0,700,,,,8,1.0,,,,,,,,,,7,1,4,4,5,6,4,4,2,2,40.0,37.0,50.0,58.0,71.0,96.0,53.0,48.0,44.0,44.0,2,2,1,1,1,2,1,2,2,2,2,2,2,2,2,2,1,2,2,2,1,2,1,2,1,2,1,1,2,2,2,2,2,2,2,2,2,2,2,2,1.0,2.0,2,,,,,2.0,1.0,1.0,1.0,1.0,1.0,2.0,2.0,2.0,2.0,2.0,,,4.0,4.0,5.0,,2.0,,,,,,,1.0
1096,4,4,3,3,5,4,4,4,3,4,,4.0,3.0,3.0,3.0,6.0,2.0,30,,,2.0,5.0,4.0,,2.0,,,,,,,,,,5,1,1,3,2,7,7,6,3,2,25.0,30.0,10.0,60.0,75.0,2.0,45.0,99.0,90.0,60.0,1,2,1,1,1,2,1,1,1,2,2,1,1,2,2,2,1,2,1,2,1,2,2,2,1,2,2,2,2,2,1,2,1,2,2,2,2,1,2,2,,,,1.0,100,0,,4.0,1.0,1.0,1.0,1.0,2.0,2.0,1.0,1.0,1.0,2.0,70.0,,,,,,2.0,,,,,,,8.0
1097,1,4,1,1,4,5,2,4,5,5,85.0,,,,,7.0,2.0,45,,,,,,,2.0,1.0,1.0,,1.0,1.0,2.0,1.0,1.0,2.0,3,1,3,3,5,7,6,6,1,2,20.0,65.0,5.0,5.0,50.0,75.0,45.0,35.0,80.0,95.0,2,2,2,2,1,2,1,2,2,2,1,2,1,2,2,2,1,2,1,1,1,2,2,2,2,1,2,2,1,2,2,2,2,2,1,2,2,1,2,2,,,,1.0,120,10,,2.0,,,,,,,,,,,,2.0,,,,,,3.0,4.0,2.0,4.0,3.0,4.0,
1098,1,3,3,5,3,4,5,5,3,3,83.0,,,,,6.0,2.0,35,,,,,,20,2.0,,,3.0,,,,,,,7,5,5,2,2,5,7,7,1,1,6.0,2.0,1.0,13.0,6.0,4.0,14.0,75.0,20.0,3.0,2,2,2,1,2,2,2,2,1,2,2,2,2,2,2,2,2,2,2,2,2,2,2,2,2,2,2,2,2,2,2,2,2,2,1,2,2,2,2,2,,,,1.0,130,,,,1.0,1.0,1.0,1.0,1.0,1.0,1.0,1.0,1.0,1.0,,4.0,,,,,2.0,4.0,4.0,3.0,5.0,1.0,5.0,1.0
1099,5,5,5,5,5,5,5,5,4,4,30.0,4.0,3.0,3.0,3.0,,,,1.0,1500,1.0,4.0,4.0,15,2.0,,2.0,4.0,1.0,1.0,1.0,1.0,1.0,1.0,7,5,6,5,2,5,7,7,1,1,58.0,58.0,47.0,74.0,71.0,80.0,82.0,61.0,74.0,43.0,1,2,1,2,1,1,2,2,1,1,1,2,1,2,2,1,2,2,2,2,2,1,2,2,2,1,1,2,2,1,2,2,2,1,2,2,2,2,1,2,6.0,1.0,15,,,,6.0,,,,,,,,,,,,,,,,,,,,,,,,,
1100,4,5,4,5,4,5,5,5,3,1,,4.0,,,,7.0,,,2.0,250,,,,15,,1.0,1.0,2.0,1.0,1.0,1.0,1.0,2.0,2.0,7,4,4,5,1,5,5,5,1,1,30.0,30.0,25.0,60.0,55.0,60.0,70.0,70.0,65.0,20.0,2,2,1,2,2,2,1,2,2,2,1,2,2,1,2,2,2,1,2,2,2,2,2,1,1,2,2,2,2,1,1,2,1,2,1,2,1,1,2,2,,1.0,20,,,,,,,,,,,,,,,,95.0,,5.0,5.0,6.0,2.0,,3.0,4.0,4.0,,,,
1101,5,5,5,5,5,5,5,5,3,4,30.0,,3.0,3.0,3.0,,2.0,30,,,3.0,2.0,1.0,19,2.0,1.0,1.0,4.0,1.0,1.0,1.0,1.0,1.0,1.0,6,5,6,5,2,5,3,5,4,1,30.0,45.0,37.0,62.0,59.0,43.0,74.0,57.0,34.0,64.0,1,2,2,2,2,2,2,2,2,2,2,2,2,2,2,2,2,1,2,2,1,1,2,1,2,2,2,1,2,1,1,1,2,2,2,1,1,2,2,2,5.0,,,1.0,200,,,,,,,,,,,,,,,6.0,,,,,,,,,,,,
1102,4,4,4,5,4,3,5,5,3,3,30.0,5.0,3.0,3.0,3.0,,2.0,60,,,,,,20,2.0,,1.0,4.0,,,,,,,5,2,6,3,3,5,4,6,3,1,40.0,30.0,50.0,75.0,60.0,40.0,70.0,70.0,50.0,40.0,1,1,2,1,2,2,1,1,2,1,1,2,2,2,2,2,1,2,2,2,2,1,2,2,1,2,2,2,1,1,1,2,1,2,2,2,2,2,1,2,5.0,,,1.0,100,,,,1.0,1.0,2.0,1.0,1.0,2.0,1.0,1.0,2.0,1.0,,,,,,,,,,,3.0,5.0,6.0,3.0
1103,4,5,5,2,5,5,5,4,1,2,,4.0,,,,,2.0,50,2.0,300,,,,,,,,5.0,,,,,,,7,1,5,5,3,6,5,5,3,1,40.0,55.0,42.0,31.0,75.0,55.0,80.0,38.0,43.0,18.0,2,1,1,2,2,2,1,2,1,1,1,1,1,1,1,1,1,1,1,2,1,1,1,1,1,1,2,1,1,2,2,1,2,1,2,1,1,1,1,2,6.0,,,,,8,,,1.0,1.0,1.0,2.0,1.0,2.0,1.0,1.0,1.0,2.0,90.0,,1.0,5.0,6.0,1.0,1.0,5.0,3.0,3.0,,,,4.0
1104,3,4,2,5,5,2,5,5,5,5,72.0,5.0,1.0,4.0,4.0,7.0,,,,,,,,,2.0,,1.0,,1.0,1.0,2.0,1.0,2.0,1.0,5,1,5,4,1,7,5,6,3,1,20.0,11.0,22.0,61.0,82.0,9.0,100.0,25.0,88.0,100.0,1,2,1,2,2,1,2,2,2,1,1,1,1,2,1,2,1,2,1,2,1,2,1,2,1,1,1,1,1,1,2,1,1,1,1,2,2,1,2,2,,2.0,10,1.0,125,15,,4.0,,,,,,,,,,,,,,,,,,,,,3.0,5.0,6.0,3.0
1105,3,4,4,5,3,5,5,5,1,3,70.0,,,,,,,,2.0,650,2.0,5.0,5.0,,2.0,,,,,,,,,,5,2,4,3,3,6,4,5,3,1,50.0,60.0,55.0,60.0,40.0,55.0,95.0,62.0,8.0,40.0,2,1,1,2,1,2,2,2,1,1,1,2,2,2,1,1,2,2,1,2,2,1,1,1,2,2,2,2,2,2,2,2,2,1,2,2,2,2,2,1,3.0,2.0,10,,,7,7.0,4.0,1.0,1.0,2.0,1.0,2.0,2.0,2.0,1.0,1.0,2.0,,2.0,,,,,2.0,4.0,3.0,3.0,,,,
1106,4,5,4,3,5,4,3,5,3,5,70.0,5.0,,,,6.0,,,,,,,,,,4.0,1.0,5.0,,,,,,,7,7,5,7,3,3,3,3,3,2,81.0,69.0,52.0,63.0,59.0,46.0,45.0,53.0,59.0,47.0,1,1,1,1,1,1,1,1,1,1,1,1,1,1,1,1,1,1,1,1,1,1,1,1,1,1,1,1,1,1,1,1,1,1,1,1,1,1,1,1,,1.0,15,1.0,90,10,,,1.0,1.0,1.0,1.0,1.0,1.0,1.0,1.0,1.0,1.0,,,,,,1.0,,1.0,1.0,1.0,2.0,4.0,6.0,
1107,3,3,4,5,4,4,5,5,5,3,,,3.0,3.0,4.0,,2.0,50,2.0,300,1.0,4.0,2.0,15,1.0,,,5.0,,,,,,,6,7,5,6,7,2,4,5,3,1,48.0,41.0,83.0,97.0,90.0,93.0,90.0,100.0,95.0,60.0,2,1,2,2,2,2,2,2,2,2,2,2,2,1,2,2,2,2,2,2,2,1,2,1,2,2,2,2,2,2,2,1,2,2,2,2,2,2,2,1,6.0,,,,,,10.0,,1.0,1.0,1.0,1.0,1.0,1.0,1.0,1.0,1.0,1.0,70.0,2.0,,,,,2.0,,,,,,,
1108,2,2,1,1,3,1,4,3,5,4,,3.0,,,,,,,,,1.0,4.0,5.0,17,2.0,5.0,2.0,3.0,,,,,,,7,4,5,5,5,5,4,6,1,1,42.0,36.0,34.0,42.0,40.0,29.0,71.0,48.0,83.0,69.0,1,2,1,1,1,2,2,2,1,1,2,2,2,2,1,2,2,2,2,2,1,1,1,2,1,2,2,2,1,2,2,2,2,2,1,1,2,2,1,1,5.0,1.0,17,1.0,325,,,,1.0,1.0,1.0,2.0,1.0,2.0,1.0,1.0,1.0,1.0,70.0,,,,,,,3.0,5.0,2.0,,,,
1109,2,2,2,1,4,1,1,1,5,4,,5.0,,,,6.0,,,,,,,,12,2.0,1.0,,5.0,,,,,,,5,2,3,3,2,5,6,6,2,1,40.0,40.0,25.0,49.0,64.0,29.0,37.0,45.0,88.0,74.0,2,1,2,1,2,1,1,1,2,2,2,2,2,2,1,1,2,1,2,2,2,1,2,1,2,2,1,2,1,2,2,1,2,2,1,2,1,1,1,2,,1.0,55,1.0,750,,,,1.0,1.0,1.0,1.0,1.0,1.0,1.0,1.0,1.0,1.0,95.0,,,,,,2.0,5.0,5.0,1.0,5.0,5.0,2.0,
1110,1,2,1,1,1,2,4,1,4,4,,5.0,,,,,,,,,,,,,1.0,2.0,,4.0,,,,,,,6,4,6,6,3,3,5,5,1,1,10.0,14.0,5.0,10.0,20.0,15.0,60.0,5.0,60.0,60.0,2,2,2,2,1,1,1,1,2,1,2,1,1,2,2,1,1,1,2,2,2,1,2,1,2,2,1,2,1,1,2,1,1,1,2,2,1,2,1,1,6.0,1.0,23,1.0,100,4,,,1.0,1.0,1.0,1.0,1.0,1.0,1.0,1.0,1.0,1.0,100.0,,,,,,2.0,5.0,3.0,3.0,4.0,5.0,4.0,
1111,5,5,5,5,5,5,5,5,3,5,,5.0,4.0,4.0,4.0,6.0,,,,,,,,,,,,6.0,1.0,1.0,2.0,1.0,1.0,2.0,6,2,2,2,2,5,6,6,4,1,76.0,51.0,74.0,74.0,73.0,66.0,83.0,84.0,63.0,70.0,1,2,1,2,1,1,2,1,1,2,2,2,1,1,1,2,2,2,1,2,2,2,1,2,2,2,1,1,2,1,1,1,1,2,2,2,1,1,2,1,,1.0,20,1.0,120,15,,,,,,,,,,,,,92.0,,,,,1.0,2.0,,,,5.0,5.0,4.0,4.0
1112,4,5,4,5,3,5,5,5,3,1,50.0,2.0,,,,,,,1.0,1100,,,,4,,,1.0,5.0,,,,,,,5,4,6,6,5,6,6,6,4,1,33.0,32.0,38.0,45.0,50.0,60.0,83.0,55.0,60.0,30.0,2,2,1,2,1,2,2,2,1,2,2,2,2,2,1,1,2,1,2,1,2,2,1,2,2,1,2,1,2,2,2,2,1,1,2,2,2,1,1,2,6.0,1.0,35,,,,,,1.0,1.0,1.0,1.0,1.0,1.0,1.0,1.0,1.0,1.0,,,5.0,4.0,2.0,1.0,,3.0,4.0,2.0,,,,1.0
1113,5,2,4,4,5,5,5,1,1,5,,,,,,7.0,2.0,50,2.0,600,1.0,4.0,6.0,,2.0,4.0,1.0,5.0,,,,,,,6,1,3,5,2,5,6,5,3,1,65.0,60.0,70.0,95.0,95.0,100.0,100.0,0.0,0.0,100.0,2,1,1,2,1,1,2,1,1,1,2,2,2,1,1,1,1,1,1,1,1,1,1,2,2,2,2,2,2,1,2,2,1,2,1,1,1,1,1,1,,,,,,20,,,1.0,1.0,1.0,1.0,1.0,1.0,2.0,2.0,1.0,1.0,85.0,4.0,,,,,,6.0,5.0,2.0,,,,
1114,4,5,5,5,5,5,5,5,2,2,60.0,6.0,,,,6.0,,,,,1.0,4.0,4.0,,2.0,3.0,,6.0,1.0,1.0,1.0,1.0,1.0,1.0,7,1,7,7,5,6,5,5,3,1,45.0,45.0,55.0,70.0,70.0,40.0,60.0,40.0,50.0,45.0,2,2,2,2,2,2,2,2,1,2,1,1,2,2,2,2,2,2,1,1,1,2,1,2,2,2,2,2,2,1,1,2,1,2,2,2,2,2,1,2,,1.0,22,1.0,200,18,,,,,,,,,,,,,,,,,,,2.0,4.0,4.0,4.0,,,,
1115,3,3,3,2,4,2,4,4,1,4,,4.0,,,,,1.0,110,,,2.0,4.0,6.0,3,2.0,,1.0,,,,,,,,6,1,6,6,5,7,7,7,2,2,40.0,20.0,30.0,18.0,14.0,35.0,70.0,61.0,42.0,48.0,2,1,1,1,1,1,1,1,1,2,1,1,2,1,1,2,1,1,2,1,2,1,1,1,2,2,1,1,2,2,2,1,1,2,2,1,1,1,2,2,6.0,,,1.0,200,,10.0,5.0,1.0,1.0,2.0,1.0,2.0,1.0,1.0,1.0,2.0,1.0,70.0,,,,,,,2.0,1.0,1.0,,,,
1116,3,3,3,3,3,4,4,3,4,4,,,,,,,2.0,25,,,,,,,,,,5.0,,,,,,,7,1,3,3,3,6,5,4,1,2,27.0,26.0,30.0,50.0,27.0,52.0,40.0,23.0,38.0,32.0,1,1,2,2,2,2,2,2,2,2,1,1,2,2,1,2,2,2,2,1,2,2,1,2,2,2,2,1,2,1,2,2,1,2,2,2,2,2,2,2,5.0,,,2.0,56,0,,,1.0,2.0,1.0,1.0,2.0,2.0,2.0,1.0,2.0,1.0,100.0,1.0,4.0,4.0,4.0,1.0,1.0,3.0,1.0,1.0,,,,1.0
1117,5,5,5,5,4,5,5,5,1,4,,,,,,,,,1.0,2000,,,,19,,1.0,1.0,,1.0,1.0,1.0,1.0,1.0,1.0,7,1,5,5,6,7,7,7,2,2,80.0,60.0,70.0,61.0,66.0,29.0,90.0,95.0,75.0,63.0,2,1,2,2,2,1,1,2,2,2,1,1,2,2,2,2,2,2,1,1,2,2,2,2,2,2,2,2,2,2,1,2,1,2,1,2,2,1,2,2,6.0,1.0,40,,,,,2.0,,,,,,,,,,,70.0,2.0,,,,1.0,,4.0,4.0,2.0,5.0,4.0,4.0,
1118,2,4,2,5,4,4,4,4,3,4,,5.0,,,,,,,,,,,,,,,,,1.0,1.0,1.0,1.0,2.0,2.0,6,2,5,6,2,6,5,5,3,1,35.0,40.0,30.0,40.0,31.0,25.0,35.0,45.0,53.0,38.0,2,2,1,1,1,1,2,2,1,1,2,2,2,2,2,1,2,2,1,2,2,2,1,1,2,2,2,1,2,2,1,2,2,2,2,2,2,1,1,2,6.0,1.0,40,2.0,200,10,,5.0,,,,,,,,,,,70.0,,,,,1.0,2.0,3.0,3.0,3.0,4.0,2.0,6.0,3.0
1119,3,4,2,5,3,3,4,3,2,4,,,2.0,3.0,3.0,6.0,1.0,80,,,,,,,2.0,1.0,,,,,,,,,3,4,5,4,3,5,4,3,3,1,47.0,62.0,40.0,66.0,59.0,58.0,56.0,69.0,58.0,44.0,1,2,1,1,1,2,1,2,2,1,1,1,2,2,2,1,1,1,1,1,2,2,1,2,1,1,2,1,2,1,2,1,2,1,2,2,1,1,1,2,,,,1.0,122,5,,4.0,1.0,1.0,1.0,2.0,2.0,2.0,2.0,2.0,2.0,2.0,41.0,3.0,3.0,2.0,3.0,,2.0,,,,,,,
1120,3,4,3,4,4,5,5,4,4,3,10.0,,,,,5.0,,,2.0,350,,,,15,,2.0,,5.0,,,,,,,5,2,2,2,3,3,5,5,3,1,40.0,50.0,35.0,40.0,50.0,75.0,90.0,45.0,55.0,40.0,2,1,1,1,1,1,2,2,1,1,1,2,2,1,2,1,1,1,1,2,1,1,1,1,2,2,2,2,1,2,1,1,1,2,2,2,2,1,2,2,,1.0,30,,,,,,1.0,1.0,1.0,1.0,1.0,1.0,1.0,1.0,1.0,1.0,,4.0,4.0,4.0,4.0,1.0,1.0,3.0,4.0,2.0,,,,
1121,3,4,4,5,3,4,5,5,4,3,64.0,4.0,5.0,3.0,4.0,7.0,,,,,,,,,,,,6.0,1.0,1.0,2.0,1.0,2.0,1.0,6,1,4,3,3,7,5,5,2,2,50.0,30.0,34.0,73.0,50.0,30.0,93.0,88.0,92.0,58.0,2,1,1,1,2,2,1,2,1,2,1,2,1,1,2,2,2,2,2,1,2,2,2,1,2,1,2,2,2,2,2,1,1,1,2,2,1,1,1,1,,1.0,18,1.0,200,10,,,,,,,,,,,,,,,,,,1.0,1.0,,,,2.0,5.0,5.0,3.0
1122,2,5,4,2,5,4,4,4,2,5,,2.0,,,,,2.0,42,,,,,,,,,1.0,,1.0,1.0,2.0,1.0,1.0,2.0,7,5,7,3,3,5,6,6,2,2,35.0,60.0,47.0,40.0,76.0,67.0,74.0,42.0,66.0,86.0,2,1,1,1,1,1,1,1,2,2,1,2,2,1,2,1,1,1,1,2,1,1,1,1,1,1,1,1,1,1,1,2,1,2,1,1,1,1,1,1,6.0,,,1.0,94,5,7.0,5.0,,,,,,,,,,,59.0,,4.0,5.0,6.0,2.0,,5.0,2.0,1.0,,,,
1123,4,3,4,1,5,5,5,5,5,4,,4.0,2.0,4.0,5.0,7.0,,,2.0,500,,,,,,,,,1.0,1.0,1.0,2.0,1.0,2.0,7,6,1,3,2,2,7,6,2,1,30.0,40.0,35.0,10.0,65.0,45.0,90.0,70.0,40.0,70.0,2,1,1,1,2,1,2,2,2,1,2,1,1,1,2,1,2,2,1,2,1,2,1,2,2,1,1,2,2,1,2,2,1,1,1,1,1,1,2,2,,1.0,30,,,5,10.0,3.0,,,,,,,,,,,95.0,,1.0,5.0,6.0,1.0,2.0,,,,,,,
1124,5,5,5,5,5,5,5,5,1,5,,,,,,,,,1.0,1100,1.0,5.0,6.0,15,,,,6.0,1.0,1.0,2.0,1.0,1.0,2.0,6,4,3,2,2,3,3,5,3,1,55.0,34.0,15.0,60.0,72.0,67.0,30.0,66.0,44.0,73.0,2,2,1,1,1,2,2,2,2,2,2,2,1,2,1,2,2,2,1,2,2,1,2,1,2,2,2,2,2,1,1,2,1,1,1,2,2,2,2,2,3.0,1.0,51,,,,8.0,,,,,,,,,,,,33.0,3.0,,,,1.0,1.0,4.0,6.0,3.0,,,,
1125,5,5,5,5,5,5,5,5,2,4,,,3.0,4.0,3.0,6.0,2.0,39,,,,,,,,,2.0,,,,,,,,6,4,3,3,3,5,5,5,3,2,51.0,55.0,62.0,73.0,71.0,61.0,75.0,78.0,63.0,65.0,2,2,1,1,1,2,2,2,1,2,2,1,1,2,2,1,2,1,2,2,1,2,2,1,2,2,2,1,2,2,2,2,2,2,2,1,1,1,2,2,,,,1.0,120,12,,3.0,1.0,1.0,1.0,1.0,1.0,2.0,2.0,1.0,1.0,1.0,70.0,2.0,,,,1.0,,,,,4.0,4.0,6.0,2.0
1126,4,4,5,4,4,5,5,5,3,4,,,5.0,1.0,3.0,6.0,2.0,52,2.0,400,,,,20,2.0,,1.0,6.0,,,,,,,7,5,4,4,3,5,6,5,2,2,75.0,57.0,80.0,90.0,50.0,40.0,90.0,95.0,50.0,50.0,2,2,2,1,1,1,1,1,1,1,1,1,2,1,1,2,2,1,2,1,2,1,1,1,1,2,2,2,1,2,1,1,1,1,1,1,1,1,1,1,,,,,,,4.0,,1.0,1.0,1.0,1.0,2.0,2.0,1.0,1.0,2.0,1.0,7.0,2.0,5.0,5.0,5.0,,,,,,,,,
1127,4,2,4,5,4,4,5,5,3,3,,,3.0,2.0,3.0,6.0,,,2.0,450,,,,20,1.0,,2.0,6.0,,,,,,,7,2,4,3,3,5,4,5,3,1,39.0,12.0,52.0,60.0,73.0,66.0,84.0,62.0,42.0,70.0,2,2,1,1,2,2,1,1,2,2,2,2,2,2,2,2,2,1,2,2,2,2,2,2,2,2,1,2,2,2,1,1,1,1,2,2,1,1,2,2,,1.0,45,,,,,,1.0,1.0,1.0,1.0,1.0,1.0,1.0,1.0,1.0,1.0,70.0,3.0,5.0,4.0,5.0,,,,,,,,,1.0
1128,4,5,5,5,5,4,5,5,1,4,80.0,4.0,,,,,,,,,2.0,4.0,4.0,,,,1.0,,1.0,1.0,1.0,1.0,1.0,1.0,6,4,2,2,5,5,7,7,4,1,60.0,60.0,80.0,55.0,90.0,50.0,85.0,65.0,30.0,75.0,1,2,1,2,2,1,2,1,1,2,2,2,2,2,1,2,2,2,1,2,1,2,1,2,1,2,1,2,2,2,2,2,1,2,1,2,2,2,1,2,5.0,1.0,20,1.0,300,15,4.0,4.0,,,,,,,,,,,,,,,,2.0,,3.0,3.0,3.0,,,,
1129,2,2,2,4,4,2,4,5,5,4,,,4.0,6.0,4.0,,,,,,,,,,1.0,2.0,,,1.0,1.0,2.0,1.0,2.0,1.0,5,1,2,3,3,7,7,6,3,1,48.0,51.0,48.0,49.0,54.0,54.0,65.0,70.0,86.0,76.0,1,1,1,2,2,2,2,2,2,1,2,2,2,2,1,1,2,2,1,2,2,1,2,2,1,1,2,2,2,2,1,1,2,1,1,1,2,2,1,2,3.0,1.0,48,1.0,102,5,,4.0,,,,,,,,,,,82.0,3.0,2.0,5.0,6.0,,2.0,,,,,,,
1130,5,4,5,5,4,5,5,5,1,1,,4.0,,,,,,,,,,,,,2.0,3.0,1.0,6.0,,,,,,,7,1,2,2,2,5,7,6,4,2,59.0,29.0,40.0,79.0,51.0,71.0,84.0,67.0,30.0,34.0,1,1,1,2,1,2,2,1,1,1,2,1,2,1,2,1,2,2,2,2,2,2,2,1,1,1,1,1,2,1,2,1,1,1,1,2,1,2,2,2,6.0,1.0,40,1.0,120,10,,,1.0,2.0,1.0,1.0,2.0,1.0,1.0,1.0,2.0,1.0,70.0,,,,,,,5.0,5.0,3.0,1.0,5.0,6.0,
1131,1,3,2,4,4,1,4,2,5,4,75.0,,6.0,6.0,4.0,,2.0,55,1.0,2400,2.0,3.0,4.0,,2.0,,2.0,4.0,1.0,1.0,1.0,2.0,2.0,1.0,7,4,7,6,3,5,6,7,2,1,19.0,20.0,20.0,39.0,40.0,19.0,36.0,32.0,64.0,46.0,2,1,2,2,2,1,2,2,1,2,2,2,1,1,1,1,2,2,2,2,1,1,1,2,2,1,2,1,1,1,2,2,2,2,1,2,1,1,2,1,3.0,,,,,13,9.0,,,,,,,,,,,,,3.0,,,,,,,,,,,,
1132,1,2,1,4,5,4,4,3,5,5,71.0,4.0,,,,3.0,2.0,30,,,1.0,4.0,5.0,20,,,,6.0,2.0,1.0,1.0,2.0,1.0,1.0,7,1,6,2,5,6,5,7,1,2,12.0,10.0,12.0,20.0,81.0,20.0,40.0,26.0,40.0,63.0,2,2,2,1,1,1,2,2,1,1,1,1,1,2,2,1,2,2,1,2,1,2,1,2,1,2,2,2,1,1,1,1,2,2,2,2,1,1,2,1,,,,1.0,400,,10.0,,,,,,,,,,,,,,,,,2.0,2.0,2.0,5.0,3.0,,,,
1133,2,3,2,2,4,3,5,3,4,4,,3.0,5.0,4.0,3.0,6.0,2.0,45,,,,,,,,3.0,,4.0,1.0,1.0,1.0,2.0,2.0,1.0,7,2,3,3,2,6,5,6,3,2,50.0,60.0,20.0,20.0,50.0,40.0,95.0,51.0,80.0,60.0,2,2,2,1,2,2,1,2,1,1,2,1,1,2,2,2,1,1,2,2,2,2,2,2,2,2,2,2,2,1,2,2,2,1,1,2,2,2,1,2,,,,1.0,180,3,,,,,,,,,,,,,70.0,,,,,1.0,2.0,,,,1.0,5.0,5.0,
1134,4,3,4,4,4,4,5,5,3,3,30.0,,,,,,,,,,,,,,2.0,,1.0,,,,,,,,5,3,5,5,5,6,7,7,1,1,47.0,52.0,46.0,61.0,65.0,51.0,72.0,67.0,31.0,58.0,1,2,1,2,2,2,1,1,2,1,2,2,1,1,2,1,2,2,2,1,1,1,2,1,1,2,1,2,1,1,2,2,1,1,2,2,1,2,2,2,6.0,1.0,30,1.0,215,20,,4.0,1.0,1.0,1.0,1.0,1.0,1.0,1.0,1.0,1.0,1.0,,3.0,2.0,4.0,2.0,,,2.0,5.0,3.0,,,,2.0
1135,3,4,4,4,4,2,4,5,5,4,,,,,,,2.0,50,,,1.0,5.0,6.0,20,,,1.0,6.0,,,,,,,7,1,6,6,4,7,5,5,2,1,56.0,63.0,69.0,65.0,70.0,48.0,67.0,97.0,54.0,67.0,1,2,2,2,1,1,2,1,2,2,1,2,2,1,2,2,1,2,2,2,2,2,2,1,2,2,2,2,2,2,2,1,2,2,2,1,2,1,1,2,3.0,,,1.0,350,,,,1.0,1.0,1.0,1.0,1.0,1.0,1.0,1.0,1.0,1.0,67.0,3.0,,,,1.0,,3.0,3.0,2.0,,,,3.0
1136,1,4,3,1,4,4,4,3,4,3,,3.0,,,,6.0,2.0,52,1.0,1200,3.0,4.0,3.0,,1.0,,,4.0,1.0,2.0,1.0,1.0,1.0,2.0,5,1,2,3,3,6,7,5,1,1,37.0,71.0,46.0,45.0,69.0,60.0,80.0,53.0,55.0,66.0,1,2,1,2,1,1,2,2,1,1,2,2,2,1,1,1,1,2,2,1,2,2,2,1,2,1,1,1,1,2,1,1,2,1,1,2,2,1,1,1,,,,,,1,7.0,,,,,,,,,,,,85.0,,,,,,2.0,2.0,5.0,2.0,,,,
1137,4,4,4,4,4,4,4,4,3,5,,3.0,,,,,2.0,35,,,,,,,1.0,,,4.0,,,,,,,5,3,6,3,3,5,3,5,3,1,65.0,40.0,45.0,55.0,40.0,30.0,68.0,60.0,36.0,45.0,2,2,2,2,2,2,2,2,2,2,1,2,2,2,2,2,2,2,2,2,2,2,1,2,2,2,1,1,2,2,1,2,2,2,2,2,2,2,2,2,5.0,,,1.0,215,5,4.0,,1.0,1.0,1.0,1.0,1.0,1.0,1.0,1.0,1.0,1.0,70.0,,,,,,2.0,3.0,3.0,2.0,2.0,3.0,4.0,
1138,1,1,1,1,1,1,1,1,5,3,,,3.0,3.0,3.0,6.0,,,,,,,,,2.0,,,4.0,1.0,1.0,1.0,1.0,1.0,1.0,5,1,4,6,2,7,6,6,2,1,46.0,45.0,41.0,53.0,28.0,38.0,52.0,47.0,60.0,38.0,1,1,1,1,2,1,1,1,2,2,2,1,2,2,1,1,2,2,2,2,1,2,2,2,1,1,1,2,2,1,2,1,1,1,1,1,1,2,2,2,,1.0,50,1.0,300,15,,,,,,,,,,,,,70.0,1.0,4.0,3.0,1.0,,1.0,,,,,,,3.0
1139,4,4,4,5,5,5,5,5,4,5,30.0,5.0,,,,6.0,,,2.0,400,4.0,5.0,6.0,20,2.0,,1.0,4.0,,,,,,,7,5,5,5,3,3,3,3,4,1,51.0,36.0,40.0,80.0,84.0,76.0,85.0,97.0,71.0,66.0,1,1,1,2,1,1,2,2,1,2,2,1,1,1,2,1,1,1,1,2,2,1,1,2,2,2,2,2,1,2,2,2,2,2,2,2,2,2,2,2,,1.0,30,,,,,,1.0,1.0,1.0,1.0,1.0,1.0,1.0,1.0,1.0,1.0,,,,,,,,4.0,4.0,4.0,,,,5.0
1140,4,2,2,4,4,4,3,4,4,4,,4.0,,,,,2.0,50,,,4.0,4.0,5.0,,,,,4.0,,,,,,,7,5,3,2,6,5,6,6,2,1,60.0,30.0,25.0,50.0,50.0,75.0,20.0,75.0,80.0,90.0,1,2,1,2,1,2,2,2,2,2,2,2,2,2,2,2,1,2,1,2,1,2,2,1,1,1,2,2,2,2,2,2,2,1,1,2,2,1,2,2,5.0,,,1.0,275,15,,,1.0,1.0,1.0,1.0,1.0,1.0,1.0,2.0,2.0,2.0,75.0,,,,,1.0,2.0,3.0,3.0,2.0,,,,3.0
1141,4,3,2,3,3,4,2,2,3,2,,,,,,6.0,,,2.0,600,,,,,2.0,,,5.0,1.0,1.0,1.0,1.0,1.0,1.0,4,4,5,5,3,4,5,4,1,1,43.0,49.0,47.0,47.0,30.0,50.0,45.0,46.0,44.0,34.0,1,2,1,2,2,2,2,2,1,2,1,1,1,2,2,1,1,1,2,2,2,2,2,1,2,2,2,1,1,2,2,2,1,2,2,2,2,1,2,1,,2.0,8,,,20,,,,,,,,,,,,,75.0,3.0,5.0,1.0,1.0,,2.0,2.0,2.0,1.0,,,,3.0
1142,4,3,4,1,3,4,4,5,5,4,30.0,,,,,,,,2.0,400,,,,15,,,,4.0,,,,,,,3,2,3,3,1,2,4,4,3,2,77.0,22.0,52.0,10.0,44.0,38.0,65.0,70.0,51.0,41.0,1,2,2,2,2,1,1,1,1,1,1,1,1,2,1,1,1,1,2,1,1,1,2,2,1,2,2,1,2,2,1,1,2,1,1,2,2,1,2,1,6.0,1.0,50,,,,,,1.0,1.0,1.0,2.0,1.0,1.0,2.0,1.0,1.0,2.0,,4.0,,,,1.0,2.0,3.0,3.0,3.0,1.0,5.0,3.0,2.0
1143,3,4,4,5,5,5,5,5,1,5,,4.0,3.0,3.0,3.0,,2.0,30,2.0,200,3.0,5.0,5.0,20,2.0,3.0,,6.0,,,,,,,6,2,4,3,3,5,6,7,3,2,25.0,40.0,15.0,60.0,75.0,60.0,52.0,75.0,40.0,60.0,2,2,1,1,2,1,2,2,2,1,2,1,1,1,1,2,1,2,1,2,2,1,2,2,2,2,2,1,2,2,1,1,2,1,1,2,2,1,1,2,6.0,,,,,,,,1.0,1.0,1.0,1.0,1.0,1.0,1.0,1.0,1.0,1.0,70.0,,,,,,2.0,,,,,,,
1144,3,4,3,4,4,3,3,2,3,3,74.0,,,,,,,,2.0,379,,,,10,1.0,,,,2.0,1.0,2.0,1.0,1.0,2.0,6,6,4,5,3,6,4,3,1,1,45.0,71.0,51.0,39.0,57.0,72.0,52.0,41.0,55.0,66.0,1,1,1,2,1,1,1,1,1,1,1,1,1,2,1,1,2,1,2,1,1,1,1,1,1,1,2,1,1,2,1,1,1,1,1,1,1,2,1,1,5.0,2.0,0,,,,,4.0,,,,,,,,,,,,3.0,3.0,3.0,5.0,,1.0,4.0,3.0,3.0,,,,2.0
1145,5,4,4,5,5,5,5,5,4,2,74.0,5.0,2.0,5.0,5.0,6.0,2.0,50,2.0,500,2.0,1.0,2.0,,,,2.0,,,,,,,,6,3,3,3,2,5,6,5,2,1,71.0,61.0,62.0,80.0,57.0,43.0,78.0,78.0,41.0,15.0,1,1,2,1,2,2,2,2,1,2,2,2,2,2,2,2,2,1,2,2,2,1,2,1,2,2,2,2,1,2,2,2,2,2,1,1,2,2,2,2,,,,,,10,10.0,5.0,1.0,1.0,2.0,2.0,1.0,1.0,1.0,2.0,1.0,1.0,,,,,,2.0,,,,,,,,
1146,2,4,5,5,4,1,3,5,5,2,,4.0,1.0,3.0,1.0,,1.0,70,,,2.0,5.0,6.0,,1.0,,1.0,6.0,1.0,1.0,2.0,1.0,1.0,2.0,7,4,3,2,3,3,7,7,2,2,20.0,55.0,65.0,50.0,43.0,15.0,35.0,70.0,80.0,10.0,1,2,2,2,2,2,1,2,2,2,2,2,1,2,1,2,2,1,2,2,2,2,1,1,2,2,1,2,2,2,2,2,2,1,2,2,2,2,2,2,3.0,,,1.0,120,10,,,,,,,,,,,,,70.0,,,,,,,,,,,,,2.0
1147,4,3,4,5,4,5,3,5,3,3,30.0,,3.0,3.0,3.0,5.0,2.0,48,,,,,,,2.0,,,5.0,,,,,,,6,2,5,5,2,5,5,7,3,2,45.0,30.0,45.0,65.0,70.0,45.0,30.0,65.0,50.0,50.0,1,1,2,2,1,1,2,1,2,1,2,1,2,2,1,1,2,1,1,1,2,2,1,2,2,2,2,2,1,2,2,1,1,1,2,2,1,1,2,2,,,,1.0,180,0,9.0,,1.0,1.0,1.0,1.0,1.0,1.0,1.0,1.0,1.0,1.0,,3.0,,,,,2.0,,,,2.0,5.0,5.0,
1148,4,2,5,5,5,4,4,5,2,4,,5.0,,,,,,,,,,,,20,2.0,,2.0,5.0,1.0,1.0,2.0,1.0,1.0,2.0,5,2,5,5,2,3,7,6,2,1,60.0,20.0,70.0,80.0,80.0,20.0,50.0,60.0,45.0,40.0,2,2,1,2,2,1,2,2,2,2,1,1,1,2,1,2,2,2,1,1,2,2,2,1,2,2,1,1,2,2,2,1,2,2,2,2,2,2,2,1,6.0,2.0,5,1.0,200,,,,,,,,,,,,,,80.0,,,,,,,4.0,5.0,3.0,1.0,5.0,6.0,3.0
1149,5,5,5,5,5,5,5,5,1,2,30.0,,,,,6.0,2.0,50,2.0,550,,,,20,2.0,,,,1.0,1.0,2.0,1.0,1.0,2.0,6,4,7,5,3,5,6,6,3,1,40.0,27.0,49.0,52.0,55.0,63.0,61.0,67.0,48.0,43.0,1,1,2,2,1,2,2,1,2,2,1,2,1,2,1,1,2,2,1,1,1,2,1,2,1,1,1,1,1,1,1,1,2,1,2,2,1,2,2,2,,,,,,,,6.0,,,,,,,,,,,,3.0,5.0,5.0,5.0,,2.0,4.0,5.0,2.0,,,,3.0
1150,3,3,3,3,3,4,4,4,3,3,25.0,3.0,,,,6.0,2.0,4,1.0,1100,,,,14,,1.0,1.0,4.0,,,,,,,7,4,3,3,2,5,4,5,2,2,30.0,25.0,30.0,35.0,34.0,37.0,40.0,62.0,48.0,45.0,2,1,1,2,1,1,2,2,1,1,1,2,2,1,1,2,2,2,2,1,2,1,2,2,2,2,2,1,1,2,1,2,2,2,2,2,2,1,2,2,,,,,,,,,1.0,1.0,1.0,2.0,1.0,2.0,2.0,1.0,1.0,2.0,,,5.0,4.0,4.0,2.0,,3.0,3.0,3.0,,,,
1151,1,3,2,4,4,1,1,3,5,5,,3.0,,,,6.0,,,2.0,600,2.0,2.0,3.0,15,2.0,2.0,2.0,5.0,1.0,1.0,1.0,2.0,1.0,2.0,6,2,5,5,5,5,6,5,1,1,10.0,10.0,10.0,33.0,51.0,30.0,24.0,65.0,96.0,88.0,1,1,2,1,2,2,2,2,2,2,2,2,2,2,1,2,1,1,1,1,2,2,1,1,2,2,1,2,2,2,2,1,2,1,2,2,2,2,1,2,,1.0,14,,,,,,,,,,,,,,,,72.0,,,,,,,5.0,4.0,3.0,,,,
1152,1,1,1,2,3,1,3,1,5,4,,5.0,4.0,3.0,4.0,,,,2.0,350,1.0,2.0,4.0,,2.0,,,4.0,,,,,,,5,4,7,7,2,3,5,6,2,1,35.0,45.0,42.0,42.0,55.0,44.0,54.0,51.0,63.0,62.0,2,2,1,2,2,2,1,2,2,2,2,1,1,2,2,2,2,1,1,2,2,2,2,1,1,2,2,2,2,2,2,2,2,2,2,2,2,2,2,2,5.0,1.0,35,,,8,,,1.0,1.0,1.0,1.0,1.0,1.0,1.0,1.0,1.0,1.0,95.0,,,,,,1.0,,,,,,,2.0
1153,2,4,2,3,4,5,1,5,2,4,,5.0,,,,6.0,,,,,1.0,4.0,3.0,,,3.0,2.0,5.0,1.0,1.0,2.0,1.0,2.0,1.0,6,1,4,5,3,5,5,5,3,2,20.0,25.0,25.0,40.0,60.0,50.0,78.0,55.0,33.0,50.0,2,2,1,1,1,1,1,2,2,1,2,1,2,2,2,2,1,1,2,2,2,2,1,1,2,1,2,1,2,1,2,2,1,1,2,2,2,2,1,2,,1.0,40,1.0,300,12,,,,,,,,,,,,,65.0,,,,,1.0,,3.0,5.0,4.0,,,,
1154,5,5,5,5,5,5,5,5,2,3,80.0,3.0,,,,6.0,,,2.0,300,1.0,5.0,6.0,16,,,,5.0,,,,,,,7,2,6,6,3,6,5,5,3,1,64.0,54.0,56.0,65.0,63.0,46.0,51.0,76.0,52.0,50.0,2,1,2,1,2,2,1,1,1,1,1,1,2,2,1,1,2,2,2,2,1,2,2,1,1,2,1,1,2,2,2,1,1,1,2,1,1,1,2,1,,1.0,16,,,,,,1.0,1.0,1.0,2.0,1.0,1.0,1.0,1.0,2.0,1.0,,,,,,2.0,1.0,3.0,3.0,2.0,,,,4.0
1155,5,5,5,5,5,5,5,5,1,1,,4.0,4.0,4.0,4.0,,,,2.0,630,2.0,5.0,6.0,,1.0,,,6.0,1.0,1.0,1.0,1.0,1.0,1.0,7,3,3,3,2,5,6,6,4,1,45.0,40.0,55.0,70.0,75.0,55.0,60.0,75.0,40.0,20.0,2,2,1,2,1,1,2,2,1,1,2,2,2,1,2,1,1,1,2,2,2,1,2,2,1,1,2,2,1,1,2,1,2,1,2,2,1,1,2,1,6.0,1.0,47,,,5,7.0,,,,,,,,,,,,70.0,,,,,,2.0,,,,,,,
1156,5,5,5,5,5,5,5,5,3,3,,,3.0,3.0,3.0,,,,2.0,500,,,,,2.0,,,,1.0,1.0,1.0,1.0,1.0,1.0,6,2,6,5,5,6,6,6,3,1,66.0,67.0,66.0,55.0,63.0,55.0,64.0,65.0,46.0,45.0,2,1,2,1,1,1,1,2,2,1,2,1,1,1,1,1,1,1,1,2,1,2,1,2,1,1,1,2,1,1,1,1,1,1,2,1,1,1,1,1,5.0,1.0,35,,,17,7.0,5.0,,,,,,,,,,,70.0,6.0,,,,,2.0,,,,1.0,5.0,6.0,
1157,4,3,4,3,4,3,3,5,4,3,67.0,3.0,5.0,4.0,4.0,,,,,,,,,,,,,,,,,,,,6,1,5,5,3,3,3,3,4,2,74.0,45.0,70.0,64.0,79.0,52.0,82.0,94.0,81.0,53.0,2,1,2,2,1,2,1,2,2,2,2,2,1,2,2,2,2,2,1,2,2,2,1,2,2,2,2,2,2,2,2,2,2,2,2,2,2,2,2,2,6.0,1.0,40,1.0,200,2,,4.0,1.0,1.0,1.0,1.0,1.0,1.0,1.0,1.0,1.0,1.0,,,,,,1.0,2.0,,,,4.0,5.0,6.0,3.0
1158,3,4,4,5,4,4,5,3,3,4,53.0,4.0,,,,5.0,,,1.0,1100,,,,20,2.0,,2.0,,1.0,1.0,2.0,2.0,1.0,1.0,6,4,4,5,2,5,4,4,3,2,51.0,70.0,71.0,96.0,68.0,51.0,81.0,46.0,43.0,95.0,1,2,1,2,2,2,2,2,1,1,2,1,2,2,1,1,2,1,1,1,1,2,2,2,1,2,1,1,1,1,1,1,2,2,2,2,1,2,1,1,,1.0,15,,,,,4.0,,,,,,,,,,,,,,,,,,3.0,3.0,2.0,3.0,5.0,4.0,3.0
1159,5,5,5,5,5,5,5,5,1,1,,4.0,3.0,5.0,3.0,,1.0,60,,,1.0,5.0,6.0,,2.0,10.0,,,,,,,,,7,2,2,2,4,7,7,7,3,2,80.0,48.0,78.0,82.0,62.0,70.0,92.0,99.0,50.0,16.0,2,1,2,1,2,1,1,2,2,2,2,2,2,2,2,2,1,2,2,2,1,2,2,1,2,2,2,1,2,2,2,2,2,2,2,1,2,2,2,2,6.0,,,1.0,150,20,,6.0,1.0,1.0,1.0,1.0,1.0,1.0,1.0,1.0,1.0,1.0,70.0,,,,,,1.0,,,,,,,
1160,5,3,5,4,4,2,4,3,5,3,80.0,,,,,6.0,,,1.0,1200,,,,15,2.0,,1.0,,,,,,,,7,1,4,6,3,7,4,3,3,2,80.0,60.0,90.0,40.0,50.0,50.0,85.0,50.0,100.0,80.0,2,1,1,1,1,1,2,1,2,1,1,2,1,2,1,1,1,1,1,1,2,2,1,2,1,2,2,2,2,1,2,2,2,2,1,2,1,1,1,1,,1.0,20,,,,,4.0,1.0,2.0,1.0,2.0,1.0,2.0,1.0,2.0,1.0,2.0,,3.0,,,,,,2.0,2.0,2.0,1.0,4.0,2.0,2.0
1161,4,5,5,5,5,3,5,5,5,5,80.0,5.0,1.0,1.0,1.0,,2.0,55,1.0,1200,,,,15,,,,5.0,1.0,1.0,1.0,2.0,1.0,2.0,6,4,1,1,2,4,7,6,4,2,75.0,75.0,76.0,83.0,77.0,61.0,82.0,86.0,88.0,88.0,1,2,1,2,2,2,1,2,2,1,2,2,1,1,2,1,1,1,1,2,2,1,1,2,1,2,2,2,1,1,1,1,2,1,1,1,1,1,1,1,3.0,,,,,,4.0,,,,,,,,,,,,,,,,,1.0,1.0,,,,4.0,5.0,6.0,
1162,4,4,4,3,4,1,4,3,5,4,,4.0,,,,,2.0,55,,,2.0,4.0,4.0,,2.0,,,4.0,,,,,,,5,1,6,5,2,5,6,6,3,1,40.0,40.0,35.0,45.0,75.0,30.0,50.0,80.0,45.0,60.0,2,2,2,1,2,2,1,1,1,2,2,1,1,2,2,2,2,2,1,1,2,1,2,1,1,1,1,2,1,2,2,1,1,1,2,1,1,2,2,2,3.0,,,1.0,295,15,,,1.0,1.0,1.0,1.0,1.0,1.0,1.0,1.0,1.0,1.0,70.0,,,,,,1.0,4.0,3.0,2.0,,,,3.0
1163,1,2,1,1,1,1,2,1,5,2,,,2.0,1.0,1.0,6.0,2.0,52,,,,,,20,,,,4.0,1.0,1.0,1.0,1.0,1.0,1.0,6,1,5,5,2,7,7,7,1,1,35.0,20.0,20.0,40.0,35.0,25.0,70.0,25.0,75.0,25.0,2,1,1,1,2,2,2,1,2,1,2,2,2,2,2,2,2,1,2,1,2,2,2,1,1,2,2,2,2,2,1,2,1,1,1,2,2,2,2,2,,,,1.0,170,,,,,,,,,,,,,,70.0,1.0,,,,1.0,1.0,,,,2.0,3.0,2.0,1.0
1164,5,5,5,5,5,5,5,5,1,1,3.0,4.0,,,,,,,1.0,1400,1.0,5.0,6.0,18,,,,,1.0,1.0,2.0,1.0,2.0,1.0,7,3,3,2,5,5,7,7,3,2,75.0,41.0,58.0,84.0,86.0,65.0,75.0,94.0,6.0,1.0,1,2,1,2,1,2,2,2,2,2,1,2,2,2,2,1,2,2,2,2,2,2,2,1,1,1,2,1,2,2,2,1,2,2,2,1,1,2,2,2,7.0,1.0,18,,,,9.0,5.0,,,,,,,,,,,,,,,,1.0,1.0,4.0,4.0,3.0,,,,
1165,3,3,3,4,4,3,3,3,2,2,50.0,4.0,,,,,2.0,55,,,1.0,4.0,4.0,,1.0,1.0,,,1.0,1.0,1.0,1.0,2.0,1.0,5,2,1,2,4,6,6,6,2,1,50.0,49.0,57.0,54.0,70.0,71.0,82.0,52.0,28.0,78.0,1,2,2,1,1,2,1,2,2,2,2,1,2,1,1,1,1,1,2,2,2,2,2,1,1,2,1,2,2,2,2,1,2,2,2,1,2,1,2,2,3.0,,,1.0,105,10,,4.0,,,,,,,,,,,,,,,,,2.0,2.0,2.0,2.0,,,,
1166,4,4,4,5,4,5,5,5,2,3,50.0,,,,,6.0,,,,,1.0,5.0,4.0,10,2.0,,,5.0,1.0,1.0,2.0,1.0,1.0,2.0,7,1,5,5,2,6,3,3,3,1,45.0,31.0,47.0,48.0,43.0,38.0,78.0,60.0,42.0,50.0,2,1,2,1,2,2,2,2,2,1,2,1,2,1,2,1,2,1,2,2,2,2,1,1,2,2,2,2,1,2,1,2,2,2,1,2,2,2,2,1,,1.0,40,1.0,250,,5.0,,,,,,,,,,,,,2.0,,,,,2.0,2.0,3.0,2.0,,,,
1167,5,5,5,5,5,5,5,5,1,1,,4.0,3.0,4.0,4.0,6.0,,,,,,,,20,,,,,,,,,,,7,1,5,5,2,6,5,5,3,1,40.0,47.0,41.0,75.0,84.0,57.0,80.0,90.0,63.0,22.0,2,2,2,2,1,1,1,2,2,2,1,2,2,2,2,2,2,2,2,2,1,2,1,2,2,2,1,2,2,2,2,2,2,2,2,2,2,2,2,2,,1.0,54,1.0,130,,7.0,6.0,1.0,1.0,1.0,1.0,1.0,1.0,2.0,2.0,2.0,2.0,92.0,,,,,1.0,1.0,,,,1.0,5.0,6.0,
1168,4,4,4,4,5,4,5,5,3,2,,3.0,3.0,3.0,3.0,,2.0,53,2.0,386,4.0,4.0,4.0,18,2.0,2.0,,4.0,1.0,1.0,1.0,1.0,1.0,1.0,6,5,5,5,3,5,5,5,3,2,55.0,50.0,55.0,45.0,55.0,55.0,65.0,50.0,45.0,35.0,2,2,1,1,2,2,1,1,1,1,1,2,2,1,1,1,1,2,1,2,1,1,1,2,1,2,1,1,1,1,1,1,1,2,2,2,1,1,1,1,6.0,,,,,,,,,,,,,,,,,,70.0,,,,,,2.0,,,,,,,
1169,4,4,5,5,5,5,5,5,2,2,30.0,5.0,3.0,3.0,3.0,6.0,1.0,80,,,3.0,5.0,6.0,,,3.0,,4.0,1.0,2.0,1.0,1.0,1.0,2.0,6,5,4,3,2,6,7,7,3,2,35.0,12.0,53.0,27.0,72.0,32.0,24.0,82.0,84.0,33.0,2,1,1,2,2,2,2,1,2,2,1,2,1,1,2,2,2,1,2,2,2,2,2,1,1,2,1,2,1,2,1,2,1,2,2,1,2,1,1,1,,,,1.0,110,10,,,,,,,,,,,,,,,,,,2.0,2.0,,,,,,,
1170,4,4,4,5,3,1,5,2,5,2,63.0,4.0,4.0,3.0,4.0,6.0,2.0,40,,,2.0,4.0,5.0,18,,,2.0,,,,,,,,7,2,2,2,5,6,7,6,2,1,63.0,51.0,82.0,63.0,29.0,77.0,90.0,73.0,61.0,60.0,2,2,2,1,2,2,1,1,1,1,1,2,2,1,1,1,2,1,2,1,1,2,2,2,2,2,2,1,1,2,2,2,1,2,2,2,1,1,1,1,,,,1.0,100,,6.0,5.0,1.0,1.0,2.0,1.0,1.0,1.0,2.0,1.0,1.0,1.0,,,,,,1.0,,,,,,,,
1171,4,5,5,5,3,4,5,5,3,3,30.0,4.0,,,,6.0,,,,,,,,,1.0,,2.0,5.0,,,,,,,6,2,1,3,2,6,7,5,4,1,45.0,60.0,55.0,70.0,52.0,57.0,80.0,40.0,65.0,58.0,1,2,1,1,2,2,2,1,1,2,2,1,1,1,2,1,1,1,2,1,1,1,1,1,1,2,1,1,1,1,1,1,1,1,1,1,2,1,1,1,,2.0,8,1.0,170,14,4.0,,1.0,1.0,2.0,1.0,1.0,2.0,1.0,1.0,2.0,1.0,,,5.0,5.0,3.0,,,4.0,5.0,2.0,,,,
1172,1,1,1,1,3,1,1,1,5,3,30.0,5.0,2.0,2.0,2.0,,2.0,25,2.0,600,,,,2,,,,,1.0,1.0,1.0,1.0,1.0,1.0,6,4,7,7,5,6,5,5,2,1,20.0,25.0,8.0,12.0,30.0,24.0,47.0,35.0,53.0,42.0,2,2,1,2,2,2,2,1,2,2,2,2,2,1,2,2,2,2,2,1,2,1,2,1,1,2,2,2,2,1,1,2,2,1,2,1,2,2,2,2,6.0,,,,,,9.0,3.0,,,,,,,,,,,,,,,,1.0,1.0,,,,3.0,3.0,4.0,
1173,3,2,4,5,3,4,3,5,3,5,,,,,,,2.0,25,,,,,,20,1.0,,1.0,,,,,,,,7,4,4,5,3,5,5,5,3,1,51.0,16.0,52.0,73.0,50.0,55.0,59.0,79.0,51.0,51.0,2,2,1,2,2,2,1,1,2,2,2,2,2,2,2,2,2,2,2,2,2,2,1,2,2,1,1,1,2,2,1,2,2,2,1,2,2,2,2,2,6.0,,,2.0,60,,9.0,5.0,1.0,1.0,2.0,1.0,1.0,1.0,2.0,2.0,1.0,1.0,96.0,2.0,,,,,,3.0,4.0,3.0,4.0,4.0,3.0,
1174,1,1,1,1,5,3,1,1,3,3,,,,,,,,,,,,,,,2.0,,,4.0,,,,,,,7,2,1,1,1,7,7,7,1,1,30.0,30.0,30.0,21.0,68.0,24.0,32.0,50.0,38.0,30.0,2,2,2,2,1,2,2,2,2,1,2,2,2,2,2,2,2,2,2,2,2,2,1,2,1,2,2,1,2,2,1,2,2,2,2,1,1,2,2,1,6.0,1.0,70,1.0,325,10,,,1.0,1.0,2.0,1.0,2.0,2.0,1.0,1.0,1.0,1.0,70.0,3.0,,,,,1.0,3.0,4.0,2.0,4.0,1.0,5.0,1.0
1175,4,5,4,5,5,5,5,5,2,2,,,3.0,3.0,4.0,,,,1.0,1200,,,,15,,,,,1.0,1.0,1.0,1.0,2.0,2.0,6,2,5,5,3,6,5,5,2,2,22.0,46.0,22.0,66.0,83.0,59.0,76.0,75.0,41.0,66.0,1,2,1,2,2,2,1,1,2,1,1,2,2,2,2,2,1,1,2,1,2,2,2,1,2,2,1,2,2,1,2,1,2,2,1,1,1,2,1,2,6.0,1.0,14,,,,,4.0,,,,,,,,,,,100.0,2.0,,,,1.0,1.0,,,,1.0,5.0,6.0,4.0
1176,4,4,2,5,5,5,4,5,2,2,30.0,2.0,,,,,2.0,50,,,,,,,2.0,,1.0,,,,,,,,6,2,6,6,2,5,6,7,2,2,55.0,60.0,45.0,60.0,60.0,40.0,70.0,60.0,50.0,40.0,2,2,2,2,2,2,1,1,1,2,2,2,1,2,1,2,2,1,2,2,1,2,1,2,1,1,2,2,2,1,2,2,2,1,1,2,1,1,2,2,6.0,,,1.0,300,10,5.0,4.0,1.0,1.0,1.0,1.0,1.0,1.0,1.0,1.0,1.0,1.0,,,5.0,2.0,2.0,,,2.0,4.0,3.0,,,,
1177,2,5,2,1,5,5,4,5,4,2,,3.0,4.0,2.0,5.0,7.0,2.0,54,2.0,300,,,,15,2.0,,1.0,5.0,,,,,,,7,4,6,3,5,5,6,6,3,2,50.0,60.0,45.0,25.0,70.0,64.0,70.0,83.0,43.0,19.0,2,2,1,1,2,2,2,2,1,1,2,1,2,2,2,1,2,1,2,2,2,1,1,2,2,2,2,2,1,2,2,1,1,2,2,1,1,2,1,1,,,,,,,,,1.0,1.0,1.0,1.0,1.0,1.0,1.0,1.0,1.0,1.0,70.0,,,,,,,,,,4.0,2.0,2.0,2.0
1178,5,5,4,5,3,5,4,5,2,3,,,,,,3.0,,,2.0,350,,,,14,2.0,2.0,2.0,4.0,1.0,1.0,2.0,1.0,1.0,2.0,7,2,2,4,5,6,6,5,3,1,51.0,19.0,12.0,41.0,34.0,15.0,61.0,48.0,71.0,29.0,1,1,2,2,2,1,1,2,2,2,2,2,2,1,2,2,2,2,2,1,2,2,2,2,2,2,1,2,2,1,2,2,2,2,1,1,1,2,2,2,,1.0,35,,,,,,,,,,,,,,,,76.0,4.0,,,,,,4.0,2.0,3.0,2.0,4.0,6.0,
1179,5,4,5,5,2,5,5,5,2,1,,,,,,,,,,,,,,,1.0,1.0,,5.0,1.0,1.0,1.0,2.0,1.0,2.0,7,1,6,4,5,7,5,5,3,1,70.0,20.0,25.0,85.0,10.0,40.0,90.0,70.0,5.0,1.0,2,2,2,1,1,1,1,1,2,2,1,1,2,2,1,2,1,2,2,1,1,1,1,2,2,1,1,1,1,2,2,2,1,2,2,1,1,2,1,2,6.0,1.0,20,1.0,265,20,,,,,,,,,,,,,80.0,2.0,5.0,5.0,5.0,,2.0,3.0,4.0,2.0,,,,
1180,4,4,4,5,5,4,5,4,2,5,,,2.0,5.0,3.0,,,,,,1.0,4.0,4.0,20,,3.0,,4.0,,,,,,,7,7,4,2,5,5,7,7,1,2,50.0,50.0,20.0,100.0,100.0,100.0,100.0,70.0,30.0,100.0,2,2,1,2,2,2,1,1,2,2,1,2,1,2,2,1,2,2,2,2,1,2,1,2,2,2,1,1,2,2,1,2,2,1,2,2,2,2,2,2,6.0,1.0,50,1.0,95,,,,1.0,1.0,2.0,1.0,1.0,2.0,1.0,1.0,2.0,1.0,81.0,6.0,,,,1.0,1.0,,,,,,,
1181,5,5,5,5,4,4,5,5,2,4,30.0,,,,,,,,2.0,300,1.0,5.0,5.0,,1.0,,1.0,2.0,1.0,1.0,1.0,1.0,2.0,2.0,6,1,5,5,2,6,6,5,4,1,40.0,8.0,40.0,20.0,40.0,10.0,65.0,55.0,48.0,55.0,2,1,2,2,2,2,2,1,2,2,2,2,1,2,2,2,1,1,2,1,2,1,2,2,2,2,2,2,2,2,2,1,1,1,1,2,2,2,2,1,5.0,2.0,7,,,13,10.0,,,,,,,,,,,,,2.0,,,,,,4.0,2.0,4.0,,,,
1182,1,2,2,3,5,2,1,2,5,5,,4.0,,,,,,,1.0,2100,1.0,3.0,1.0,,,,,2.0,,,,,,,6,4,4,3,2,3,5,6,1,1,41.0,38.0,37.0,24.0,83.0,26.0,53.0,24.0,64.0,81.0,2,2,1,2,1,2,2,2,2,1,2,2,2,1,2,2,2,2,2,2,1,2,2,1,2,2,2,2,1,2,2,1,1,2,2,2,2,1,2,1,6.0,1.0,18,,,10,9.0,,2.0,2.0,2.0,2.0,2.0,2.0,2.0,2.0,2.0,2.0,70.0,,,,,1.0,2.0,5.0,2.0,2.0,,,,
1183,3,4,4,2,4,4,3,5,5,4,60.0,6.0,,,,,,,1.0,1250,,,,14,2.0,,1.0,,1.0,1.0,1.0,1.0,2.0,2.0,5,1,5,5,5,5,6,6,2,1,39.0,49.0,38.0,75.0,71.0,40.0,100.0,100.0,55.0,49.0,2,1,2,1,2,2,1,1,2,1,1,2,2,1,2,2,2,2,1,1,1,1,1,2,2,1,1,1,2,2,2,2,1,2,1,2,2,1,1,2,4.0,1.0,40,,,,,3.0,,,,,,,,,,,,,,,,,,4.0,2.0,2.0,4.0,2.0,2.0,1.0
1184,5,5,5,5,5,3,5,5,5,3,30.0,3.0,,,,6.0,,,2.0,350,1.0,4.0,6.0,,,2.0,,,1.0,1.0,1.0,1.0,1.0,1.0,6,1,4,5,3,6,5,5,4,1,60.0,60.0,51.0,80.0,80.0,58.0,66.0,85.0,50.0,50.0,1,1,2,1,2,2,2,1,2,1,1,2,2,2,1,1,1,2,2,2,2,1,1,2,2,2,2,2,2,2,2,1,2,2,2,2,2,1,2,2,,1.0,35,,,20,,4.0,,,,,,,,,,,,,,,,2.0,1.0,4.0,3.0,4.0,,,,
1185,3,4,4,4,3,5,3,5,2,1,,4.0,,,,,,,2.0,300,1.0,4.0,4.0,15,2.0,,,,1.0,1.0,1.0,1.0,1.0,1.0,5,2,3,3,2,3,5,4,3,1,50.0,50.0,55.0,65.0,44.0,50.0,62.0,69.0,39.0,26.0,1,2,2,1,2,2,2,1,2,2,1,2,1,2,2,1,2,2,2,2,2,2,2,2,2,2,1,2,2,2,1,1,2,2,2,1,2,2,1,2,5.0,1.0,48,,,,,4.0,,,,,,,,,,,70.0,,,,,,1.0,3.0,3.0,3.0,,,,3.0
1186,4,4,3,5,5,4,5,4,3,4,,3.0,,,,,,,1.0,1288,1.0,2.0,2.0,18,,,1.0,,,,,,,,6,2,2,2,5,5,6,5,2,1,65.0,57.0,56.0,64.0,86.0,51.0,90.0,41.0,59.0,65.0,2,2,2,2,2,2,2,2,2,1,2,2,1,2,2,1,2,1,1,2,2,1,1,1,2,1,1,1,2,1,2,1,2,1,1,2,2,2,2,1,6.0,1.0,18,,,,10.0,4.0,1.0,1.0,1.0,1.0,2.0,2.0,1.0,1.0,1.0,2.0,86.0,,,,,1.0,,2.0,3.0,3.0,,,,
1187,2,3,3,4,4,4,5,5,2,4,,2.0,3.0,4.0,4.0,6.0,2.0,35,2.0,500,,,,,,1.0,1.0,4.0,,,,,,,6,3,6,5,3,6,6,6,2,1,60.0,40.0,35.0,45.0,65.0,45.0,80.0,66.0,55.0,70.0,2,2,1,1,1,2,1,1,1,1,1,1,1,1,1,1,1,1,2,1,1,2,2,1,1,1,2,1,2,1,1,1,1,1,2,1,2,1,1,1,,,,,,5,,,1.0,1.0,1.0,1.0,1.0,1.0,1.0,1.0,1.0,1.0,70.0,,,,,1.0,,,,,4.0,4.0,5.0,
1188,5,5,5,5,5,5,5,5,1,3,25.0,3.0,,,,,1.0,70,2.0,800,,,,20,2.0,2.0,1.0,4.0,1.0,1.0,2.0,1.0,2.0,1.0,7,1,7,4,2,7,2,7,4,1,40.0,25.0,25.0,49.0,51.0,30.0,90.0,100.0,25.0,50.0,1,1,2,1,2,1,2,2,1,2,2,2,2,1,1,1,2,2,1,2,1,1,2,2,2,2,1,2,2,1,2,1,2,2,2,2,2,1,2,1,5.0,,,,,,,,,,,,,,,,,,,,,,,,,5.0,3.0,1.0,3.0,5.0,5.0,
1189,4,4,4,4,4,4,4,4,2,3,,,,,,,2.0,40,2.0,300,,,,15,,,,4.0,,,,,,,6,2,5,5,2,4,4,5,2,1,39.0,32.0,35.0,52.0,56.0,47.0,60.0,62.0,34.0,49.0,2,2,2,2,1,2,1,2,1,1,2,1,1,2,2,1,2,2,2,2,2,2,1,2,2,2,1,1,1,1,2,2,2,1,2,1,2,1,1,1,5.0,,,,,,,,1.0,1.0,1.0,1.0,1.0,1.0,1.0,1.0,1.0,1.0,70.0,2.0,2.0,4.0,5.0,1.0,1.0,4.0,3.0,4.0,,,,4.0
1190,5,4,5,5,4,3,5,5,3,4,,,,,,,2.0,35,1.0,1100,,,,,,2.0,1.0,,1.0,1.0,2.0,1.0,2.0,1.0,6,2,3,4,2,3,6,5,3,1,60.0,50.0,40.0,35.0,55.0,30.0,55.0,55.0,65.0,60.0,2,2,2,2,2,2,1,2,2,2,1,2,2,2,1,2,2,1,1,2,2,1,2,2,2,2,2,2,2,2,2,1,2,2,2,2,2,2,2,2,6.0,,,,,5,,6.0,,,,,,,,,,,50.0,1.0,,,,1.0,,4.0,4.0,3.0,2.0,5.0,5.0,
1191,4,4,5,5,4,5,4,5,2,4,75.0,,,,,6.0,,,,,,,,,2.0,1.0,,4.0,,,,,,,6,2,5,2,3,5,5,7,4,1,64.0,50.0,44.0,72.0,82.0,89.0,70.0,83.0,46.0,66.0,2,2,1,1,1,2,1,2,1,2,2,2,2,2,1,1,2,2,2,2,2,2,2,2,1,2,2,2,1,1,2,2,2,2,2,2,2,2,2,2,,1.0,35,1.0,285,10,,,1.0,1.0,1.0,1.0,1.0,1.0,1.0,2.0,2.0,2.0,,3.0,2.0,4.0,5.0,,1.0,2.0,4.0,2.0,,,,
1192,3,4,3,4,4,4,4,5,2,4,65.0,,,,,5.0,1.0,80,,,2.0,3.0,3.0,,,1.0,1.0,,,,,,,,5,3,5,4,3,5,5,5,2,1,55.0,50.0,42.0,48.0,61.0,55.0,60.0,75.0,45.0,64.0,2,1,2,2,2,2,2,1,1,1,1,2,2,2,1,1,1,2,1,2,1,1,1,1,2,2,1,2,2,2,1,2,1,2,1,1,2,2,1,2,,,,1.0,150,10,,4.0,1.0,1.0,1.0,1.0,1.0,1.0,1.0,1.0,1.0,1.0,,2.0,,,,2.0,,4.0,4.0,3.0,,,,
1193,1,3,2,4,3,4,4,4,4,3,,4.0,,,,6.0,2.0,54,,,,,,,,1.0,1.0,4.0,1.0,1.0,1.0,1.0,1.0,1.0,6,4,3,6,6,5,5,4,1,2,22.0,20.0,25.0,70.0,55.0,62.0,30.0,79.0,67.0,51.0,1,2,2,1,1,2,1,2,1,1,2,1,2,1,2,1,2,2,1,2,1,1,2,2,2,1,1,1,2,1,2,1,2,1,1,2,1,1,2,2,,,,1.0,300,10,,,,,,,,,,,,,70.0,,5.0,4.0,5.0,1.0,,2.0,2.0,1.0,,,,
1194,4,5,5,5,3,5,5,5,2,2,,5.0,4.0,4.0,4.0,,2.0,52,,,2.0,5.0,5.0,,,3.0,1.0,6.0,1.0,1.0,2.0,1.0,1.0,2.0,7,5,4,5,2,3,5,4,2,1,67.0,38.0,44.0,57.0,45.0,39.0,71.0,66.0,55.0,44.0,2,2,1,1,2,1,1,2,2,2,2,2,1,2,2,2,2,2,1,2,2,2,2,2,1,2,2,2,2,2,2,2,2,1,2,2,2,2,2,2,6.0,,,1.0,90,15,,,,,,,,,,,,,70.0,,,,,2.0,,,,,,,,
1195,5,5,5,5,3,5,5,5,1,3,,,,,,4.0,1.0,85,,,,,,,2.0,,1.0,,1.0,1.0,1.0,1.0,2.0,2.0,7,2,2,3,2,7,7,7,3,1,42.0,62.0,59.0,36.0,45.0,42.0,60.0,74.0,44.0,47.0,2,2,2,2,1,1,2,2,2,2,1,2,2,2,2,2,2,2,1,2,1,2,1,1,2,2,2,2,2,1,2,2,2,2,2,1,2,2,2,1,,,,1.0,140,5,10.0,5.0,,,,,,,,,,,70.0,4.0,,,,,,3.0,3.0,3.0,3.0,5.0,5.0,
1196,4,5,5,4,4,5,5,3,3,4,,,5.0,5.0,5.0,6.0,2.0,22,,,1.0,5.0,6.0,15,,2.0,1.0,,,,,,,,7,2,3,3,2,5,6,6,3,1,66.0,36.0,66.0,54.0,65.0,64.0,84.0,66.0,57.0,78.0,2,2,2,1,1,1,2,1,1,2,2,2,2,2,2,1,2,2,2,1,2,1,1,2,2,2,2,2,2,2,2,2,2,2,2,2,2,1,2,2,,,,2.0,62,,,6.0,1.0,1.0,1.0,1.0,1.0,1.0,1.0,1.0,1.0,1.0,79.0,3.0,,,,1.0,,,,,,,,
1197,2,2,1,2,3,3,4,2,4,3,,,2.0,2.0,2.0,,,,,,,,,15,,1.0,1.0,,,,,,,,6,2,5,5,3,5,5,5,2,2,50.0,52.0,45.0,41.0,63.0,48.0,74.0,51.0,50.0,71.0,1,2,2,1,2,1,2,2,1,1,1,2,2,1,2,1,2,1,2,1,1,2,1,2,1,1,1,2,2,2,1,2,1,2,1,2,2,2,1,2,6.0,1.0,54,1.0,380,,,2.0,1.0,1.0,1.0,1.0,1.0,1.0,1.0,1.0,1.0,1.0,80.0,3.0,,,,1.0,,,,,1.0,5.0,4.0,
1198,1,1,1,1,3,1,2,3,5,5,,2.0,4.0,6.0,5.0,5.0,2.0,50,2.0,275,,,,15,,1.0,,,,,,,,,6,3,4,4,5,5,6,6,1,1,45.0,35.0,45.0,62.0,63.0,46.0,74.0,71.0,64.0,75.0,1,1,2,1,2,1,2,2,2,1,1,1,1,1,1,1,2,1,2,2,2,1,2,1,2,2,1,2,2,2,1,2,2,2,2,2,1,1,2,2,,,,,,,,2.0,1.0,1.0,1.0,2.0,1.0,1.0,1.0,1.0,2.0,2.0,70.0,,,,,2.0,2.0,,,,3.0,4.0,5.0,
1199,5,3,5,4,4,5,3,4,1,1,98.0,6.0,,,,6.0,,,,,,,,,2.0,,,,1.0,1.0,1.0,1.0,1.0,1.0,6,4,6,6,2,3,6,6,4,1,45.0,15.0,43.0,26.0,54.0,43.0,85.0,86.0,55.0,11.0,2,2,2,1,1,2,1,1,2,2,2,2,1,2,2,1,2,2,2,2,2,2,2,1,1,2,1,2,2,2,2,2,2,2,2,2,2,2,2,2,,1.0,50,1.0,400,20,,5.0,,,,,,,,,,,,,4.0,2.0,2.0,,2.0,3.0,5.0,2.0,,,,2.0
1200,2,4,4,4,5,4,5,4,4,4,95.0,,,,,3.0,,,,,4.0,5.0,6.0,20,,,1.0,6.0,1.0,1.0,1.0,1.0,1.0,1.0,7,2,7,7,2,7,2,5,3,2,55.0,45.0,55.0,45.0,75.0,55.0,85.0,75.0,60.0,70.0,2,2,1,1,2,2,2,2,2,2,1,1,2,2,1,2,1,2,2,2,2,2,1,2,1,2,2,2,2,1,2,2,1,1,1,1,1,1,2,2,,2.0,10,1.0,125,,,,,,,,,,,,,,,3.0,,,,2.0,,4.0,5.0,2.0,,,,9.0
1201,3,4,4,5,5,5,5,5,3,5,,,3.0,5.0,2.0,,2.0,45,,,,,,20,2.0,,,,,,,,,,6,2,6,6,5,5,6,6,1,1,30.0,70.0,40.0,81.0,81.0,40.0,79.0,76.0,64.0,90.0,1,1,1,2,2,2,2,1,2,1,1,2,2,1,2,2,2,2,1,1,1,2,2,1,1,1,2,2,1,1,2,2,2,2,2,1,2,1,1,1,6.0,,,2.0,80,,5.0,6.0,1.0,1.0,1.0,2.0,2.0,1.0,1.0,1.0,1.0,2.0,80.0,2.0,5.0,4.0,6.0,,2.0,,,,,,,
1202,2,3,3,2,2,3,3,2,4,3,,,,,,5.0,2.0,61,,,,,,,2.0,,,3.0,1.0,1.0,1.0,1.0,1.0,1.0,5,3,2,2,4,5,5,5,2,2,30.0,15.0,60.0,34.0,23.0,59.0,24.0,22.0,70.0,36.0,2,1,2,2,1,1,1,2,2,1,1,1,2,2,2,1,1,2,2,1,1,1,2,1,1,2,1,1,1,1,1,1,1,1,1,2,2,1,2,2,,,,1.0,212,7,3.0,,,,,,,,,,,,69.0,2.0,,,,,2.0,3.0,4.0,1.0,3.0,2.0,4.0,
1203,4,4,3,3,4,2,4,1,5,3,,,4.0,4.0,4.0,,2.0,20,2.0,800,5.0,3.0,4.0,2,,3.0,2.0,4.0,,,,,,,5,3,5,4,2,3,3,3,1,1,42.0,42.0,41.0,38.0,60.0,21.0,71.0,38.0,61.0,57.0,1,1,1,2,2,2,2,1,1,2,2,1,2,2,2,2,1,2,2,2,2,2,1,1,2,2,2,2,2,2,2,2,2,2,2,1,2,2,2,1,6.0,,,,,,,,1.0,1.0,1.0,1.0,1.0,1.0,1.0,1.0,1.0,1.0,70.0,4.0,,,,1.0,,,,,,,,
1204,5,5,5,5,4,4,4,5,1,3,30.0,4.0,4.0,4.0,4.0,,,,,,,,,,,,2.0,,1.0,1.0,1.0,1.0,1.0,1.0,5,2,2,5,3,6,6,2,2,1,51.0,46.0,40.0,37.0,29.0,39.0,36.0,49.0,42.0,43.0,2,1,2,1,2,1,2,2,1,2,1,2,1,2,1,1,2,1,1,1,1,2,2,2,1,1,1,1,2,1,1,2,1,2,2,1,1,2,2,1,3.0,1.0,40,1.0,200,15,,4.0,,,,,,,,,,,,,1.0,4.0,4.0,1.0,,,,,,,,6.0
1205,1,3,1,1,1,1,3,1,5,4,,6.0,,,,,,,1.0,1200,,,,15,1.0,1.0,,5.0,,,,,,,6,4,5,5,4,4,5,5,1,1,20.0,22.0,23.0,31.0,16.0,35.0,49.0,64.0,70.0,85.0,2,1,2,2,2,1,2,1,2,2,2,2,2,2,1,1,2,2,2,1,2,2,2,2,2,2,2,2,1,2,2,2,2,1,2,1,2,2,2,2,6.0,1.0,30,,,,,,1.0,1.0,1.0,1.0,1.0,1.0,1.0,2.0,2.0,2.0,70.0,,1.0,4.0,4.0,,1.0,5.0,5.0,5.0,,,,
1206,2,3,2,4,4,4,3,5,4,5,,4.0,3.0,3.0,2.0,6.0,,,,,,,,20,2.0,1.0,,,,,,,,,5,4,5,5,3,5,6,5,4,1,30.0,40.0,10.0,50.0,75.0,45.0,65.0,84.0,60.0,85.0,2,2,2,1,1,1,2,1,1,1,2,2,2,2,2,2,2,1,2,2,1,1,1,2,1,2,2,2,1,1,2,1,2,1,2,1,2,2,1,2,,1.0,50,1.0,150,,,3.0,1.0,1.0,2.0,1.0,1.0,1.0,2.0,1.0,2.0,1.0,70.0,,4.0,5.0,6.0,,2.0,,,,,,,
1207,4,4,4,4,5,5,5,5,2,5,3.0,6.0,,,,7.0,,,1.0,1100,4.0,1.0,6.0,,,,2.0,,2.0,1.0,1.0,1.0,2.0,1.0,7,5,6,7,5,5,6,6,4,2,25.0,45.0,35.0,26.0,91.0,88.0,70.0,54.0,80.0,98.0,2,1,2,2,2,1,2,1,1,1,1,2,1,2,1,2,1,2,2,2,2,2,2,2,2,2,2,2,1,2,1,1,2,2,2,1,2,1,1,1,,2.0,10,,,2,6.0,2.0,,,,,,,,,,,,,,,,1.0,,3.0,3.0,3.0,,,,
1208,4,4,5,2,1,2,4,3,5,5,85.0,3.0,,,,,2.0,50,2.0,350,,,,12,,7.0,2.0,5.0,1.0,1.0,1.0,1.0,2.0,2.0,7,4,3,2,5,5,5,5,4,1,30.0,56.0,48.0,79.0,88.0,24.0,76.0,83.0,38.0,95.0,2,1,1,2,1,1,1,1,1,2,1,1,1,1,1,1,2,1,1,1,1,1,1,1,1,2,1,1,1,2,1,2,1,1,1,2,1,1,1,1,6.0,,,,,,,,,,,,,,,,,,,,,,,1.0,,4.0,3.0,2.0,5.0,5.0,6.0,
1209,5,5,5,5,4,5,5,5,2,1,74.0,,2.0,3.0,4.0,6.0,2.0,58,2.0,986,1.0,3.0,4.0,,,1.0,,,1.0,1.0,2.0,1.0,2.0,1.0,6,2,2,2,2,5,7,7,3,2,68.0,75.0,75.0,93.0,65.0,82.0,72.0,95.0,39.0,27.0,2,1,2,1,1,2,2,2,2,2,2,2,2,1,2,2,1,1,1,1,2,2,1,2,1,1,2,1,2,2,2,1,1,1,2,2,2,2,2,1,,,,,,18,,4.0,,,,,,,,,,,,2.0,,,,1.0,2.0,,,,,,,
1210,2,3,3,2,3,3,5,3,4,3,30.0,4.0,,,,6.0,,,2.0,750,,,,,1.0,,1.0,,1.0,1.0,1.0,1.0,2.0,2.0,6,4,2,2,3,3,5,5,1,1,30.0,26.0,39.0,32.0,42.0,31.0,45.0,31.0,34.0,29.0,2,2,1,2,2,2,2,2,2,1,2,2,2,2,1,1,2,1,2,2,2,1,1,2,2,2,2,2,2,2,1,2,2,2,2,2,2,2,2,2,,1.0,45,,,5,,4.0,,,,,,,,,,,,,,,,,,3.0,3.0,3.0,2.0,4.0,5.0,3.0
1211,5,5,5,5,5,5,5,5,2,2,,2.0,3.0,3.0,3.0,6.0,,,1.0,1020,1.0,5.0,6.0,15,,3.0,,,1.0,2.0,2.0,1.0,1.0,1.0,4,4,4,4,5,5,5,5,3,2,60.0,40.0,40.0,77.0,87.0,45.0,62.0,69.0,57.0,46.0,2,2,1,1,1,2,2,1,2,2,2,2,1,1,2,2,2,1,1,1,1,2,2,2,2,1,1,1,2,1,1,1,1,1,2,2,1,2,1,1,,1.0,50,,,,,4.0,,,,,,,,,,,70.0,,,,,1.0,1.0,,,,,,,
1212,1,2,3,2,4,4,4,2,4,4,63.0,2.0,,,,,,,,,,,,,,2.0,,6.0,1.0,1.0,1.0,1.0,1.0,1.0,6,2,5,5,5,7,7,6,3,1,25.0,36.0,35.0,45.0,66.0,40.0,85.0,60.0,68.0,70.0,1,1,2,2,2,1,2,1,1,1,2,1,1,2,1,2,2,2,1,2,1,2,1,1,1,1,2,2,2,2,1,1,1,2,2,1,1,1,2,2,5.0,2.0,5,1.0,110,15,,,,,,,,,,,,,,,5.0,5.0,5.0,1.0,2.0,5.0,5.0,2.0,,,,
1213,5,4,5,5,5,5,5,5,2,5,,,3.0,2.0,2.0,6.0,2.0,45,2.0,850,,,,,1.0,,,,1.0,1.0,2.0,1.0,2.0,2.0,7,2,3,3,2,5,6,6,2,1,42.0,24.0,59.0,61.0,62.0,76.0,79.0,91.0,46.0,82.0,2,2,2,1,1,2,1,2,1,2,2,2,1,1,1,2,2,1,2,2,1,2,1,2,2,1,1,1,1,2,1,2,1,1,2,2,1,2,2,1,,,,,,15,3.0,5.0,,,,,,,,,,,70.0,4.0,4.0,5.0,6.0,,2.0,,,,,,,
1214,1,4,4,5,4,1,5,2,4,4,61.0,4.0,2.0,5.0,6.0,3.0,,,,,,,,15,2.0,,1.0,6.0,,,,,,,7,3,4,5,5,6,7,7,1,1,61.0,25.0,26.0,78.0,73.0,37.0,91.0,48.0,58.0,63.0,2,2,2,2,2,2,2,1,1,2,2,1,2,2,2,2,1,2,2,2,2,2,2,1,2,2,1,2,1,2,2,2,2,1,1,1,2,2,2,2,,1.0,15,1.0,125,,,,1.0,1.0,1.0,1.0,1.0,1.0,1.0,2.0,2.0,2.0,,,1.0,4.0,5.0,,,,,,,,,1.0
1215,2,4,5,5,5,5,4,4,2,4,,,3.0,3.0,3.0,,,,,,,,,20,2.0,,,,1.0,1.0,1.0,1.0,2.0,2.0,5,3,3,3,6,5,7,5,2,1,45.0,35.0,40.0,45.0,45.0,20.0,90.0,40.0,85.0,45.0,2,2,2,2,2,1,2,2,1,1,2,2,2,2,2,2,1,1,1,2,2,1,1,1,1,1,2,2,2,1,2,2,2,2,2,1,2,2,2,1,5.0,1.0,23,1.0,100,,8.0,4.0,,,,,,,,,,,70.0,1.0,,,,,1.0,,,,2.0,4.0,6.0,
1216,1,5,1,5,3,1,4,4,5,5,,,,,,6.0,2.0,55,2.0,325,,,,,1.0,,2.0,,1.0,1.0,2.0,1.0,2.0,1.0,7,1,5,2,2,7,5,7,1,1,38.0,65.0,15.0,85.0,48.0,54.0,82.0,90.0,85.0,96.0,2,2,1,2,2,2,2,2,1,1,2,1,1,1,1,2,2,1,2,1,1,1,1,1,2,1,2,2,1,1,1,2,2,2,2,2,2,1,1,1,,,,,,5,10.0,1.0,,,,,,,,,,,70.0,5.0,1.0,1.0,1.0,,,3.0,4.0,2.0,,,,
1217,4,3,4,2,4,2,5,4,5,4,,4.0,,,,5.0,2.0,40,,,1.0,4.0,3.0,14,2.0,,,,,,,,,,6,3,5,4,3,5,5,5,3,1,75.0,60.0,58.0,45.0,50.0,40.0,55.0,48.0,70.0,60.0,1,1,1,2,2,1,2,1,1,2,2,1,2,1,1,2,2,1,1,1,1,1,2,1,2,2,2,1,2,1,1,2,1,1,2,1,1,1,1,2,,,,1.0,180,,4.0,4.0,1.0,1.0,1.0,1.0,1.0,1.0,1.0,1.0,1.0,2.0,70.0,,,,,,1.0,4.0,4.0,2.0,,,,
1218,1,3,4,2,4,2,2,1,5,4,,3.0,3.0,2.0,1.0,,,,,,1.0,5.0,6.0,,,,,,,,,,,,7,5,5,1,3,6,6,5,1,1,60.0,55.0,65.0,45.0,70.0,20.0,60.0,50.0,75.0,75.0,2,2,1,2,1,1,2,1,2,1,1,1,2,2,2,2,1,2,2,2,2,2,2,1,2,2,2,2,2,1,1,2,1,2,2,2,2,1,1,2,3.0,1.0,34,1.0,220,10,10.0,6.0,1.0,1.0,1.0,2.0,1.0,1.0,2.0,1.0,1.0,1.0,70.0,,,,,1.0,2.0,,,,,,,
1219,3,4,3,4,5,4,5,5,3,2,,,3.0,3.0,5.0,7.0,2.0,40,1.0,1500,,,,15,2.0,,,,,,,,,,4,2,2,2,1,5,5,5,2,1,30.0,50.0,50.0,50.0,50.0,25.0,75.0,75.0,50.0,25.0,1,1,2,2,1,1,1,2,2,1,2,1,2,1,1,1,1,2,1,2,2,1,1,1,2,2,1,1,1,1,2,1,2,2,1,2,2,1,1,2,,,,,,,4.0,4.0,1.0,1.0,1.0,1.0,1.0,2.0,2.0,2.0,1.0,1.0,50.0,3.0,3.0,5.0,6.0,,2.0,,,,,,,
1220,4,5,5,5,4,4,5,5,3,3,,,4.0,4.0,5.0,,2.0,42,2.0,100,1.0,4.0,4.0,0,2.0,,1.0,4.0,,,,,,,5,1,4,4,6,7,4,4,4,1,73.0,44.0,35.0,94.0,31.0,50.0,76.0,100.0,27.0,28.0,2,1,1,1,2,1,2,1,2,1,2,2,2,2,1,2,1,1,1,1,1,2,2,1,2,1,1,1,1,2,2,1,1,1,1,2,2,2,1,2,6.0,,,,,,,,1.0,1.0,2.0,2.0,2.0,1.0,1.0,1.0,2.0,2.0,81.0,1.0,,,,,,,,,,,,2.0
1221,4,4,4,4,4,4,3,4,3,3,,5.0,4.0,4.0,3.0,,2.0,60,2.0,500,,,,,,1.0,,,,,,,,,6,2,4,4,5,6,5,5,3,1,40.0,40.0,30.0,50.0,50.0,45.0,30.0,40.0,60.0,40.0,2,2,1,2,1,2,1,2,1,1,2,2,2,2,1,2,2,2,2,2,2,2,1,2,2,1,2,1,2,2,1,2,1,1,1,1,1,1,1,1,5.0,,,,,5,,4.0,1.0,1.0,1.0,1.0,1.0,1.0,1.0,1.0,1.0,1.0,80.0,,2.0,5.0,5.0,1.0,2.0,,,,,,,
1222,4,2,4,5,5,5,5,5,1,4,30.0,,1.0,3.0,4.0,,,,2.0,400,,,,,1.0,,,4.0,,,,,,,6,1,6,3,1,5,6,3,2,1,85.0,10.0,65.0,90.0,90.0,100.0,100.0,100.0,0.0,70.0,2,2,2,2,1,1,1,2,1,1,2,2,1,1,1,2,1,2,2,1,2,2,2,2,1,1,1,2,2,1,2,1,1,2,1,2,2,1,1,2,2.0,1.0,48,,,5,,,1.0,1.0,1.0,1.0,1.0,1.0,1.0,1.0,1.0,1.0,,4.0,5.0,5.0,6.0,,2.0,,,,,,,8.0
1223,4,4,5,5,2,5,5,5,2,4,100.0,,,,,,1.0,100,,,,,,,2.0,,,,,,,,,,7,4,4,3,3,7,7,7,3,2,50.0,40.0,74.0,11.0,74.0,39.0,63.0,45.0,53.0,67.0,2,2,2,2,1,2,2,1,2,1,2,1,1,1,2,2,2,1,2,2,1,1,2,2,1,1,1,2,2,1,1,2,1,2,2,1,2,1,1,1,5.0,,,1.0,150,15,10.0,4.0,2.0,1.0,1.0,1.0,1.0,2.0,1.0,1.0,1.0,2.0,,2.0,,,,,1.0,3.0,5.0,3.0,2.0,5.0,5.0,
1224,1,2,2,2,4,1,2,3,5,5,,2.0,,,,,2.0,55,,,1.0,4.0,4.0,,2.0,,1.0,4.0,1.0,1.0,1.0,1.0,1.0,1.0,6,1,7,6,1,7,5,5,1,1,20.0,20.0,20.0,30.0,35.0,0.0,40.0,50.0,100.0,88.0,1,2,1,2,2,2,1,2,2,2,1,2,2,2,1,1,2,2,1,1,1,2,2,2,2,2,2,2,2,1,2,1,2,2,2,1,1,2,2,2,6.0,,,1.0,380,10,,,,,,,,,,,,,70.0,,,,,,,2.0,2.0,2.0,,,,2.0
1225,1,1,1,1,3,2,2,1,5,4,70.0,5.0,,,,6.0,,,,,1.0,1.0,1.0,,,,,,,,,,,,6,4,6,6,3,3,3,3,1,2,28.0,30.0,31.0,27.0,76.0,64.0,59.0,28.0,77.0,56.0,2,2,2,2,2,2,2,2,2,2,2,2,2,2,1,2,1,2,1,2,2,2,2,1,2,2,2,2,2,2,2,2,2,1,2,2,2,2,2,2,,1.0,14,2.0,75,15,,2.0,1.0,1.0,1.0,1.0,1.0,1.0,1.0,1.0,1.0,1.0,,,,,,1.0,2.0,3.0,3.0,3.0,,,,1.0
1226,5,5,4,5,4,4,5,5,1,4,30.0,6.0,5.0,4.0,4.0,6.0,,,2.0,350,,,,20,,,2.0,,,,,,,,7,2,3,3,5,6,6,6,3,2,29.0,27.0,27.0,27.0,34.0,33.0,24.0,35.0,35.0,25.0,1,1,1,1,2,2,1,2,1,1,1,2,1,2,1,1,2,2,2,1,1,1,1,1,2,1,1,2,2,2,1,2,2,2,2,2,2,2,1,2,,1.0,50,,,,,6.0,1.0,1.0,1.0,1.0,1.0,1.0,1.0,1.0,1.0,1.0,,,,,,1.0,,,,,5.0,5.0,6.0,4.0
1227,1,4,1,2,4,5,5,5,4,5,,4.0,,,,3.0,2.0,48,1.0,1250,1.0,5.0,6.0,,2.0,1.0,2.0,,,,,,,,5,1,5,2,2,5,7,6,1,2,23.0,43.0,16.0,59.0,69.0,45.0,75.0,82.0,52.0,83.0,2,2,1,2,2,1,2,2,2,1,2,1,1,1,1,1,1,1,2,1,1,2,2,1,1,1,2,2,1,2,2,1,1,2,1,1,2,1,2,2,,,,,,10,,5.0,1.0,1.0,1.0,2.0,1.0,1.0,2.0,1.0,1.0,1.0,90.0,,,,,,,2.0,5.0,4.0,,,,
1228,5,5,5,5,4,5,5,5,1,1,60.0,4.0,4.0,6.0,3.0,,,,2.0,750,3.0,5.0,5.0,18,,,1.0,6.0,,,,,,,6,4,6,5,3,6,5,5,3,1,45.0,50.0,55.0,56.0,65.0,55.0,40.0,60.0,48.0,50.0,2,2,1,1,2,1,1,2,1,1,1,2,1,1,1,2,1,1,2,1,2,1,2,1,2,1,1,2,1,2,2,1,2,2,2,1,2,1,2,1,6.0,1.0,35,,,,5.0,,1.0,1.0,1.0,1.0,1.0,1.0,1.0,1.0,1.0,1.0,,,,,,1.0,,,,,,,,
1229,4,3,4,4,3,3,5,4,4,3,50.0,4.0,3.0,5.0,4.0,,,,,,1.0,3.0,4.0,20,2.0,,1.0,4.0,,,,,,,7,4,5,5,7,7,7,7,2,1,43.0,18.0,55.0,10.0,96.0,50.0,75.0,65.0,80.0,50.0,2,2,2,2,1,2,2,1,1,2,2,2,1,2,2,2,1,2,2,2,2,2,2,1,2,2,2,2,2,2,1,2,2,1,2,1,2,2,2,2,6.0,1.0,54,1.0,312,,,,1.0,1.0,1.0,1.0,1.0,2.0,2.0,1.0,1.0,2.0,,,,,,,,,,,,,,3.0
1230,5,5,5,5,5,5,5,5,1,5,70.0,,,,,5.0,1.0,74,,,,,,15,,,2.0,6.0,,,,,,,6,2,6,5,3,7,2,5,4,2,67.0,68.0,60.0,83.0,88.0,53.0,90.0,95.0,51.0,77.0,2,1,1,1,1,1,1,1,1,2,1,2,1,1,1,2,2,1,1,1,1,1,1,1,2,2,1,1,1,1,1,1,1,1,1,2,1,1,2,1,,,,1.0,130,,4.0,,1.0,1.0,1.0,2.0,1.0,1.0,2.0,1.0,2.0,1.0,,2.0,5.0,5.0,6.0,2.0,,5.0,5.0,3.0,,,,
1231,3,3,3,3,3,2,4,4,4,4,91.0,,2.0,3.0,3.0,,,,,,,,,,2.0,,,4.0,1.0,1.0,1.0,2.0,2.0,1.0,5,3,2,2,4,4,5,5,2,2,41.0,32.0,28.0,18.0,79.0,16.0,77.0,72.0,73.0,71.0,1,2,1,1,2,2,2,1,2,2,2,2,2,2,2,1,2,2,2,2,2,2,2,1,2,2,2,2,2,2,1,2,1,2,2,2,2,2,1,2,6.0,1.0,45,1.0,150,10,10.0,,,,,,,,,,,,,3.0,,,,,1.0,,,,3.0,4.0,4.0,
1232,4,3,4,4,4,3,4,3,4,4,76.0,,,,,,,,1.0,1500,,,,15,,3.0,,,,,,,,,7,4,6,6,7,4,6,6,1,2,24.0,33.0,30.0,38.0,28.0,62.0,64.0,17.0,7.0,60.0,1,1,1,2,1,1,1,2,2,2,1,1,1,2,1,1,2,1,1,2,1,2,1,1,2,1,1,2,2,1,1,2,1,2,1,1,1,2,2,1,6.0,2.0,2,,,,,3.0,2.0,2.0,1.0,2.0,2.0,1.0,1.0,1.0,2.0,2.0,,5.0,,,,1.0,2.0,5.0,4.0,5.0,4.0,4.0,5.0,
1233,1,3,5,5,5,5,5,5,3,3,30.0,2.0,5.0,4.0,5.0,,,,,,,,,,,,2.0,,1.0,1.0,1.0,1.0,1.0,1.0,7,4,7,7,1,4,5,5,2,2,24.0,28.0,47.0,52.0,52.0,44.0,56.0,75.0,48.0,47.0,2,2,2,2,2,2,1,2,2,2,2,2,2,2,2,2,2,2,2,2,1,2,2,2,2,2,2,1,1,2,2,2,2,2,2,2,2,2,2,2,6.0,2.0,8,1.0,150,15,4.0,1.0,,,,,,,,,,,,,5.0,4.0,3.0,2.0,,,,,,,,
1234,5,5,5,5,3,5,5,5,2,3,,5.0,3.0,4.0,5.0,6.0,2.0,20,,,3.0,5.0,1.0,,1.0,1.0,1.0,,1.0,1.0,1.0,1.0,1.0,1.0,7,1,5,6,3,5,7,3,4,1,67.0,59.0,61.0,74.0,69.0,46.0,85.0,80.0,50.0,58.0,2,1,1,2,2,1,1,2,1,1,2,2,1,1,2,2,1,2,2,1,2,2,1,1,2,2,1,1,1,1,1,2,2,2,2,2,1,1,2,1,,,,1.0,105,10,,2.0,,,,,,,,,,,70.0,,,,,,,,,,,,,
1235,4,5,5,5,5,5,4,5,2,1,,1.0,,,,7.0,2.0,35,,,,,,10,1.0,,1.0,3.0,,,,,,,7,2,4,1,5,6,5,7,3,2,65.0,70.0,80.0,90.0,90.0,65.0,50.0,55.0,30.0,20.0,2,2,1,2,1,1,1,2,1,2,2,1,2,2,1,1,2,2,2,2,2,2,2,2,2,2,2,2,2,2,1,2,2,2,2,2,2,2,2,2,,,,1.0,200,,,,1.0,1.0,2.0,1.0,2.0,1.0,1.0,1.0,2.0,1.0,70.0,,4.0,5.0,6.0,,,5.0,5.0,2.0,,,,2.0
1236,4,3,5,4,5,4,3,4,2,3,,4.0,,,,6.0,2.0,50,1.0,1055,2.0,5.0,6.0,11,,3.0,1.0,,,,,,,,6,6,4,5,5,5,7,5,3,2,27.0,10.0,15.0,65.0,73.0,27.0,36.0,53.0,75.0,55.0,1,1,2,1,2,2,1,2,1,1,1,1,2,2,2,2,2,1,2,2,2,2,1,1,1,1,1,1,1,2,2,2,2,1,1,2,1,2,2,1,,,,,,,,4.0,2.0,1.0,1.0,1.0,2.0,1.0,1.0,1.0,1.0,2.0,70.0,,,,,1.0,,4.0,5.0,2.0,,,,
1237,3,3,3,3,3,3,3,3,3,3,49.0,,,,,4.0,2.0,20,,,,,,0,,,1.0,1.0,,,,,,,7,1,4,4,4,1,1,1,1,1,49.0,50.0,50.0,48.0,47.0,49.0,49.0,47.0,49.0,51.0,2,2,2,2,2,2,2,2,2,2,2,2,2,2,2,2,2,2,2,2,2,2,2,2,2,2,2,2,2,2,2,2,2,2,2,2,2,2,2,2,,,,2.0,60,,,,1.0,1.0,1.0,1.0,1.0,1.0,1.0,1.0,1.0,1.0,,3.0,3.0,3.0,3.0,2.0,,3.0,3.0,3.0,,,,1.0
1238,3,4,3,5,3,4,3,2,3,3,58.0,3.0,3.0,2.0,2.0,,,,2.0,375,,,,,2.0,,,4.0,1.0,2.0,1.0,2.0,1.0,2.0,6,3,4,3,2,6,6,6,2,2,23.0,51.0,27.0,90.0,22.0,19.0,83.0,45.0,26.0,91.0,2,2,1,2,1,1,1,2,2,1,1,1,1,1,2,1,2,1,1,1,1,1,1,1,1,2,1,1,2,2,2,1,1,1,2,1,2,1,2,1,4.0,2.0,54,,,10,1.0,,,,,,,,,,,,,,,,,,2.0,,,,3.0,2.0,3.0,
1239,4,3,5,4,5,4,5,5,3,4,30.0,,2.0,4.0,5.0,,,,2.0,400,1.0,4.0,4.0,18,1.0,2.0,2.0,,,,,,,,6,3,3,4,3,5,6,6,4,1,39.0,30.0,60.0,56.0,58.0,51.0,80.0,79.0,49.0,44.0,1,1,2,1,2,2,2,1,2,2,2,2,2,1,1,1,1,2,1,2,2,2,2,1,2,2,1,2,2,2,1,1,1,1,1,2,2,1,2,2,6.0,1.0,32,,,,,4.0,1.0,2.0,1.0,1.0,2.0,2.0,1.0,1.0,1.0,1.0,,3.0,,,,,,,,,,,,
1240,5,3,4,4,5,5,3,5,1,3,95.0,3.0,,,,,2.0,40,,,4.0,5.0,6.0,10,,2.0,1.0,,1.0,1.0,1.0,2.0,1.0,1.0,6,4,4,4,3,6,5,5,3,1,60.0,40.0,71.0,71.0,80.0,71.0,40.0,60.0,30.0,40.0,2,1,2,2,2,2,2,2,1,2,2,1,1,1,2,1,1,2,1,2,2,2,1,1,1,2,2,1,1,2,1,2,2,2,1,1,1,2,1,1,5.0,,,1.0,150,,,4.0,,,,,,,,,,,,,,,,2.0,,4.0,4.0,2.0,,,,
1241,3,2,3,3,4,3,3,4,3,3,50.0,3.0,,,,5.0,,,1.0,1200,2.0,3.0,3.0,,2.0,1.0,2.0,,,,,,,,6,4,4,3,2,3,4,5,3,1,20.0,30.0,30.0,40.0,60.0,37.0,57.0,85.0,50.0,30.0,2,1,2,2,2,2,2,1,1,2,2,2,1,2,2,2,2,2,1,2,1,2,2,1,2,2,2,2,1,2,2,2,1,2,1,2,2,2,2,2,,1.0,18,,,12,,4.0,1.0,1.0,1.0,1.0,1.0,1.0,1.0,1.0,1.0,1.0,,,,,,,,3.0,3.0,2.0,,,,
1242,1,2,1,1,2,4,5,2,4,5,,,5.0,5.0,4.0,,2.0,50,,,,,,,2.0,,2.0,,,,,,,,5,1,5,5,2,6,6,5,1,1,10.0,3.0,5.0,1.0,30.0,75.0,95.0,10.0,95.0,100.0,1,2,1,1,2,2,1,1,1,2,1,1,2,1,2,2,2,1,1,2,2,2,1,1,2,2,2,2,1,2,2,2,1,2,2,1,2,2,2,1,6.0,,,1.0,120,4,8.0,2.0,1.0,1.0,2.0,1.0,2.0,1.0,1.0,2.0,1.0,1.0,70.0,2.0,,,,,,,,,5.0,4.0,2.0,
1243,4,4,5,5,5,5,5,5,2,2,,,4.0,3.0,3.0,,2.0,50,,,,,,5,1.0,,,4.0,,,,,,,7,2,4,5,5,6,4,6,3,2,30.0,10.0,45.0,65.0,65.0,45.0,55.0,60.0,65.0,20.0,2,2,2,2,2,1,1,1,2,1,2,1,2,2,2,2,2,2,1,1,1,1,1,2,2,1,2,2,2,1,2,1,2,1,2,1,1,2,2,2,2.0,,,1.0,110,,8.0,,1.0,1.0,1.0,2.0,2.0,1.0,1.0,2.0,1.0,1.0,70.0,2.0,,,,,2.0,,,,2.0,5.0,5.0,
1244,5,5,5,5,5,5,5,5,2,2,,,3.0,2.0,2.0,6.0,,,,,1.0,4.0,4.0,,,,1.0,4.0,1.0,1.0,2.0,1.0,2.0,1.0,6,2,2,2,4,5,5,6,3,2,70.0,55.0,59.0,95.0,90.0,80.0,90.0,90.0,42.0,20.0,1,2,2,2,2,2,2,1,2,1,2,2,2,2,2,2,2,2,1,2,2,1,1,1,2,2,1,2,2,2,2,2,2,2,2,2,1,2,2,2,,1.0,150,1.0,300,10,10.0,,,,,,,,,,,,30.0,3.0,,,,1.0,,,,,,,,
1245,4,3,3,5,4,4,5,5,4,4,,3.0,,,,,2.0,52,2.0,380,,,,20,1.0,2.0,2.0,4.0,,,,,,,7,2,5,5,3,6,3,5,3,1,20.0,10.0,15.0,35.0,20.0,20.0,35.0,50.0,10.0,20.0,1,1,1,1,2,2,1,2,2,1,2,1,2,2,2,2,1,1,1,1,1,2,1,2,1,2,1,1,2,1,1,1,1,1,2,1,2,1,1,1,3.0,,,,,,,,1.0,1.0,2.0,1.0,1.0,1.0,2.0,1.0,2.0,1.0,60.0,,,,,,,3.0,4.0,3.0,2.0,5.0,5.0,
1246,4,5,4,5,4,2,5,4,4,3,,4.0,,,,,2.0,45,,,,,,15,,4.0,1.0,4.0,,,,,,,6,2,6,5,5,5,5,5,2,1,40.0,31.0,20.0,65.0,50.0,25.0,45.0,60.0,42.0,32.0,2,1,2,1,2,1,2,2,1,2,2,1,1,2,2,2,2,2,1,1,1,2,1,2,2,2,1,1,2,1,2,1,2,1,1,1,1,1,1,2,6.0,,,1.0,100,,,,1.0,1.0,1.0,1.0,2.0,2.0,2.0,1.0,1.0,1.0,70.0,,1.0,5.0,5.0,1.0,,3.0,5.0,2.0,,,,
1247,3,2,4,2,2,2,2,2,3,3,30.0,4.0,4.0,4.0,4.0,6.0,,,,,,,,,,2.0,2.0,,1.0,1.0,1.0,1.0,1.0,1.0,6,4,6,6,1,5,3,5,3,1,22.0,32.0,68.0,30.0,36.0,26.0,41.0,12.0,29.0,26.0,1,2,2,2,2,2,2,2,2,1,2,1,2,2,2,2,1,2,1,1,2,2,2,1,2,2,2,2,2,2,2,2,1,2,2,1,2,2,1,2,,1.0,32,1.0,110,0,,2.0,,,,,,,,,,,,,,,,1.0,,,,,4.0,4.0,3.0,
1248,4,5,5,5,3,5,5,5,1,1,30.0,1.0,,,,6.0,2.0,52,2.0,400,,,,5,1.0,,2.0,,,,,,,,7,2,2,2,2,5,6,6,4,1,55.0,65.0,65.0,65.0,35.0,55.0,85.0,85.0,30.0,30.0,2,2,2,2,1,2,1,1,2,1,2,1,1,2,2,1,2,2,1,2,1,2,2,1,2,2,2,2,2,1,2,1,1,2,2,1,1,2,1,1,,,,,,,6.0,6.0,1.0,1.0,1.0,1.0,1.0,1.0,1.0,1.0,1.0,1.0,,,2.0,5.0,6.0,,,3.0,3.0,3.0,,,,
1249,2,2,2,1,4,1,3,5,5,5,22.0,4.0,,,,,,,2.0,700,1.0,3.0,1.0,15,1.0,,,5.0,1.0,1.0,2.0,1.0,1.0,2.0,5,1,2,2,5,6,6,6,3,1,56.0,36.0,40.0,35.0,56.0,42.0,60.0,69.0,69.0,71.0,2,2,2,2,2,2,2,2,2,2,2,2,2,1,1,2,2,2,1,2,1,1,2,1,2,1,2,2,2,2,2,1,2,2,2,2,1,2,2,1,3.0,2.0,6,,,,8.0,,,,,,,,,,,,,,,,,,1.0,3.0,2.0,2.0,,,,
1250,3,2,4,3,4,4,5,2,2,4,,5.0,2.0,3.0,3.0,6.0,,,,,2.0,4.0,4.0,18,2.0,,,3.0,,,,,,,6,5,6,4,2,4,6,6,2,2,19.0,20.0,37.0,45.0,42.0,28.0,55.0,81.0,52.0,51.0,1,1,2,1,2,2,2,2,1,1,2,2,2,2,1,1,1,2,1,2,1,2,1,2,1,1,2,2,2,2,2,1,2,2,2,2,1,2,1,2,,1.0,54,1.0,250,,7.0,,1.0,1.0,1.0,2.0,1.0,1.0,1.0,1.0,2.0,1.0,95.0,,,,,,2.0,,,,,,,
1251,4,3,4,5,4,4,5,5,2,4,,5.0,,,,,2.0,42,1.0,1500,,,,17,2.0,,,,,,,,,,6,1,6,5,4,6,6,6,2,1,35.0,25.0,43.0,39.0,49.0,30.0,65.0,36.0,59.0,70.0,1,2,1,2,2,2,2,2,1,2,2,1,2,2,1,2,2,2,1,1,1,1,2,2,2,2,2,2,2,2,2,2,2,2,2,2,2,2,2,1,6.0,,,,,,,3.0,1.0,1.0,1.0,1.0,1.0,1.0,1.0,1.0,1.0,1.0,85.0,,,,,,2.0,4.0,4.0,2.0,5.0,2.0,3.0,7.0
1252,4,5,4,5,4,1,5,5,5,5,81.0,3.0,5.0,2.0,1.0,,,,1.0,1600,,,,,,,1.0,,,,,,,,5,1,1,1,5,6,7,7,2,2,20.0,32.0,38.0,44.0,52.0,11.0,27.0,27.0,63.0,49.0,2,2,2,1,2,1,1,2,1,1,1,2,2,2,2,2,1,1,1,1,2,2,2,1,2,2,2,1,2,2,2,2,1,2,2,2,2,2,2,2,5.0,1.0,54,,,4,6.0,5.0,1.0,1.0,1.0,1.0,1.0,1.0,1.0,2.0,2.0,2.0,,,2.0,4.0,5.0,1.0,,,,,,,,
1253,2,5,3,5,5,3,5,5,5,5,,,,,,,2.0,20,,,,,,1,2.0,2.0,,6.0,1.0,1.0,1.0,1.0,2.0,2.0,7,1,1,1,3,7,7,7,2,2,10.0,50.0,70.0,80.0,80.0,30.0,100.0,100.0,90.0,100.0,1,2,1,1,2,1,1,2,2,1,2,2,1,1,1,1,2,1,2,2,2,2,1,2,2,2,2,2,2,2,2,2,2,1,2,2,2,1,2,2,1.0,,,2.0,75,,,,,,,,,,,,,,90.0,4.0,,,,,1.0,3.0,3.0,2.0,5.0,5.0,6.0,
1254,2,2,4,4,5,4,5,5,5,4,,2.0,,,,,,,2.0,850,2.0,4.0,4.0,,,,2.0,5.0,,,,,,,6,3,5,5,5,6,2,3,2,2,40.0,30.0,55.0,65.0,70.0,40.0,90.0,75.0,60.0,50.0,1,2,1,2,1,1,2,1,1,1,2,1,2,1,2,1,1,2,2,1,1,2,1,1,2,1,1,2,1,2,1,1,2,1,1,1,2,2,1,1,7.0,1.0,25,,,15,4.0,,1.0,1.0,2.0,1.0,1.0,2.0,1.0,1.0,1.0,2.0,85.0,,,,,1.0,,5.0,5.0,2.0,,,,
1255,4,4,4,4,4,5,5,3,1,1,30.0,3.0,5.0,6.0,3.0,6.0,1.0,71,2.0,360,,,,19,,,1.0,3.0,1.0,2.0,2.0,1.0,1.0,1.0,5,2,5,5,1,6,3,2,2,1,55.0,52.0,51.0,48.0,49.0,66.0,85.0,79.0,23.0,38.0,1,1,1,2,1,2,2,1,2,1,2,2,2,2,1,2,2,2,2,1,1,1,1,2,1,2,2,1,2,2,2,1,1,2,1,1,1,2,2,1,,,,,,,,,,,,,,,,,,,,,5.0,3.0,4.0,1.0,,,,,,,,9.0
1256,2,2,2,2,3,5,5,3,2,3,,,6.0,6.0,6.0,,2.0,35,1.0,2500,,,,,,3.0,1.0,,,,,,,,7,1,4,2,4,7,7,7,2,1,6.0,7.0,11.0,6.0,14.0,60.0,100.0,66.0,15.0,12.0,2,1,2,1,1,2,1,2,1,2,2,1,2,2,1,2,1,1,2,1,2,1,2,1,1,2,1,1,1,2,2,2,1,2,1,1,2,1,2,2,1.0,,,,,5,,6.0,1.0,1.0,1.0,2.0,2.0,1.0,1.0,2.0,1.0,1.0,28.0,3.0,2.0,5.0,6.0,1.0,,,,,,,,
1257,4,3,4,5,3,5,5,4,3,3,75.0,4.0,4.0,3.0,3.0,,,,,,,,,17,,,1.0,,,,,,,,7,3,7,7,3,3,4,6,3,2,70.0,25.0,60.0,80.0,60.0,35.0,80.0,75.0,45.0,70.0,2,1,1,1,2,1,2,2,2,2,2,1,2,1,2,1,2,1,1,2,1,1,2,2,1,2,2,1,1,1,2,2,1,2,1,2,1,1,2,1,6.0,1.0,18,2.0,80,,9.0,5.0,1.0,1.0,1.0,1.0,2.0,1.0,1.0,1.0,2.0,1.0,,,4.0,4.0,5.0,1.0,,,,,,,,
1258,3,4,4,5,4,2,4,4,5,3,62.0,5.0,4.0,5.0,5.0,5.0,,,,,,,,18,1.0,4.0,1.0,4.0,,,,,,,7,1,4,4,1,6,5,5,3,1,43.0,82.0,73.0,99.0,66.0,5.0,60.0,89.0,100.0,59.0,1,1,1,1,2,1,1,2,1,2,1,1,1,1,2,1,1,2,1,1,2,1,2,1,1,1,1,1,1,1,2,1,1,2,1,1,2,1,1,1,,1.0,50,1.0,300,,,,1.0,2.0,2.0,1.0,1.0,1.0,1.0,1.0,1.0,1.0,,,,,,,,,,,4.0,4.0,5.0,
1259,2,3,2,1,3,1,3,3,5,3,,2.0,4.0,5.0,2.0,6.0,1.0,70,,,,,,20,,,,6.0,,,,,,,6,5,5,7,2,4,3,7,2,2,55.0,50.0,60.0,45.0,65.0,30.0,50.0,60.0,75.0,50.0,2,1,1,2,1,1,1,1,1,1,1,1,1,1,1,2,1,1,1,1,2,1,1,2,1,1,2,1,1,1,1,1,1,2,1,1,1,1,1,2,,,,1.0,300,,7.0,,1.0,1.0,2.0,1.0,1.0,2.0,1.0,1.0,2.0,1.0,70.0,,4.0,3.0,4.0,1.0,2.0,,,,,,,
1260,5,5,5,5,5,5,3,5,1,1,,,,,,6.0,2.0,50,2.0,300,,,,,2.0,,1.0,6.0,,,,,,,7,1,5,3,2,7,6,5,1,2,80.0,35.0,80.0,61.0,69.0,80.0,83.0,85.0,35.0,23.0,2,1,2,2,2,2,2,2,2,2,2,2,2,2,2,2,2,2,2,2,2,2,2,1,1,2,2,2,2,2,2,2,2,2,2,2,1,2,2,2,,,,,,15,,,1.0,1.0,1.0,1.0,1.0,1.0,1.0,1.0,1.0,1.0,70.0,2.0,,,,,,3.0,3.0,3.0,1.0,5.0,6.0,3.0
1261,5,4,5,4,5,4,4,5,4,5,30.0,,3.0,4.0,5.0,,,,1.0,380,1.0,5.0,4.0,,2.0,,1.0,4.0,,,,,,,7,5,5,5,2,5,6,5,3,1,70.0,60.0,65.0,50.0,60.0,70.0,80.0,60.0,40.0,40.0,1,1,1,1,2,1,1,2,1,1,2,1,1,1,1,1,1,1,1,1,1,1,1,1,2,1,1,2,1,2,1,1,1,1,2,1,2,2,2,1,3.0,1.0,54,,,15,,,1.0,1.0,1.0,1.0,1.0,1.0,1.0,1.0,1.0,1.0,,2.0,,,,,,,,,,,,4.0
1262,5,5,5,5,3,5,5,5,1,1,,,,,,,2.0,50,2.0,650,1.0,5.0,6.0,10,2.0,,2.0,5.0,1.0,1.0,1.0,1.0,2.0,2.0,6,2,5,4,5,6,5,7,4,2,60.0,65.0,55.0,55.0,40.0,40.0,65.0,65.0,50.0,40.0,1,2,2,2,2,2,2,2,1,2,2,2,2,1,2,2,2,1,2,2,2,2,2,2,2,1,1,1,1,2,1,2,1,2,2,1,2,1,2,2,5.0,,,,,,6.0,,,,,,,,,,,,70.0,4.0,,,,,,4.0,4.0,3.0,,,,
1263,5,5,5,5,5,5,3,5,4,5,,,,,,6.0,,,,,,,,,2.0,,2.0,6.0,1.0,1.0,1.0,1.0,1.0,1.0,6,1,2,2,2,6,5,6,2,1,90.0,95.0,90.0,70.0,65.0,60.0,50.0,90.0,85.0,85.0,2,2,2,1,1,1,2,1,1,2,2,1,2,2,1,2,1,2,2,2,2,2,2,2,1,1,1,2,2,2,2,1,1,2,2,2,1,2,1,2,,1.0,50,1.0,400,5,,,,,,,,,,,,,30.0,3.0,,,,,,2.0,4.0,2.0,5.0,5.0,5.0,3.0
1264,3,4,4,4,3,3,5,5,5,3,30.0,,3.0,3.0,5.0,3.0,2.0,50,1.0,1224,,,,,2.0,,,6.0,,,,,,,7,1,7,7,5,7,7,6,2,2,67.0,70.0,60.0,97.0,49.0,60.0,76.0,85.0,93.0,79.0,2,2,1,2,1,2,1,2,2,2,2,2,2,2,1,2,2,2,2,2,2,2,1,2,2,2,2,2,2,2,2,2,2,1,2,2,1,2,1,2,,,,,,20,,,2.0,1.0,2.0,1.0,2.0,1.0,2.0,1.0,2.0,1.0,,1.0,4.0,5.0,1.0,,1.0,,,,,,,10.0
1265,1,1,1,1,3,1,1,2,5,4,,,,,,,,,,,,,,,,,1.0,4.0,,,,,,,5,2,6,6,5,5,5,5,2,1,48.0,48.0,15.0,36.0,48.0,48.0,48.0,48.0,60.0,51.0,2,2,2,2,1,1,1,1,1,2,1,1,1,1,1,2,1,2,1,2,1,2,1,2,1,1,1,2,2,1,1,2,2,1,1,1,2,1,1,2,5.0,1.0,35,1.0,250,20,,,1.0,1.0,1.0,1.0,1.0,1.0,1.0,2.0,2.0,2.0,80.0,3.0,,,,1.0,,4.0,5.0,2.0,1.0,4.0,4.0,2.0
1266,3,4,4,5,4,5,5,5,2,3,65.0,,5.0,3.0,1.0,7.0,2.0,55,2.0,400,1.0,4.0,4.0,15,,,2.0,5.0,,,,,,,6,2,5,5,2,3,5,5,4,1,15.0,20.0,20.0,50.0,55.0,45.0,70.0,60.0,40.0,50.0,2,2,2,2,1,2,2,1,2,2,1,2,1,2,2,2,1,1,1,2,2,1,2,2,2,1,1,2,2,1,2,2,1,1,2,2,1,1,1,1,,,,,,,6.0,,1.0,1.0,2.0,1.0,1.0,1.0,2.0,1.0,2.0,1.0,,4.0,,,,1.0,,,,,,,,
1267,2,3,3,4,4,3,2,5,2,5,72.0,,5.0,3.0,2.0,6.0,2.0,20,2.0,400,1.0,4.0,4.0,20,,,,6.0,,,,,,,5,7,1,3,5,5,6,6,4,2,51.0,38.0,66.0,83.0,61.0,44.0,59.0,90.0,68.0,100.0,1,2,2,1,1,2,1,2,2,1,2,1,1,1,1,1,2,2,2,2,2,1,2,2,2,1,2,2,2,2,2,1,1,2,1,1,1,1,2,2,,,,,,,,,1.0,1.0,1.0,1.0,2.0,1.0,2.0,1.0,1.0,2.0,,2.0,,,,1.0,2.0,,,,,,,4.0
1268,3,5,4,5,4,3,5,4,5,4,90.0,,3.0,3.0,4.0,,2.0,15,,,1.0,2.0,3.0,,,2.0,2.0,6.0,1.0,1.0,1.0,1.0,2.0,2.0,6,1,4,7,2,5,7,6,1,1,40.0,60.0,80.0,75.0,80.0,30.0,85.0,70.0,95.0,60.0,2,1,2,1,2,2,1,1,2,2,2,1,1,2,2,2,1,2,2,1,2,1,2,1,1,2,2,2,2,1,2,2,2,2,2,1,2,2,2,2,5.0,,,2.0,75,5,,,,,,,,,,,,,,4.0,,,,1.0,,,,,,,,
1269,1,1,1,1,5,2,2,1,4,4,,4.0,3.0,3.0,2.0,,2.0,45,2.0,900,,,,15,,1.0,,,1.0,1.0,1.0,1.0,2.0,2.0,5,2,4,4,3,5,6,6,1,1,10.0,10.0,10.0,15.0,75.0,18.0,11.0,10.0,60.0,50.0,1,2,2,2,2,2,1,2,2,1,1,2,1,1,1,1,1,1,2,2,2,2,2,2,2,1,2,2,2,2,2,1,1,1,1,1,2,1,2,1,6.0,,,,,,,2.0,,,,,,,,,,,70.0,,,,,2.0,2.0,,,,4.0,2.0,3.0,
1270,3,3,3,1,3,4,4,4,5,4,,,2.0,3.0,5.0,7.0,,,,,,,,15,2.0,,2.0,,1.0,1.0,2.0,2.0,1.0,1.0,7,1,4,3,3,7,5,5,1,2,55.0,53.0,55.0,8.0,0.0,71.0,80.0,100.0,100.0,91.0,2,2,2,2,2,1,2,2,1,1,1,2,2,2,1,2,2,2,2,2,1,1,2,2,2,2,2,2,2,2,2,2,2,2,2,2,1,1,2,1,,1.0,50,1.0,250,,10.0,6.0,,,,,,,,,,,84.0,1.0,,,,,,,,,5.0,5.0,6.0,
1271,4,4,3,2,5,4,2,5,5,3,,2.0,,,,6.0,,,,,,,,,2.0,,,,,,,,,,7,2,1,4,3,5,6,5,2,2,71.0,76.0,28.0,21.0,86.0,86.0,84.0,89.0,95.0,87.0,1,2,1,1,1,1,1,2,2,1,1,2,1,2,1,1,1,1,2,1,1,1,2,2,1,2,1,1,2,1,1,1,1,1,1,2,2,2,2,1,,1.0,50,1.0,200,3,2.0,4.0,2.0,1.0,1.0,1.0,2.0,1.0,1.0,2.0,1.0,1.0,96.0,,4.0,5.0,6.0,,1.0,4.0,5.0,2.0,,,,
1272,4,3,3,2,4,4,3,3,4,3,70.0,5.0,3.0,4.0,2.0,,,,1.0,1400,,,,15,2.0,2.0,,,1.0,1.0,1.0,1.0,1.0,1.0,5,1,4,4,5,6,6,6,2,2,25.0,15.0,20.0,35.0,35.0,25.0,30.0,55.0,50.0,35.0,1,2,2,1,2,1,2,1,1,1,2,2,2,2,2,1,2,2,2,2,2,1,2,2,2,2,2,1,2,1,1,2,1,2,1,1,2,1,1,2,6.0,1.0,50,,,,,6.0,,,,,,,,,,,,,,,,,2.0,,,,4.0,5.0,6.0,
1273,2,2,2,1,4,2,3,2,5,4,35.0,6.0,,,,3.0,,,,,,,,,,,1.0,,,,,,,,4,2,5,5,2,5,5,5,2,2,39.0,26.0,40.0,59.0,30.0,15.0,49.0,65.0,75.0,62.0,2,1,1,2,2,1,2,1,1,2,1,1,1,2,1,2,1,2,1,1,2,1,2,1,1,1,2,1,1,1,1,2,1,2,1,2,1,2,1,2,,2.0,4,1.0,100,20,,1.0,1.0,1.0,1.0,1.0,1.0,1.0,1.0,1.0,1.0,1.0,,,1.0,5.0,6.0,2.0,,3.0,4.0,3.0,,,,3.0
1274,5,5,5,5,4,5,5,5,3,3,75.0,5.0,3.0,5.0,4.0,6.0,2.0,54,,,1.0,5.0,6.0,15,,,,,,,,,,,7,2,4,5,5,6,6,6,2,1,75.0,60.0,25.0,80.0,50.0,50.0,80.0,95.0,70.0,50.0,2,1,1,1,1,1,2,1,1,1,2,1,1,1,2,1,1,1,1,2,1,1,1,1,2,1,1,1,1,1,1,1,1,1,1,1,1,2,1,2,,,,1.0,379,,,2.0,1.0,1.0,1.0,1.0,2.0,2.0,1.0,2.0,2.0,1.0,,,,,,2.0,2.0,,,,,,,3.0
1275,4,1,2,1,5,1,5,4,5,5,,5.0,4.0,5.0,2.0,,,,,,,,,18,2.0,2.0,,,,,,,,,6,2,4,5,5,5,4,3,3,1,60.0,40.0,30.0,20.0,55.0,30.0,75.0,70.0,65.0,75.0,1,1,1,1,2,1,1,1,1,1,2,1,2,2,2,1,1,1,1,2,2,1,1,1,1,1,2,1,1,1,1,1,1,1,1,1,1,1,2,1,6.0,1.0,18,1.0,100,,,2.0,1.0,1.0,1.0,1.0,1.0,1.0,1.0,1.0,1.0,1.0,15.0,,,,,,2.0,,,,5.0,5.0,6.0,
1276,3,4,3,4,5,2,3,1,4,4,,4.0,3.0,3.0,4.0,5.0,2.0,50,2.0,300,,,,10,2.0,,1.0,5.0,1.0,1.0,2.0,1.0,2.0,1.0,5,1,2,2,2,6,5,5,2,1,50.0,60.0,50.0,50.0,70.0,50.0,61.0,50.0,50.0,60.0,1,1,2,2,1,1,1,1,1,1,1,2,2,2,1,2,1,1,1,1,1,1,2,2,1,2,2,1,1,1,2,2,2,1,2,2,1,1,1,1,,,,,,,10.0,,,,,,,,,,,,80.0,,1.0,5.0,5.0,,,,,,,,,
1277,4,5,5,5,5,5,5,5,3,2,30.0,,,,,,2.0,55,,,,,,,,,2.0,,1.0,1.0,1.0,2.0,1.0,2.0,7,5,6,5,2,5,5,6,2,2,80.0,70.0,70.0,85.0,90.0,75.0,70.0,70.0,65.0,50.0,2,1,2,2,1,2,2,1,1,2,1,1,2,2,2,1,2,1,2,2,2,2,2,1,2,1,2,2,2,2,2,2,2,1,2,1,2,2,2,1,6.0,,,1.0,850,10,7.0,5.0,,,,,,,,,,,,3.0,2.0,5.0,6.0,1.0,,4.0,4.0,4.0,,,,
1278,4,5,4,5,4,5,5,5,1,4,20.0,4.0,,,,,,,1.0,1200,,,,,,1.0,1.0,,1.0,2.0,1.0,1.0,1.0,1.0,7,1,5,5,5,7,7,7,1,2,40.0,20.0,41.0,75.0,47.0,30.0,60.0,80.0,50.0,55.0,2,2,2,1,2,2,2,1,2,1,2,2,1,2,1,2,2,2,1,1,1,2,2,1,2,1,2,2,2,1,2,2,1,2,1,2,2,2,2,1,6.0,1.0,20,,,10,,4.0,,,,,,,,,,,,,,,,1.0,,2.0,4.0,3.0,5.0,5.0,6.0,
1279,5,4,5,5,3,4,5,5,4,5,30.0,5.0,3.0,4.0,2.0,,2.0,30,,,3.0,2.0,2.0,,2.0,,,4.0,1.0,1.0,1.0,2.0,1.0,2.0,5,4,6,7,2,5,7,6,3,1,54.0,50.0,60.0,55.0,80.0,45.0,75.0,90.0,65.0,80.0,1,2,1,1,2,1,2,1,1,1,2,2,2,1,2,2,2,1,2,1,1,1,2,1,1,2,2,2,2,2,1,1,2,2,1,2,1,1,1,1,5.0,,,1.0,150,20,10.0,,,,,,,,,,,,,,,,,,2.0,,,,,,,
1280,1,2,3,2,1,2,5,1,5,4,,,,,,6.0,2.0,55,,,,,,10,1.0,,2.0,,1.0,1.0,2.0,1.0,1.0,2.0,7,1,3,6,2,7,5,6,1,1,2.0,3.0,90.0,21.0,19.0,20.0,100.0,21.0,93.0,96.0,2,2,1,1,1,2,2,2,2,1,2,2,2,1,2,1,2,2,2,2,1,2,2,2,2,1,2,1,1,2,2,1,2,2,1,1,2,1,2,2,,,,1.0,375,,,5.0,,,,,,,,,,,83.0,4.0,,,,,,5.0,2.0,2.0,4.0,4.0,3.0,3.0
1281,4,4,4,5,3,4,5,5,5,5,,,2.0,2.0,3.0,,2.0,25,,,,,,,,,1.0,,,,,,,,7,1,5,5,3,7,4,3,3,2,61.0,39.0,47.0,46.0,46.0,29.0,83.0,94.0,48.0,72.0,2,2,1,2,1,2,1,1,2,2,2,1,2,2,2,2,2,2,2,2,1,2,1,1,2,2,1,2,2,2,2,2,2,2,2,2,1,1,2,2,6.0,,,1.0,125,20,,4.0,1.0,1.0,1.0,2.0,1.0,2.0,2.0,1.0,2.0,1.0,91.0,2.0,,,,1.0,,,,,5.0,5.0,5.0,3.0
1282,2,2,3,1,3,2,5,4,4,3,70.0,,2.0,1.0,3.0,6.0,,,1.0,1025,1.0,4.0,6.0,15,,,1.0,5.0,,,,,,,6,4,3,3,3,3,3,3,2,1,65.0,25.0,70.0,20.0,40.0,24.0,78.0,70.0,72.0,45.0,1,2,2,1,1,2,1,1,1,1,1,1,1,2,1,2,1,2,1,2,2,1,2,2,2,2,2,1,2,1,2,1,2,1,1,2,1,1,1,2,,1.0,52,,,,,,1.0,1.0,2.0,1.0,2.0,1.0,1.0,1.0,2.0,1.0,,2.0,,,,1.0,,,,,,,,2.0
1283,5,4,4,3,4,2,3,4,4,4,71.0,4.0,,,,,2.0,54,,,,,,15,2.0,,,4.0,,,,,,,5,4,6,4,2,6,5,4,3,2,60.0,52.0,100.0,75.0,66.0,22.0,69.0,75.0,64.0,13.0,2,1,2,1,1,1,2,1,2,1,1,1,1,2,2,1,2,1,1,1,2,2,2,1,1,1,2,2,1,1,2,1,1,2,1,2,1,2,2,1,6.0,,,1.0,380,,,,2.0,1.0,1.0,1.0,1.0,2.0,1.0,2.0,1.0,2.0,,,,,,,2.0,4.0,2.0,3.0,2.0,5.0,6.0,2.0
1284,5,3,5,4,5,5,5,5,3,2,30.0,6.0,,,,6.0,2.0,33,2.0,700,,,,20,2.0,,,,1.0,1.0,2.0,1.0,1.0,2.0,6,2,4,4,5,6,4,4,3,1,43.0,38.0,29.0,38.0,41.0,45.0,62.0,68.0,41.0,32.0,2,2,1,2,2,1,2,2,1,2,2,2,2,2,2,2,1,2,2,2,2,1,2,2,2,2,2,1,1,1,2,1,2,2,1,1,2,1,2,2,,,,,,,,3.0,,,,,,,,,,,,,2.0,3.0,3.0,,2.0,4.0,4.0,3.0,,,,3.0
1285,4,3,4,5,5,4,5,5,3,3,30.0,,,,,,2.0,15,,,,,,,1.0,,1.0,,,,,,,,7,3,5,5,1,5,5,5,4,1,50.0,40.0,50.0,60.0,75.0,20.0,40.0,80.0,45.0,50.0,1,1,1,2,2,2,1,2,1,2,2,2,1,2,1,1,1,2,1,1,1,1,1,2,1,1,1,2,1,1,2,1,1,1,1,2,2,1,1,1,6.0,,,1.0,120,5,3.0,3.0,1.0,1.0,1.0,1.0,1.0,1.0,1.0,1.0,1.0,1.0,,2.0,5.0,4.0,2.0,,,4.0,4.0,3.0,,,,
1286,5,5,5,5,5,4,5,5,4,3,,4.0,3.0,3.0,3.0,,2.0,52,2.0,325,,,,15,,,1.0,5.0,1.0,1.0,1.0,1.0,1.0,1.0,7,1,4,5,2,6,5,5,2,2,65.0,60.0,60.0,70.0,75.0,55.0,80.0,65.0,70.0,60.0,1,1,2,2,2,1,1,1,2,2,1,1,1,1,1,1,1,1,1,1,1,1,1,2,1,1,1,1,1,1,1,1,1,2,1,1,1,1,2,2,5.0,,,,,,10.0,,,,,,,,,,,,70.0,,5.0,5.0,5.0,1.0,,,,,,,,
1287,3,4,4,5,5,5,5,5,1,1,22.0,,,,,6.0,2.0,50,2.0,800,,,,20,,1.0,,,,,,,,,5,2,4,4,2,3,4,5,1,1,37.0,34.0,32.0,62.0,70.0,45.0,47.0,87.0,55.0,9.0,2,2,2,2,2,1,2,2,2,2,2,2,2,1,2,1,2,2,2,2,2,2,2,2,2,1,2,2,1,1,2,2,1,2,2,1,1,2,2,2,,,,,,,,3.0,1.0,1.0,1.0,1.0,1.0,1.0,1.0,1.0,1.0,1.0,,5.0,,,,1.0,2.0,4.0,3.0,3.0,4.0,5.0,6.0,
1288,3,5,5,5,4,5,5,5,1,5,,,1.0,1.0,1.0,6.0,2.0,54,,,1.0,4.0,5.0,,2.0,2.0,,,,,,,,,7,1,1,4,1,5,7,6,3,1,83.0,46.0,92.0,95.0,70.0,91.0,100.0,100.0,3.0,89.0,2,2,1,1,1,1,2,2,2,1,1,1,1,2,1,2,2,2,1,2,2,2,1,1,1,2,1,1,1,1,2,1,1,2,2,2,1,1,1,2,,,,1.0,365,10,,5.0,1.0,2.0,2.0,2.0,1.0,2.0,1.0,2.0,2.0,1.0,75.0,2.0,,,,,2.0,,,,,,,
1289,4,3,5,5,3,3,5,5,3,2,,,,,,,2.0,15,2.0,100,,,,20,2.0,3.0,1.0,6.0,,,,,,,7,2,4,4,5,6,7,7,2,1,15.0,15.0,25.0,35.0,25.0,10.0,30.0,10.0,40.0,25.0,1,2,2,1,1,2,2,1,2,1,2,2,1,2,2,2,2,2,2,1,1,1,1,2,2,1,1,2,1,1,2,1,2,2,1,1,1,1,1,1,5.0,,,,,,,,1.0,1.0,1.0,1.0,1.0,1.0,1.0,1.0,1.0,1.0,70.0,2.0,5.0,5.0,6.0,,,3.0,3.0,3.0,,,,
1290,5,4,5,5,3,5,5,4,1,2,30.0,,,,,6.0,,,,,,,,,2.0,3.0,,6.0,,,,,,,7,5,5,5,5,6,6,6,2,1,45.0,28.0,43.0,53.0,49.0,45.0,54.0,67.0,51.0,48.0,1,1,2,2,2,2,2,2,2,2,2,2,1,2,2,2,1,2,2,2,2,2,1,2,1,2,2,2,2,2,2,1,2,2,1,1,2,2,2,1,,1.0,20,1.0,135,15,,,1.0,1.0,2.0,1.0,1.0,2.0,1.0,1.0,1.0,2.0,,3.0,3.0,4.0,6.0,,2.0,4.0,4.0,4.0,,,,
1291,4,3,5,4,4,4,4,3,4,5,30.0,,,,,6.0,,,,,1.0,3.0,4.0,18,2.0,1.0,,4.0,,,,,,,5,3,4,5,2,4,6,5,3,1,76.0,63.0,73.0,62.0,77.0,71.0,84.0,79.0,21.0,51.0,1,1,2,2,1,1,2,1,2,2,2,2,1,1,2,1,2,1,1,1,1,2,1,1,1,1,2,2,1,1,1,1,2,2,2,2,1,2,1,1,,1.0,50,1.0,250,,,,1.0,1.0,1.0,1.0,1.0,1.0,1.0,1.0,1.0,1.0,,4.0,,,,,2.0,3.0,2.0,3.0,,,,
1292,4,4,4,4,5,4,5,5,3,4,,,2.0,4.0,2.0,6.0,,,,,,,,5,,,1.0,,,,,,,,7,2,5,5,4,5,5,6,3,2,45.0,40.0,35.0,30.0,42.0,42.0,65.0,48.0,52.0,55.0,2,2,2,2,1,2,2,1,2,2,2,2,2,2,2,2,1,1,1,2,2,2,2,1,2,2,2,2,2,1,2,2,1,2,2,1,2,2,1,2,,1.0,46,1.0,196,,,2.0,1.0,1.0,1.0,2.0,1.0,1.0,2.0,1.0,1.0,1.0,88.0,1.0,1.0,4.0,2.0,1.0,,,,,,,,3.0
1293,4,5,5,5,4,2,5,4,3,1,85.0,5.0,,,,,,,,,1.0,5.0,4.0,10,1.0,,,5.0,1.0,1.0,2.0,1.0,1.0,2.0,5,3,3,3,3,6,6,6,3,2,50.0,40.0,54.0,65.0,35.0,35.0,95.0,45.0,70.0,30.0,1,2,2,1,1,2,2,2,2,1,1,2,2,1,1,1,2,1,1,1,1,2,1,2,2,1,1,2,1,2,2,2,1,2,1,2,2,2,2,2,6.0,1.0,45,1.0,250,,,,,,,,,,,,,,,,,,,,1.0,5.0,3.0,2.0,,,,3.0
1294,4,2,5,4,4,1,5,1,5,3,80.0,,3.0,5.0,3.0,,,,2.0,500,,,,,2.0,,,,1.0,1.0,1.0,1.0,1.0,1.0,5,1,3,3,5,7,5,5,4,1,50.0,10.0,30.0,20.0,10.0,10.0,70.0,20.0,20.0,10.0,1,1,2,2,2,2,2,1,1,2,1,1,2,2,2,1,1,2,2,2,2,1,2,2,2,2,2,2,1,2,2,2,1,1,2,2,2,2,1,1,6.0,2.0,5,,,15,,4.0,,,,,,,,,,,,2.0,5.0,4.0,5.0,,2.0,,,,,,,3.0
1295,5,3,4,5,3,3,5,5,4,3,71.0,,5.0,2.0,2.0,,,,2.0,380,3.0,4.0,4.0,,,,,4.0,,,,,,,7,2,4,4,2,6,7,7,3,2,83.0,65.0,96.0,99.0,65.0,25.0,99.0,99.0,90.0,50.0,2,1,1,2,2,2,2,2,1,2,2,2,2,2,2,2,2,2,2,1,2,2,2,2,2,2,2,2,2,2,2,1,2,2,2,2,2,2,2,1,5.0,1.0,54,,,15,1.0,,2.0,2.0,2.0,2.0,2.0,1.0,1.0,1.0,1.0,1.0,,4.0,,,,1.0,1.0,,,,,,,
1296,4,5,4,5,5,5,5,4,1,1,10.0,3.0,4.0,5.0,4.0,7.0,,,2.0,600,1.0,5.0,4.0,,2.0,1.0,1.0,4.0,,,,,,,7,1,3,2,2,5,5,7,1,2,60.0,50.0,30.0,75.0,85.0,65.0,90.0,75.0,35.0,15.0,1,2,2,2,2,2,1,2,2,1,2,2,2,1,2,1,1,2,2,2,2,2,2,2,2,2,2,2,2,1,2,1,2,2,2,2,2,2,1,2,,1.0,18,,,5,,,1.0,1.0,1.0,2.0,1.0,1.0,2.0,1.0,1.0,1.0,,,,,,,,,,,,,,
1297,4,2,5,4,4,5,2,2,2,4,,4.0,3.0,3.0,3.0,,,,,,,,,16,2.0,3.0,2.0,6.0,,,,,,,7,2,6,6,3,6,5,5,4,1,67.0,15.0,62.0,65.0,64.0,47.0,34.0,58.0,46.0,52.0,2,1,2,2,2,2,2,2,2,2,2,2,2,2,2,2,2,2,2,2,2,2,2,2,2,2,2,2,2,2,2,2,2,2,2,2,2,2,2,2,6.0,1.0,50,1.0,300,,,,1.0,1.0,1.0,1.0,1.0,1.0,1.0,1.0,1.0,1.0,70.0,,,,,,,,,,4.0,2.0,5.0,
1298,3,5,5,3,5,5,5,5,1,4,70.0,,,,,6.0,2.0,61,,,3.0,5.0,6.0,,2.0,,,6.0,,,,,,,7,2,4,2,2,4,6,6,3,2,19.0,58.0,64.0,36.0,38.0,52.0,66.0,44.0,23.0,38.0,2,2,2,1,2,2,2,2,1,2,1,1,2,2,2,1,2,2,1,1,1,2,1,1,1,2,1,1,1,2,2,1,1,2,2,2,2,2,2,1,,,,1.0,105,20,,,1.0,2.0,1.0,1.0,1.0,2.0,1.0,1.0,2.0,1.0,,2.0,,,,,2.0,4.0,4.0,4.0,,,,2.0
1299,5,5,5,4,5,5,5,5,2,4,,2.0,3.0,4.0,5.0,6.0,2.0,60,2.0,600,,,,15,,,,4.0,,,,,,,6,3,2,3,3,6,7,6,3,1,35.0,35.0,35.0,45.0,50.0,15.0,60.0,65.0,65.0,40.0,1,1,1,2,1,1,1,1,1,2,2,1,1,2,1,2,1,2,1,2,2,1,2,1,1,1,1,2,2,2,1,2,2,2,2,2,2,2,2,1,,,,,,,,,1.0,2.0,1.0,2.0,1.0,2.0,1.0,2.0,1.0,2.0,70.0,,4.0,5.0,6.0,1.0,1.0,,,,,,,3.0
1300,4,3,4,3,4,1,3,4,5,3,,4.0,,,,,2.0,45,,,,,,15,,,2.0,5.0,1.0,1.0,1.0,1.0,1.0,1.0,6,2,4,5,2,6,5,5,3,1,65.0,44.0,53.0,46.0,71.0,37.0,61.0,58.0,61.0,68.0,1,2,2,2,2,2,2,2,2,2,1,1,2,1,2,2,2,2,1,1,2,1,2,1,1,2,2,1,1,1,1,2,2,2,2,1,2,2,2,2,6.0,,,1.0,345,,4.0,,,,,,,,,,,,30.0,,2.0,3.0,1.0,1.0,,4.0,4.0,3.0,,,,
1301,4,5,5,5,4,5,5,5,1,4,30.0,3.0,,,,,2.0,54,2.0,381,,,,20,,,,,,,,,,,6,4,1,1,2,6,7,7,1,2,60.0,79.0,61.0,90.0,85.0,50.0,99.0,66.0,20.0,78.0,1,2,1,2,2,2,2,2,1,2,1,1,2,1,1,2,2,1,1,1,1,2,1,1,1,1,2,1,2,1,2,1,1,2,2,1,1,1,1,2,2.0,,,,,,,3.0,2.0,2.0,2.0,1.0,2.0,2.0,1.0,2.0,2.0,1.0,,,4.0,5.0,6.0,2.0,2.0,5.0,3.0,2.0,,,,3.0
1302,5,5,5,5,5,5,5,5,5,5,,,,,,5.0,1.0,120,1.0,2000,,,,10,2.0,,1.0,,1.0,1.0,2.0,2.0,1.0,1.0,5,2,1,1,5,2,5,2,4,1,50.0,61.0,33.0,67.0,33.0,65.0,25.0,54.0,40.0,62.0,2,1,2,1,2,1,1,1,1,1,2,1,2,1,2,2,2,2,2,2,1,1,2,1,1,2,1,2,2,1,2,1,2,1,2,2,1,2,2,1,,,,,,,,3.0,,,,,,,,,,,71.0,1.0,,,,,,3.0,3.0,3.0,4.0,5.0,6.0,2.0
1303,4,3,5,5,5,5,4,5,3,1,90.0,,3.0,3.0,3.0,5.0,,,,,,,,10,,,1.0,4.0,,,,,,,7,1,5,5,4,6,6,6,2,1,51.0,40.0,51.0,51.0,50.0,50.0,50.0,51.0,60.0,45.0,2,1,2,2,2,2,2,1,2,2,2,2,2,2,2,1,2,1,1,1,2,2,1,2,2,1,2,2,2,2,2,1,1,2,1,1,1,2,1,1,,2.0,9,1.0,115,,,,1.0,1.0,1.0,1.0,1.0,1.0,1.0,1.0,1.0,1.0,,4.0,,,,1.0,,,,,1.0,5.0,4.0,3.0
1304,3,5,5,4,5,4,5,3,2,2,30.0,4.0,,,,,2.0,50,,,,,,,,,,6.0,1.0,1.0,1.0,1.0,1.0,1.0,7,2,4,4,2,5,6,6,2,1,32.0,45.0,45.0,25.0,33.0,50.0,65.0,15.0,35.0,30.0,2,2,1,1,2,1,2,2,2,1,2,1,1,2,2,2,1,2,2,2,2,1,2,2,1,2,2,2,1,2,2,2,1,2,2,2,1,2,2,2,5.0,,,1.0,225,18,,,,,,,,,,,,,,,,,,1.0,2.0,3.0,3.0,2.0,5.0,4.0,5.0,5.0
1305,5,5,5,5,5,5,5,5,2,4,71.0,4.0,,,,6.0,,,,,2.0,4.0,3.0,15,2.0,,,4.0,1.0,2.0,2.0,1.0,1.0,1.0,5,2,3,3,3,5,5,5,2,1,53.0,48.0,41.0,73.0,59.0,41.0,82.0,86.0,48.0,52.0,2,2,1,2,1,2,2,1,2,2,1,2,2,1,1,2,1,1,1,1,2,2,2,2,1,2,2,1,2,1,2,2,2,2,1,1,2,2,2,2,,1.0,50,1.0,300,,,,,,,,,,,,,,,,,,,,2.0,5.0,5.0,3.0,,,,3.0
1306,4,4,4,5,4,4,5,4,4,4,70.0,,,,,5.0,,,,,,,,,,,1.0,5.0,1.0,1.0,1.0,1.0,1.0,1.0,6,4,5,6,3,5,6,5,3,1,55.0,52.0,54.0,58.0,66.0,45.0,65.0,55.0,65.0,60.0,2,2,1,2,1,1,2,2,1,2,2,2,2,2,2,2,1,1,1,1,2,2,2,2,2,1,2,2,2,2,1,2,2,2,2,2,2,2,2,2,,1.0,14,1.0,100,10,8.0,,,,,,,,,,,,,3.0,3.0,5.0,5.0,1.0,,3.0,3.0,3.0,,,,
1307,5,5,5,4,4,1,2,1,4,4,,,,,,,2.0,50,2.0,500,,,,,2.0,2.0,2.0,,,,,,,,7,1,4,6,1,5,7,7,1,1,97.0,90.0,93.0,83.0,90.0,4.0,13.0,5.0,93.0,91.0,1,1,1,2,1,2,1,1,1,1,1,1,1,1,2,1,1,1,1,1,1,1,1,1,1,1,2,1,1,1,1,1,1,1,1,2,1,2,1,1,2.0,,,,,18,,5.0,1.0,1.0,1.0,1.0,1.0,1.0,2.0,1.0,1.0,1.0,76.0,5.0,5.0,2.0,3.0,,,4.0,2.0,1.0,,,,
1308,5,4,5,4,5,5,4,5,2,3,,,,,,7.0,2.0,55,1.0,1200,,,,,2.0,1.0,,6.0,1.0,1.0,2.0,1.0,2.0,1.0,6,1,4,4,1,6,6,6,4,2,29.0,25.0,16.0,22.0,66.0,46.0,49.0,63.0,90.0,19.0,2,1,1,1,2,2,2,2,1,2,2,2,2,2,2,2,2,1,1,2,1,2,2,2,2,2,2,2,2,2,2,2,1,1,2,2,1,2,1,2,,,,,,5,,,,,,,,,,,,,88.0,1.0,,,,,1.0,5.0,6.0,2.0,2.0,5.0,5.0,
1309,4,3,4,3,2,4,3,2,4,3,61.0,5.0,5.0,4.0,5.0,6.0,1.0,57,,,4.0,4.0,5.0,10,,,,4.0,,,,,,,5,6,3,5,6,5,3,5,3,1,69.0,45.0,59.0,32.0,62.0,41.0,58.0,75.0,40.0,63.0,1,1,2,1,1,1,2,1,1,1,2,1,2,1,2,1,1,2,1,2,1,2,1,2,1,2,1,2,1,2,1,2,1,2,1,2,1,2,1,1,,,,2.0,60,,,,1.0,1.0,1.0,1.0,1.0,1.0,1.0,1.0,2.0,2.0,,,,,,2.0,2.0,,,,,,,4.0
1310,4,4,5,5,5,5,5,5,1,5,90.0,,,,,5.0,2.0,54,,,,,,,2.0,,,6.0,1.0,1.0,2.0,1.0,2.0,1.0,7,6,6,7,5,6,7,5,3,1,45.0,30.0,55.0,65.0,60.0,55.0,80.0,70.0,50.0,65.0,1,2,1,1,1,2,2,1,1,1,2,1,1,2,1,1,2,1,1,1,2,1,1,1,1,1,1,1,2,1,1,2,2,1,1,1,2,1,2,2,,,,1.0,350,15,,,,,,,,,,,,,,3.0,4.0,5.0,6.0,,2.0,5.0,5.0,2.0,,,,7.0
1311,5,4,4,5,4,5,5,4,2,3,40.0,4.0,,,,6.0,,,2.0,450,,,,,,,,,,,,,,,6,2,4,4,2,5,5,6,2,2,37.0,16.0,12.0,42.0,58.0,32.0,65.0,37.0,17.0,52.0,2,2,2,2,1,1,2,2,2,1,2,1,2,2,2,2,2,1,1,2,2,2,2,1,1,2,2,2,2,2,2,2,1,2,1,2,2,2,2,2,,1.0,22,,,10,6.0,6.0,1.0,1.0,1.0,1.0,1.0,1.0,1.0,2.0,1.0,1.0,,,1.0,5.0,4.0,2.0,2.0,3.0,3.0,3.0,,,,
1312,4,5,5,5,4,2,5,4,5,4,,2.0,,,,6.0,,,2.0,275,,,,,,,,,,,,,,,6,3,5,5,1,2,3,5,3,1,30.0,50.0,27.0,100.0,73.0,25.0,100.0,52.0,67.0,61.0,1,2,2,2,1,1,2,1,1,1,1,2,2,1,1,1,2,1,2,1,2,1,1,1,2,1,2,2,1,1,1,1,1,2,1,2,1,2,1,1,,1.0,45,,,18,,4.0,1.0,1.0,1.0,1.0,1.0,1.0,2.0,2.0,2.0,2.0,70.0,,,,,1.0,1.0,3.0,5.0,4.0,4.0,4.0,6.0,2.0
1313,2,3,3,2,3,2,3,2,5,5,75.0,,2.0,2.0,2.0,7.0,2.0,50,2.0,300,,,,,,,,,1.0,1.0,1.0,1.0,1.0,1.0,7,3,6,4,2,7,5,5,2,1,40.0,40.0,40.0,50.0,70.0,50.0,80.0,40.0,80.0,90.0,1,1,1,1,2,2,2,1,2,2,1,1,2,1,2,1,1,2,1,1,1,2,1,2,1,1,1,2,1,2,1,1,1,2,1,1,1,1,1,2,,,,,,10,10.0,6.0,,,,,,,,,,,,3.0,2.0,5.0,6.0,1.0,2.0,,,,,,,
1314,1,1,1,1,1,1,5,5,5,4,70.0,5.0,3.0,4.0,5.0,6.0,,,,,3.0,4.0,3.0,15,,,,6.0,1.0,1.0,2.0,1.0,1.0,2.0,6,1,2,5,1,7,5,5,3,2,24.0,16.0,16.0,34.0,40.0,48.0,70.0,52.0,60.0,40.0,1,2,2,1,2,2,1,1,1,2,2,1,2,1,2,1,2,1,2,1,2,2,2,1,1,1,2,2,2,1,2,1,1,2,2,1,2,1,1,1,,1.0,54,1.0,92,,5.0,,,,,,,,,,,,,,,,,1.0,2.0,,,,,,,
1315,5,3,4,3,4,3,5,5,2,4,,,2.0,3.0,3.0,,2.0,3,1.0,1200,,,,,1.0,,1.0,5.0,1.0,2.0,1.0,2.0,1.0,1.0,6,3,3,3,3,5,6,6,2,1,36.0,22.0,32.0,42.0,55.0,34.0,53.0,51.0,33.0,51.0,1,2,1,2,2,2,1,1,2,2,2,2,2,2,2,1,2,2,2,2,2,2,1,2,2,2,1,2,2,2,1,2,2,1,2,1,2,2,1,1,3.0,,,,,5,,,,,,,,,,,,,7.0,3.0,,,,,,,,,2.0,4.0,6.0,3.0
1316,5,5,5,5,4,5,5,5,1,1,,4.0,3.0,3.0,3.0,,2.0,50,,,2.0,4.0,2.0,,,2.0,,5.0,,,,,,,6,1,5,3,5,7,5,6,2,1,65.0,65.0,65.0,85.0,60.0,65.0,75.0,85.0,20.0,30.0,2,2,2,1,2,2,1,1,1,2,2,2,2,1,1,1,1,2,2,1,1,1,1,2,2,1,2,1,2,1,2,2,1,2,2,2,2,1,1,1,6.0,,,1.0,300,10,,,1.0,1.0,2.0,1.0,1.0,2.0,1.0,1.0,2.0,1.0,70.0,,,,,2.0,1.0,,,,,,,
1317,3,3,3,3,3,3,3,3,3,3,,,4.0,3.0,3.0,6.0,,,,,,,,,,,1.0,5.0,1.0,1.0,1.0,2.0,2.0,1.0,4,4,4,4,4,5,7,6,2,2,50.0,50.0,50.0,50.0,50.0,50.0,50.0,50.0,50.0,50.0,1,2,1,1,2,1,2,1,2,1,1,1,2,1,1,1,2,2,2,2,1,2,1,2,1,1,1,2,1,2,1,1,1,2,2,2,1,1,1,1,,1.0,50,1.0,100,5,1.0,,,,,,,,,,,,75.0,2.0,4.0,5.0,5.0,1.0,,,,,,,,
1318,4,4,4,5,5,4,5,5,2,4,80.0,,,,,,2.0,10,1.0,1500,,,,,,2.0,1.0,6.0,1.0,1.0,1.0,2.0,1.0,2.0,7,1,1,2,3,6,7,5,3,2,30.0,10.0,18.0,60.0,65.0,40.0,52.0,39.0,67.0,50.0,1,1,1,2,2,1,1,1,1,1,2,1,1,2,2,1,2,2,2,2,1,1,1,2,1,1,2,2,2,2,2,2,1,2,2,2,2,2,1,2,6.0,,,,,10,,,,,,,,,,,,,,1.0,,,,2.0,,3.0,4.0,1.0,1.0,5.0,6.0,
1319,1,4,1,1,5,4,4,2,4,4,,,2.0,5.0,5.0,6.0,2.0,27,2.0,567,4.0,3.0,1.0,15,,2.0,,3.0,,,,,,,7,2,5,5,5,6,6,6,3,1,30.0,70.0,20.0,40.0,75.0,80.0,80.0,50.0,55.0,80.0,2,1,2,1,2,2,1,1,2,2,2,2,2,1,1,1,2,1,2,2,1,2,2,2,2,2,2,2,1,2,2,2,2,1,2,1,2,1,1,2,,,,,,,,,1.0,1.0,2.0,1.0,2.0,1.0,1.0,1.0,2.0,2.0,90.0,4.0,,,,2.0,2.0,,,,,,,
1320,3,5,5,5,5,4,5,5,3,5,,,,,,1.0,2.0,50,1.0,1200,,,,10,1.0,3.0,2.0,,,,,,,,6,6,1,1,3,5,6,7,3,2,53.0,47.0,70.0,100.0,64.0,69.0,100.0,86.0,68.0,100.0,1,1,1,1,1,1,1,1,1,1,1,2,2,1,1,1,1,1,1,1,1,1,1,1,1,1,2,1,1,1,1,1,1,1,1,2,1,1,1,1,,,,,,,,4.0,1.0,1.0,2.0,2.0,2.0,2.0,1.0,2.0,2.0,1.0,77.0,1.0,5.0,5.0,6.0,,,3.0,1.0,2.0,,,,
1321,2,3,2,2,4,3,4,4,5,4,,6.0,1.0,2.0,5.0,,,,2.0,300,,,,15,2.0,,1.0,6.0,1.0,1.0,2.0,1.0,1.0,2.0,7,3,3,5,2,2,7,6,2,1,53.0,53.0,47.0,29.0,19.0,21.0,91.0,86.0,80.0,71.0,1,2,2,2,1,1,1,1,2,1,2,1,2,1,2,2,2,2,2,2,1,2,2,2,2,2,1,1,2,1,2,2,2,1,1,2,2,2,2,2,6.0,1.0,45,,,,9.0,,,,,,,,,,,,70.0,,,,,,,,,,1.0,5.0,5.0,
1322,4,4,4,4,3,5,5,5,2,3,30.0,4.0,,,,,2.0,30,,,3.0,4.0,4.0,20,,,,,,,,,,,6,1,2,3,4,6,7,5,2,2,80.0,70.0,80.0,80.0,50.0,100.0,100.0,100.0,0.0,70.0,2,1,2,2,1,1,2,2,2,2,2,2,1,2,2,2,1,2,1,2,2,1,2,2,1,2,2,1,2,2,2,2,2,2,2,2,1,2,2,1,5.0,,,1.0,100,,7.0,4.0,1.0,1.0,1.0,1.0,1.0,1.0,1.0,1.0,1.0,1.0,,,,,,2.0,2.0,3.0,3.0,3.0,,,,
1323,3,2,3,3,5,5,3,5,3,2,30.0,,,,,5.0,1.0,100,2.0,500,2.0,5.0,3.0,12,2.0,,,,1.0,1.0,1.0,1.0,1.0,1.0,6,4,4,3,2,5,5,6,4,1,12.0,7.0,20.0,19.0,50.0,50.0,33.0,25.0,50.0,35.0,1,1,1,2,2,1,2,1,2,2,1,2,1,2,2,1,2,2,1,1,1,2,2,1,1,1,2,1,2,2,1,1,1,1,1,2,1,2,2,2,,,,,,,3.0,3.0,,,,,,,,,,,,5.0,,,,,1.0,3.0,3.0,2.0,,,,
1324,4,3,5,4,5,5,5,5,1,3,,,,,,,1.0,82,1.0,1050,,,,5,,1.0,1.0,6.0,,,,,,,6,2,5,5,5,6,5,5,3,1,20.0,10.0,40.0,40.0,50.0,45.0,45.0,55.0,50.0,35.0,1,2,1,2,2,2,2,1,1,1,2,1,1,2,2,1,1,1,1,1,1,1,2,2,1,1,2,1,1,1,1,2,1,2,2,1,2,2,1,1,6.0,,,,,,,,1.0,1.0,1.0,1.0,1.0,1.0,1.0,1.0,1.0,1.0,70.0,1.0,,,,1.0,,3.0,5.0,2.0,2.0,5.0,6.0,
1325,1,1,5,5,5,5,5,5,1,5,100.0,,6.0,3.0,6.0,7.0,,,,,,,,20,2.0,,,,,,,,,,7,7,7,7,1,7,7,7,4,1,30.0,100.0,100.0,100.0,100.0,50.0,100.0,100.0,0.0,100.0,1,2,1,2,1,1,1,1,1,1,1,1,1,2,1,1,1,2,1,1,1,1,1,1,2,1,1,1,1,1,1,1,1,1,1,1,1,1,1,1,,1.0,54,1.0,93,,2.0,6.0,2.0,1.0,2.0,1.0,2.0,1.0,2.0,1.0,2.0,1.0,,1.0,5.0,5.0,6.0,,2.0,,,,,,,
1326,4,4,3,4,5,5,5,5,4,4,,,,,,,2.0,50,1.0,5000,,,,,,,1.0,4.0,1.0,1.0,1.0,1.0,2.0,2.0,7,3,5,5,5,6,6,5,3,2,30.0,40.0,30.0,60.0,70.0,35.0,60.0,80.0,90.0,70.0,1,2,2,2,1,1,1,1,1,1,2,2,1,2,2,1,2,2,1,1,1,2,2,1,1,2,2,2,2,2,1,2,1,2,2,1,2,1,2,1,6.0,,,,,3,10.0,,,,,,,,,,,,70.0,3.0,,,,1.0,,4.0,4.0,2.0,4.0,4.0,5.0,
1327,5,5,5,5,3,5,5,5,1,3,,,,,,6.0,,,,,2.0,5.0,5.0,14,,,2.0,,,,,,,,7,3,1,1,2,4,7,7,3,1,75.0,75.0,75.0,80.0,65.0,70.0,90.0,80.0,55.0,35.0,2,1,2,2,1,2,2,2,2,2,1,2,1,2,2,2,2,2,1,1,2,2,2,1,2,2,2,2,2,1,2,2,1,2,2,2,2,2,1,2,,1.0,48,1.0,350,,10.0,6.0,1.0,1.0,1.0,1.0,1.0,1.0,1.0,2.0,2.0,2.0,65.0,3.0,,,,1.0,,3.0,5.0,2.0,,,,
1328,4,5,5,5,4,5,5,5,2,2,,6.0,4.0,2.0,5.0,,2.0,54,2.0,380,,,,,2.0,,,6.0,1.0,1.0,1.0,1.0,2.0,2.0,7,5,6,6,2,5,7,6,4,1,66.0,55.0,85.0,65.0,70.0,48.0,89.0,91.0,71.0,42.0,1,1,1,1,2,2,1,2,1,1,1,1,2,1,2,1,1,1,1,1,2,1,2,2,1,2,1,1,1,2,1,2,2,1,1,1,1,2,1,1,5.0,,,,,10,9.0,,,,,,,,,,,,70.0,,,,,,2.0,,,,4.0,5.0,6.0,
1329,4,4,4,4,3,5,5,5,1,4,30.0,5.0,,,,6.0,,,,,2.0,4.0,3.0,,,,,,1.0,2.0,1.0,1.0,1.0,2.0,6,1,1,5,5,6,4,6,3,1,60.0,25.0,50.0,35.0,30.0,35.0,80.0,70.0,30.0,80.0,2,1,1,1,1,1,1,1,1,1,2,2,1,2,1,2,2,2,1,2,1,1,2,2,2,2,1,1,1,1,2,2,1,2,1,1,2,1,1,1,,1.0,52,2.0,55,10,,5.0,,,,,,,,,,,,,,,,2.0,2.0,3.0,3.0,2.0,,,,7.0
1330,4,3,3,3,3,4,5,3,4,3,10.0,,,,,,,,,,1.0,5.0,5.0,15,,2.0,,,,,,,,,7,4,5,5,5,7,7,7,3,2,30.0,24.0,18.0,48.0,49.0,9.0,86.0,61.0,75.0,53.0,1,1,2,2,2,1,2,1,2,2,1,1,2,1,1,1,1,1,1,2,1,2,1,2,1,2,2,1,1,1,2,2,2,1,2,1,1,2,2,2,5.0,1.0,40,1.0,300,,,3.0,1.0,1.0,1.0,2.0,1.0,1.0,2.0,1.0,1.0,1.0,,3.0,,,,2.0,2.0,3.0,4.0,3.0,,,,
1331,2,3,3,5,3,5,1,5,4,3,,,,,,7.0,1.0,72,1.0,1200,,,,18,,2.0,,6.0,1.0,1.0,2.0,1.0,2.0,1.0,6,2,1,1,5,5,7,7,1,1,46.0,35.0,49.0,80.0,70.0,55.0,52.0,73.0,80.0,57.0,2,2,2,2,2,2,2,1,2,1,1,1,2,2,2,2,2,2,2,2,2,1,2,2,1,1,1,2,2,2,2,2,2,2,2,2,2,2,2,2,,,,,,,,,,,,,,,,,,,50.0,2.0,,,,1.0,2.0,3.0,5.0,1.0,1.0,2.0,6.0,
1332,3,4,5,4,4,5,5,4,1,5,,4.0,,,,6.0,,,2.0,800,,,,,1.0,,2.0,5.0,,,,,,,7,1,2,2,4,6,5,5,3,2,50.0,82.0,85.0,84.0,66.0,47.0,90.0,94.0,50.0,84.0,1,1,1,1,2,2,1,1,1,1,2,1,1,1,1,1,1,1,1,1,1,1,1,1,1,1,1,2,1,1,1,1,1,2,1,1,1,1,2,2,,1.0,60,,,10,6.0,,1.0,1.0,1.0,1.0,2.0,2.0,2.0,1.0,2.0,1.0,5.0,,2.0,5.0,2.0,,,2.0,2.0,1.0,,,,
1333,4,4,5,5,5,5,5,5,1,5,85.0,4.0,3.0,4.0,3.0,6.0,,,,,1.0,5.0,5.0,15,,3.0,,,1.0,2.0,1.0,2.0,1.0,1.0,6,1,6,6,4,5,3,4,3,2,60.0,55.0,45.0,70.0,75.0,55.0,80.0,90.0,40.0,75.0,1,1,1,2,2,2,1,1,2,2,2,2,1,2,1,1,1,1,2,1,2,1,2,2,2,2,1,2,1,2,2,1,1,2,1,2,1,2,1,2,,1.0,45,1.0,300,,,5.0,,,,,,,,,,,,,,,,1.0,2.0,,,,,,,
1334,4,5,4,5,5,4,5,5,4,4,5.0,5.0,,,,,2.0,45,,,2.0,4.0,4.0,,,4.0,2.0,,,,,,,,6,2,2,3,5,7,6,6,3,1,63.0,85.0,77.0,81.0,74.0,35.0,69.0,65.0,20.0,65.0,2,1,2,2,2,1,2,2,2,1,1,2,1,2,1,2,2,2,2,2,2,2,2,2,2,2,1,2,2,2,2,1,2,2,2,2,2,1,2,2,5.0,,,1.0,200,8,,5.0,1.0,1.0,1.0,1.0,1.0,1.0,1.0,2.0,2.0,2.0,,,,,,1.0,,3.0,3.0,3.0,,,,
1335,4,4,4,4,4,4,4,4,3,4,30.0,,3.0,4.0,5.0,3.0,2.0,60,,,,,,19,2.0,,1.0,4.0,1.0,1.0,2.0,1.0,2.0,1.0,6,2,4,4,3,5,6,6,3,1,35.0,20.0,25.0,51.0,70.0,25.0,55.0,45.0,65.0,65.0,2,2,1,2,2,2,2,2,2,2,2,2,2,2,2,2,2,2,2,2,2,2,1,2,2,2,1,1,2,2,1,2,2,2,2,2,2,1,2,2,,,,1.0,110,,9.0,,,,,,,,,,,,,3.0,3.0,4.0,5.0,,,,,,,,,
1336,4,1,3,1,3,1,4,4,5,3,,,2.0,3.0,5.0,,,,2.0,350,,,,,2.0,3.0,1.0,,1.0,1.0,2.0,1.0,2.0,1.0,5,1,2,2,2,6,6,6,3,2,42.0,19.0,42.0,23.0,36.0,13.0,79.0,87.0,96.0,50.0,2,2,1,2,2,1,1,2,1,2,2,1,2,2,1,1,2,2,2,2,2,2,2,2,2,1,2,1,2,2,2,2,2,2,2,2,2,1,2,2,4.0,1.0,45,,,8,,4.0,,,,,,,,,,,70.0,3.0,,,,,,,,,4.0,5.0,6.0,
1337,4,4,5,5,5,5,5,5,3,5,95.0,,1.0,5.0,6.0,,,,1.0,1200,,,,18,1.0,,2.0,,,,,,,,6,2,2,2,5,7,7,7,4,2,89.0,49.0,95.0,38.0,47.0,22.0,83.0,90.0,71.0,64.0,1,1,2,1,2,2,2,2,2,2,2,2,2,2,2,2,1,1,1,2,1,2,2,2,2,2,2,2,2,2,1,2,1,1,2,2,2,2,1,1,6.0,2.0,10,,,,,4.0,1.0,1.0,1.0,1.0,1.0,1.0,1.0,1.0,1.0,1.0,,2.0,,,,,,,,,1.0,4.0,3.0,2.0
1338,5,5,5,5,3,5,5,5,1,1,,4.0,4.0,4.0,5.0,,2.0,50,2.0,100,3.0,4.0,3.0,,,,1.0,6.0,1.0,1.0,2.0,1.0,1.0,2.0,7,4,5,5,4,6,6,6,2,1,40.0,20.0,30.0,60.0,30.0,20.0,50.0,20.0,50.0,33.0,1,2,2,1,1,2,2,1,2,1,1,2,2,2,2,2,1,2,2,2,1,2,2,1,2,2,2,2,1,1,2,2,2,2,2,2,2,1,2,1,3.0,,,,,5,10.0,,,,,,,,,,,,70.0,,,,,2.0,,,,,,,,
1339,4,5,4,5,3,4,5,5,4,1,,,,,,6.0,,,,,2.0,5.0,5.0,13,1.0,2.0,1.0,4.0,,,,,,,5,2,5,5,5,6,5,5,2,2,69.0,58.0,72.0,53.0,45.0,54.0,58.0,83.0,56.0,38.0,1,1,1,1,2,2,1,2,2,1,2,1,2,1,2,1,1,1,2,2,2,1,2,1,2,2,1,1,2,1,2,1,1,1,2,1,2,2,1,1,,1.0,13,1.0,350,,,,1.0,1.0,2.0,1.0,2.0,2.0,2.0,1.0,1.0,1.0,92.0,1.0,,,,,,3.0,2.0,2.0,,,,
1340,4,5,5,5,4,5,5,3,1,4,30.0,2.0,5.0,3.0,5.0,,,,,,,,,15,2.0,,,5.0,1.0,1.0,1.0,1.0,1.0,1.0,6,4,5,5,5,5,6,6,3,1,58.0,67.0,45.0,56.0,60.0,53.0,74.0,42.0,36.0,55.0,1,2,2,2,2,1,2,2,2,1,1,2,1,2,2,1,2,2,1,1,1,1,1,1,2,2,1,2,2,1,2,2,1,2,1,2,1,2,1,2,5.0,1.0,20,1.0,300,,,,,,,,,,,,,,,,,,,,1.0,,,,2.0,5.0,3.0,4.0
1341,4,5,5,4,4,4,4,4,4,1,80.0,4.0,4.0,3.0,3.0,5.0,2.0,50,2.0,800,,,,,2.0,,2.0,5.0,,,,,,,7,2,5,5,2,6,5,5,3,1,45.0,45.0,55.0,51.0,54.0,45.0,58.0,55.0,55.0,50.0,1,2,2,2,1,2,2,2,2,2,2,2,2,2,2,2,2,1,2,1,1,1,2,1,2,2,2,2,1,1,1,1,2,2,1,2,2,1,2,2,,,,,,4,8.0,,1.0,1.0,1.0,1.0,1.0,1.0,1.0,1.0,1.0,1.0,,,4.0,4.0,4.0,,,,,,,,,
1342,4,4,4,5,5,4,4,5,3,1,30.0,,,,,,2.0,35,2.0,900,,,,,2.0,1.0,,,,,,,,,6,5,5,5,3,5,5,5,4,1,41.0,41.0,42.0,64.0,64.0,44.0,45.0,58.0,42.0,33.0,1,2,2,1,1,2,1,1,2,2,2,1,2,2,2,2,2,2,2,2,1,2,2,1,2,2,1,2,2,2,1,2,2,1,1,1,2,2,1,2,6.0,,,,,15,,4.0,1.0,1.0,1.0,1.0,1.0,1.0,1.0,1.0,1.0,1.0,,4.0,,,,,1.0,3.0,3.0,3.0,4.0,4.0,4.0,
1343,3,2,3,1,1,1,5,4,5,3,,3.0,5.0,6.0,5.0,6.0,,,,,,,,12,,2.0,1.0,4.0,1.0,1.0,2.0,1.0,1.0,2.0,6,4,5,6,1,5,5,5,3,1,50.0,30.0,65.0,25.0,25.0,40.0,100.0,75.0,75.0,80.0,2,1,1,1,1,1,1,2,1,2,1,2,1,1,1,2,2,1,2,1,2,2,1,2,1,2,2,1,1,1,1,1,1,1,1,1,1,2,2,1,,1.0,40,1.0,120,,,,,,,,,,,,,,70.0,,4.0,5.0,6.0,1.0,,,,,,,,
1344,4,3,4,4,5,5,3,5,3,5,30.0,5.0,4.0,4.0,4.0,6.0,2.0,40,,,,,,,,,2.0,,,,,,,,6,2,2,3,2,5,7,7,1,2,61.0,27.0,46.0,53.0,83.0,100.0,28.0,100.0,24.0,100.0,1,1,2,1,2,1,2,2,1,1,2,1,2,1,2,2,1,2,1,1,2,1,2,1,1,1,2,2,2,1,2,2,1,2,2,2,2,2,1,1,,,,1.0,130,12,,5.0,1.0,1.0,1.0,1.0,1.0,1.0,2.0,1.0,1.0,1.0,,,2.0,4.0,3.0,2.0,,,,,,,,3.0
1345,4,4,5,5,5,5,5,5,1,1,40.0,,,,,,2.0,45,,,1.0,5.0,6.0,20,1.0,,1.0,,1.0,1.0,1.0,1.0,1.0,1.0,7,2,7,7,2,6,6,6,4,1,20.0,21.0,30.0,30.0,35.0,30.0,35.0,36.0,60.0,25.0,2,2,2,2,2,2,2,2,2,2,2,2,2,2,2,2,2,2,1,2,2,2,2,2,2,2,2,2,2,2,2,1,2,2,2,2,2,2,2,2,6.0,,,1.0,300,,,6.0,,,,,,,,,,,,2.0,,,,,,3.0,3.0,3.0,,,,3.0
1346,2,3,4,3,3,4,2,2,3,2,45.0,5.0,,,,,,,2.0,400,5.0,2.0,3.0,,2.0,,2.0,4.0,1.0,1.0,1.0,1.0,1.0,1.0,6,2,6,6,2,5,3,3,3,1,36.0,22.0,55.0,45.0,58.0,42.0,29.0,80.0,47.0,32.0,2,1,1,2,2,2,2,2,2,1,2,2,2,2,2,1,2,2,1,2,2,1,2,2,1,2,1,1,1,2,1,1,2,2,2,2,2,1,2,1,6.0,1.0,50,,,15,,,,,,,,,,,,,,,,,,,,4.0,4.0,3.0,,,,3.0
1347,4,4,3,4,5,4,4,3,3,4,30.0,,2.0,2.0,2.0,,2.0,55,,,,,,16,,,,,,,,,,,7,5,5,5,4,6,6,6,3,1,61.0,43.0,45.0,54.0,61.0,58.0,65.0,46.0,66.0,57.0,1,2,1,2,2,2,1,2,2,2,2,2,2,2,2,2,2,2,2,2,2,2,2,2,2,2,2,2,2,2,2,1,2,1,1,2,2,1,2,2,5.0,,,1.0,100,,,4.0,1.0,1.0,1.0,1.0,1.0,1.0,1.0,1.0,1.0,1.0,,2.0,,,,1.0,2.0,,,,5.0,1.0,1.0,2.0
1348,4,4,5,5,5,5,5,5,1,2,,,,,,5.0,,,1.0,1200,1.0,4.0,6.0,,,,,,1.0,1.0,2.0,1.0,2.0,1.0,7,1,3,5,5,5,7,6,2,1,30.0,15.0,48.0,35.0,55.0,52.0,80.0,85.0,20.0,30.0,2,2,2,1,2,2,2,2,1,1,2,1,2,1,2,1,2,2,2,1,2,2,1,2,2,2,1,1,2,2,2,1,2,1,2,2,1,1,2,2,,2.0,10,,,15,6.0,4.0,,,,,,,,,,,70.0,5.0,,,,1.0,2.0,3.0,4.0,1.0,,,,
1349,1,2,1,1,3,1,2,1,5,3,,,3.0,3.0,3.0,,,,,,2.0,1.0,3.0,,1.0,1.0,,,,,,,,,5,1,6,6,2,7,5,5,2,2,15.0,10.0,5.0,35.0,20.0,25.0,35.0,30.0,51.0,15.0,2,2,2,1,1,2,2,2,2,2,2,2,1,2,2,2,2,2,1,1,1,2,1,2,1,2,2,2,1,1,1,1,2,2,1,2,2,2,1,1,6.0,1.0,17,1.0,1200,5,,4.0,1.0,1.0,1.0,1.0,1.0,2.0,1.0,1.0,2.0,1.0,70.0,2.0,,,,,2.0,,,,,,,
1350,4,3,3,4,4,4,4,4,3,3,,3.0,3.0,3.0,3.0,5.0,,,,,,,,19,2.0,1.0,,4.0,,,,,,,6,5,5,5,2,5,5,6,1,1,44.0,45.0,36.0,30.0,60.0,44.0,64.0,57.0,55.0,51.0,2,2,2,2,2,2,2,2,2,2,2,2,2,2,2,2,2,2,1,1,2,2,1,2,2,2,2,2,1,1,2,2,2,2,2,1,1,2,2,2,,2.0,10,1.0,120,,,,1.0,1.0,1.0,1.0,1.0,1.0,1.0,1.0,1.0,1.0,70.0,,,,,,2.0,,,,5.0,5.0,6.0,
1351,1,3,2,1,4,4,4,1,4,3,30.0,,4.0,5.0,5.0,,2.0,50,,,1.0,2.0,4.0,18,2.0,,,4.0,,,,,,,7,3,3,3,3,5,3,5,2,1,0.0,10.0,12.0,10.0,60.0,80.0,100.0,5.0,65.0,31.0,1,2,2,2,1,1,2,1,2,2,2,1,1,2,2,1,1,1,1,2,2,1,2,1,1,2,2,1,1,2,2,1,1,1,1,2,2,2,1,1,5.0,,,2.0,212,,,,1.0,1.0,1.0,1.0,1.0,1.0,1.0,1.0,1.0,1.0,,3.0,,,,,1.0,,,,,,,3.0
1352,4,4,5,5,4,5,5,5,1,4,30.0,,,,,,2.0,40,2.0,300,,,,,,1.0,1.0,,,,,,,,6,1,6,6,5,6,5,5,2,1,40.0,35.0,60.0,80.0,50.0,55.0,71.0,83.0,50.0,46.0,2,2,2,2,2,2,2,1,2,2,2,2,1,2,2,2,2,2,2,2,2,2,2,2,2,2,2,2,2,2,1,2,1,2,2,2,2,2,2,2,5.0,,,,,10,,4.0,1.0,1.0,1.0,1.0,1.0,1.0,1.0,1.0,1.0,1.0,,3.0,,,,2.0,,3.0,3.0,3.0,1.0,5.0,4.0,
1353,5,5,4,5,5,5,5,5,4,4,100.0,,,,,,,,2.0,350,,,,18,,,2.0,5.0,,,,,,,6,3,3,3,5,5,5,5,3,1,40.0,29.0,10.0,60.0,60.0,50.0,50.0,65.0,62.0,40.0,2,2,1,1,1,2,2,1,2,2,1,1,2,2,2,1,1,2,2,1,2,2,2,2,2,2,2,2,2,2,2,2,2,1,1,2,1,2,2,2,6.0,1.0,50,,,,,,1.0,1.0,1.0,1.0,1.0,1.0,1.0,1.0,1.0,1.0,,2.0,,,,1.0,,4.0,4.0,3.0,4.0,4.0,6.0,4.0
1354,5,5,5,5,5,1,5,5,5,3,75.0,,3.0,3.0,5.0,7.0,2.0,45,,,,,,20,,1.0,,,,,,,,,7,2,3,3,2,6,7,7,1,2,70.0,60.0,65.0,70.0,70.0,80.0,60.0,80.0,80.0,65.0,1,2,2,2,2,2,2,2,2,2,2,2,2,2,1,2,1,1,1,2,2,2,1,2,2,1,1,2,1,2,1,2,1,2,1,2,2,2,1,2,,,,1.0,102,,,4.0,2.0,2.0,1.0,2.0,2.0,1.0,2.0,2.0,1.0,2.0,,1.0,,,,2.0,1.0,,,,1.0,5.0,6.0,
1355,5,4,5,5,5,5,5,4,3,2,,4.0,2.0,3.0,6.0,6.0,,,,,,,,,2.0,2.0,2.0,,,,,,,,6,4,3,5,2,6,7,6,3,2,40.0,20.0,45.0,21.0,50.0,60.0,80.0,10.0,19.0,11.0,1,1,2,1,2,1,2,1,2,1,1,1,1,1,2,2,1,1,1,2,2,2,1,2,1,1,2,1,1,1,2,2,1,1,1,2,1,2,2,2,,1.0,24,1.0,92,10,,4.0,2.0,1.0,2.0,2.0,1.0,1.0,1.0,2.0,2.0,1.0,50.0,,4.0,5.0,5.0,,,,,,,,,
1356,4,4,4,5,5,5,4,4,3,3,30.0,4.0,,,,6.0,,,1.0,1200,4.0,4.0,4.0,,2.0,1.0,,4.0,1.0,1.0,1.0,1.0,1.0,1.0,6,2,3,3,5,5,6,5,3,1,57.0,55.0,55.0,60.0,60.0,55.0,60.0,55.0,65.0,40.0,2,2,1,2,2,2,2,2,2,1,1,1,2,2,2,2,2,1,1,2,1,2,1,2,2,2,1,2,1,2,1,2,2,2,1,2,2,1,2,1,,1.0,40,,,15,,,,,,,,,,,,,,,,,,,2.0,3.0,3.0,3.0,,,,
1357,4,5,5,5,4,5,5,5,3,2,,4.0,,,,,,,,,2.0,5.0,5.0,15,,2.0,1.0,6.0,1.0,1.0,1.0,1.0,2.0,2.0,7,2,5,4,2,6,6,6,3,1,55.0,60.0,60.0,70.0,75.0,50.0,75.0,80.0,60.0,40.0,1,2,2,1,2,2,2,2,2,2,2,2,2,2,1,2,2,2,2,2,1,2,1,1,2,2,1,2,2,1,2,2,1,2,2,2,2,2,2,1,6.0,1.0,31,1.0,400,,,,,,,,,,,,,,70.0,,,,,2.0,,4.0,4.0,2.0,,,,
1358,1,3,1,1,1,4,5,4,4,3,30.0,4.0,,,,3.0,2.0,22,,,,,,15,2.0,,1.0,6.0,1.0,1.0,1.0,1.0,2.0,2.0,7,1,4,2,1,7,7,7,1,1,40.0,30.0,30.0,45.0,45.0,45.0,75.0,50.0,45.0,50.0,1,1,1,2,1,2,1,2,2,2,1,1,2,2,1,2,2,2,2,2,2,2,2,2,2,1,2,2,1,2,1,1,2,2,2,1,2,1,1,2,,,,1.0,110,,10.0,,,,,,,,,,,,,,,,,,,3.0,2.0,2.0,1.0,5.0,6.0,
1359,1,2,1,1,3,3,1,1,4,3,,4.0,5.0,4.0,4.0,,,,,,,,,15,,1.0,,3.0,,,,,,,3,2,6,3,3,4,3,4,2,1,25.0,35.0,28.0,46.0,62.0,55.0,45.0,21.0,43.0,39.0,2,1,1,1,2,1,1,1,2,1,2,2,2,2,2,2,2,2,1,2,1,2,1,1,1,1,1,2,2,2,1,2,2,2,2,2,1,2,1,1,6.0,2.0,7,1.0,288,,,,1.0,2.0,1.0,1.0,1.0,2.0,1.0,2.0,1.0,1.0,66.0,,2.0,4.0,4.0,1.0,1.0,,,,,,,
1360,2,4,3,4,4,3,3,5,4,4,30.0,3.0,4.0,4.0,4.0,,,,2.0,350,5.0,5.0,6.0,18,,1.0,1.0,,,,,,,,5,1,4,2,5,7,5,6,1,2,42.0,79.0,39.0,55.0,58.0,38.0,58.0,90.0,82.0,80.0,2,2,1,1,1,2,1,2,1,2,2,1,1,1,1,2,2,1,2,2,2,1,2,1,1,1,2,2,1,2,2,2,2,1,2,2,2,2,1,1,6.0,1.0,50,,,,,3.0,1.0,1.0,1.0,1.0,1.0,1.0,2.0,2.0,2.0,2.0,,,,,,1.0,,,,,,,,
1361,5,5,5,5,5,5,5,5,1,1,,,6.0,6.0,6.0,7.0,,,,,5.0,5.0,6.0,10,,2.0,1.0,,2.0,1.0,1.0,2.0,1.0,2.0,6,6,6,6,6,6,6,6,4,2,100.0,100.0,100.0,100.0,100.0,100.0,100.0,100.0,6.0,0.0,1,1,2,1,1,1,1,2,1,1,1,2,2,1,1,2,1,2,2,1,1,1,1,1,1,1,1,1,1,1,2,1,1,1,1,2,2,2,1,1,,1.0,23,1.0,90,,,6.0,,,,,,,,,,,50.0,1.0,,,,1.0,,,,,,,,
1362,5,5,5,5,3,5,5,5,2,2,,,5.0,4.0,4.0,,,,,,,,,20,,,,,,,,,,,7,2,3,4,2,5,4,4,3,1,60.0,40.0,45.0,60.0,35.0,50.0,80.0,75.0,51.0,20.0,1,2,1,2,1,1,1,1,2,1,2,2,1,1,1,2,1,2,1,2,1,1,2,1,1,1,2,2,1,1,1,2,2,2,2,1,1,1,2,1,6.0,1.0,50,2.0,40,,,4.0,1.0,1.0,1.0,2.0,1.0,1.0,1.0,1.0,2.0,1.0,29.0,3.0,,,,2.0,2.0,,,,3.0,5.0,5.0,3.0
1363,4,4,4,5,5,5,4,4,4,4,,4.0,3.0,3.0,4.0,,2.0,50,,,,,,,,,1.0,4.0,,,,,,,7,2,2,4,2,3,5,4,3,1,38.0,25.0,48.0,62.0,68.0,36.0,80.0,39.0,72.0,66.0,1,2,2,1,1,1,2,1,2,2,1,2,2,2,2,1,2,1,2,2,2,2,1,1,2,2,2,1,2,1,2,2,2,2,1,1,1,1,1,1,5.0,,,1.0,300,15,,,1.0,2.0,1.0,1.0,2.0,1.0,1.0,1.0,2.0,1.0,81.0,,,,,1.0,,,,,4.0,4.0,4.0,3.0
1364,5,4,4,5,4,4,4,5,3,5,30.0,,4.0,5.0,5.0,6.0,,,2.0,600,,,,14,2.0,,2.0,5.0,,,,,,,6,1,4,4,3,5,6,4,4,1,90.0,77.0,35.0,67.0,44.0,23.0,57.0,90.0,19.0,77.0,2,2,2,1,2,2,1,2,2,2,1,2,2,1,2,1,1,1,1,2,2,1,1,2,2,2,2,2,2,2,2,2,2,1,2,1,2,2,2,1,,1.0,25,,,,,,1.0,1.0,1.0,1.0,1.0,1.0,1.0,1.0,1.0,2.0,,2.0,,,,,,,,,2.0,5.0,6.0,8.0
1365,4,4,5,5,3,5,5,5,1,3,30.0,,,,,6.0,,,,,,,,7,1.0,2.0,,,1.0,1.0,1.0,2.0,1.0,2.0,6,2,2,5,2,5,7,6,4,1,41.0,20.0,39.0,42.0,66.0,50.0,53.0,75.0,15.0,40.0,2,1,1,1,1,1,2,1,1,1,1,2,2,2,2,1,2,2,1,2,2,1,1,1,1,1,1,1,1,1,1,2,1,2,1,2,2,2,2,1,,1.0,40,1.0,200,,,4.0,,,,,,,,,,,,1.0,3.0,5.0,5.0,,2.0,4.0,3.0,2.0,,,,
1366,1,1,1,2,4,2,3,1,5,3,,,,,,,,,2.0,688,2.0,2.0,4.0,,,1.0,2.0,4.0,1.0,1.0,1.0,1.0,1.0,1.0,6,4,5,5,3,3,5,5,3,1,30.0,21.0,23.0,33.0,35.0,27.0,34.0,29.0,49.0,35.0,2,1,1,1,2,2,2,2,2,2,2,2,1,2,1,2,1,1,2,2,2,1,2,2,2,2,1,1,1,2,2,2,1,2,2,2,2,2,1,1,5.0,1.0,18,,,15,,,,,,,,,,,,,70.0,3.0,,,,1.0,,3.0,3.0,3.0,,,,
1367,5,5,4,5,5,5,4,5,1,3,73.0,4.0,,,,5.0,2.0,55,,,,,,,1.0,,,,,,,,,,7,2,2,3,4,6,6,5,3,2,45.0,27.0,30.0,39.0,53.0,44.0,44.0,53.0,62.0,48.0,2,1,2,2,1,2,1,2,1,1,1,1,2,2,1,2,2,1,1,2,1,1,1,2,2,2,1,2,2,2,2,2,2,2,1,2,2,2,2,2,,,,1.0,300,10,9.0,6.0,1.0,1.0,1.0,1.0,1.0,1.0,1.0,1.0,1.0,1.0,,,4.0,5.0,6.0,,2.0,3.0,5.0,3.0,,,,
1368,3,4,4,5,4,4,5,5,3,3,30.0,,3.0,3.0,3.0,5.0,2.0,52,,,,,,,2.0,1.0,,,,,,,,,5,2,4,3,4,5,6,5,3,1,50.0,65.0,50.0,75.0,55.0,70.0,80.0,50.0,65.0,60.0,2,2,1,2,1,2,2,1,1,1,1,1,1,1,1,2,2,2,1,1,1,1,1,2,2,1,1,1,1,2,2,1,1,1,1,1,1,1,2,1,,,,1.0,130,7,,4.0,1.0,1.0,2.0,1.0,1.0,2.0,1.0,1.0,2.0,1.0,,3.0,,,,,2.0,,,,3.0,4.0,4.0,
1369,3,3,2,4,4,2,4,4,4,4,30.0,3.0,,,,,,,2.0,500,,,,,,,1.0,4.0,2.0,2.0,1.0,2.0,1.0,2.0,5,5,6,5,2,3,6,5,1,1,45.0,39.0,51.0,31.0,44.0,35.0,65.0,76.0,71.0,59.0,2,2,2,2,1,1,1,2,1,2,1,1,2,2,1,1,2,1,2,2,1,1,1,1,2,2,1,2,2,2,2,1,2,2,1,1,2,2,2,1,2.0,1.0,14,,,10,,,,,,,,,,,,,,,4.0,2.0,2.0,2.0,,5.0,4.0,3.0,,,,2.0
1370,4,3,2,5,4,4,4,5,5,4,,2.0,,,,,2.0,50,2.0,800,,,,15,,,1.0,,1.0,1.0,1.0,1.0,1.0,1.0,5,1,2,3,2,3,4,3,3,1,63.0,32.0,43.0,58.0,78.0,49.0,39.0,85.0,60.0,74.0,1,2,1,2,2,1,1,2,1,1,1,2,2,2,1,2,2,2,2,1,1,2,1,1,2,1,2,1,2,1,2,2,2,2,2,2,1,1,1,1,5.0,,,,,,8.0,4.0,,,,,,,,,,,62.0,,,,,2.0,,3.0,3.0,3.0,2.0,5.0,6.0,
1371,2,3,3,3,5,2,5,5,5,5,,4.0,,,,,2.0,50,,,1.0,5.0,6.0,,2.0,,1.0,,,,,,,,7,1,1,1,2,5,7,7,1,2,65.0,75.0,50.0,70.0,80.0,25.0,90.0,80.0,50.0,85.0,2,1,1,2,2,2,1,1,1,2,2,2,2,1,1,1,1,1,1,2,1,2,1,2,1,1,2,2,2,2,2,1,1,1,1,1,1,1,1,1,4.0,,,1.0,300,15,5.0,5.0,1.0,1.0,1.0,1.0,1.0,1.0,2.0,1.0,2.0,1.0,80.0,,,,,,,4.0,2.0,4.0,,,,
1372,5,5,5,5,5,5,5,5,4,5,,,4.0,3.0,5.0,,2.0,58,2.0,350,,,,,2.0,,,4.0,,,,,,,5,1,5,5,5,7,7,7,1,1,40.0,20.0,29.0,30.0,59.0,68.0,87.0,95.0,87.0,60.0,1,2,1,1,1,1,2,1,1,1,2,2,2,2,2,1,2,1,1,2,1,1,2,2,2,2,2,1,1,2,2,2,2,2,2,2,1,2,1,2,5.0,,,,,15,10.0,,1.0,1.0,1.0,1.0,2.0,1.0,1.0,2.0,1.0,2.0,70.0,3.0,4.0,5.0,6.0,,1.0,,,,,,,
1373,4,4,4,5,3,4,4,5,2,3,,,3.0,2.0,2.0,,1.0,70,,,2.0,4.0,1.0,,2.0,,,4.0,,,,,,,6,2,4,4,1,4,5,4,1,2,60.0,50.0,30.0,30.0,48.0,10.0,25.0,57.0,83.0,45.0,2,1,1,1,2,2,2,2,2,2,2,1,2,1,1,1,1,1,1,1,1,2,2,2,1,2,2,2,1,2,2,2,2,1,2,2,1,1,2,2,5.0,,,1.0,100,5,,,1.0,1.0,1.0,1.0,1.0,1.0,1.0,1.0,1.0,1.0,80.0,3.0,,,,,2.0,,,,,,,3.0
1374,2,4,2,4,5,4,4,5,4,5,,4.0,,,,,,,2.0,300,,,,,,,1.0,,1.0,1.0,2.0,2.0,1.0,1.0,7,2,3,5,3,5,5,5,1,1,60.0,65.0,47.0,72.0,77.0,40.0,55.0,90.0,50.0,65.0,2,2,1,1,2,1,1,2,2,2,2,2,2,1,1,2,2,2,2,1,2,2,2,2,2,2,2,2,1,2,2,2,1,2,2,2,2,2,2,1,6.0,1.0,50,,,15,,3.0,,,,,,,,,,,75.0,,,,,1.0,,2.0,3.0,2.0,4.0,2.0,2.0,1.0
1375,5,4,4,3,5,5,5,5,2,4,90.0,4.0,,,,,1.0,80,1.0,1750,1.0,5.0,6.0,15,2.0,,1.0,,1.0,1.0,2.0,1.0,1.0,2.0,6,2,2,3,3,6,7,6,3,2,65.0,60.0,40.0,25.0,80.0,50.0,75.0,70.0,40.0,70.0,2,1,1,2,1,2,1,2,2,2,2,1,1,2,2,2,2,2,1,2,2,2,1,1,2,2,2,1,2,1,2,1,2,1,2,2,1,1,1,2,6.0,,,,,,,6.0,,,,,,,,,,,,,,,,,,3.0,4.0,2.0,,,,2.0
1376,5,4,5,5,5,5,5,5,2,5,30.0,,,,,,2.0,28,2.0,860,,,,,,,1.0,4.0,,,,,,,7,2,2,3,2,3,6,7,2,1,45.0,40.0,35.0,75.0,80.0,40.0,70.0,85.0,50.0,75.0,2,1,2,2,1,1,2,2,2,2,1,2,2,2,1,2,2,2,2,2,2,1,1,1,2,1,2,2,2,2,2,2,2,1,2,1,2,1,2,1,6.0,,,,,10,,,1.0,1.0,2.0,2.0,1.0,2.0,1.0,1.0,1.0,2.0,,2.0,,,,1.0,,4.0,3.0,1.0,4.0,5.0,6.0,2.0
1377,5,5,5,5,5,5,5,5,1,1,,1.0,,,,,2.0,30,2.0,700,1.0,5.0,6.0,,2.0,2.0,,6.0,,,,,,,7,2,4,2,1,3,4,6,4,1,35.0,10.0,51.0,40.0,35.0,30.0,49.0,49.0,75.0,25.0,1,2,2,1,1,2,2,2,1,1,2,1,2,2,2,2,1,2,2,2,2,2,2,2,2,2,1,1,1,1,2,2,1,2,1,2,2,2,1,1,6.0,,,,,20,,,1.0,1.0,1.0,1.0,1.0,1.0,1.0,1.0,1.0,1.0,70.0,,,,,,1.0,3.0,3.0,3.0,,,,
1378,4,4,4,5,5,2,5,4,5,5,,5.0,,,,6.0,,,,,1.0,4.0,5.0,,2.0,,1.0,,,,,,,,5,2,3,3,3,5,6,6,1,2,66.0,59.0,67.0,94.0,40.0,32.0,100.0,16.0,100.0,100.0,1,1,2,1,1,1,2,1,1,1,1,2,2,1,1,2,1,1,2,2,1,1,2,1,1,1,2,1,2,1,1,2,1,1,2,1,2,1,1,2,,2.0,7,1.0,120,15,10.0,5.0,1.0,1.0,1.0,1.0,1.0,2.0,2.0,1.0,2.0,2.0,80.0,,,,,,,3.0,2.0,1.0,,,,
1379,4,3,4,5,4,4,5,5,3,4,,3.0,,,,,,,2.0,300,,,,,,3.0,2.0,6.0,,,,,,,6,2,7,6,4,7,5,5,3,1,81.0,45.0,83.0,59.0,61.0,32.0,75.0,71.0,33.0,63.0,2,2,2,2,2,1,2,2,2,2,2,2,2,1,2,2,2,2,1,1,2,2,1,2,2,2,1,2,2,2,2,2,1,2,2,2,2,2,2,2,3.0,1.0,40,,,15,,,1.0,1.0,1.0,1.0,1.0,1.0,1.0,1.0,1.0,1.0,80.0,,,,,2.0,,4.0,4.0,3.0,1.0,5.0,6.0,
1380,5,4,5,5,5,5,5,5,4,1,30.0,3.0,4.0,4.0,4.0,5.0,2.0,55,2.0,500,,,,20,2.0,3.0,2.0,4.0,,,,,,,7,2,4,7,1,7,5,3,3,2,70.0,24.0,50.0,17.0,51.0,30.0,47.0,64.0,72.0,26.0,2,2,2,1,2,2,1,2,2,1,1,1,1,2,1,2,1,2,1,2,2,2,2,2,2,2,1,2,2,2,2,1,1,1,2,1,2,1,2,1,,,,,,,,,1.0,1.0,1.0,1.0,1.0,1.0,1.0,1.0,1.0,1.0,,,2.0,5.0,6.0,,,,,,,,,
1381,1,1,1,1,1,3,4,1,5,3,,1.0,3.0,3.0,3.0,,,,1.0,1050,,,,17,,,,,1.0,1.0,1.0,1.0,1.0,1.0,5,1,1,1,5,7,7,7,1,1,40.0,31.0,20.0,20.0,37.0,58.0,52.0,31.0,50.0,26.0,2,2,2,2,2,2,2,2,2,2,2,2,2,1,1,2,1,2,2,2,2,2,2,2,2,2,2,1,2,2,2,2,2,2,1,1,2,2,2,2,5.0,2.0,0,,,,10.0,1.0,,,,,,,,,,,70.0,,,,,2.0,2.0,,,,1.0,1.0,3.0,
1382,2,4,3,4,5,5,5,5,2,4,,,3.0,4.0,5.0,,2.0,32,,,4.0,5.0,3.0,,2.0,,,,1.0,1.0,2.0,1.0,1.0,2.0,5,2,5,3,2,6,7,7,1,2,33.0,68.0,16.0,74.0,81.0,27.0,92.0,51.0,45.0,50.0,2,1,1,2,1,2,1,2,1,2,1,2,2,2,1,2,1,2,2,2,1,2,1,1,2,2,2,2,1,2,1,2,2,2,2,2,2,2,2,1,6.0,,,1.0,260,2,,4.0,,,,,,,,,,,85.0,4.0,,,,,2.0,,,,,,,6.0
1383,4,4,4,5,5,5,5,5,1,2,30.0,1.0,3.0,3.0,4.0,6.0,,,1.0,2500,4.0,5.0,1.0,,,1.0,2.0,4.0,1.0,1.0,1.0,1.0,1.0,1.0,6,2,5,5,3,5,2,4,3,1,58.0,32.0,51.0,46.0,53.0,49.0,61.0,52.0,42.0,52.0,2,1,1,2,2,1,2,2,1,2,2,1,1,2,2,2,2,1,2,1,1,2,2,1,2,2,1,2,2,2,2,2,2,1,2,1,2,2,2,1,,1.0,15,,,10,,,,,,,,,,,,,,,,,,2.0,,,,,,,,
1384,3,4,3,3,3,2,5,3,5,3,,,,,,4.0,2.0,30,1.0,1500,5.0,4.0,5.0,17,,2.0,1.0,6.0,,,,,,,7,6,4,4,5,5,7,7,3,1,50.0,50.0,48.0,49.0,48.0,59.0,73.0,63.0,72.0,68.0,1,1,1,1,1,2,2,2,1,1,1,2,1,1,2,1,2,2,2,1,2,1,1,2,1,2,1,2,1,1,2,2,1,1,1,1,1,1,1,2,,,,,,,,,1.0,1.0,1.0,1.0,2.0,1.0,1.0,2.0,1.0,1.0,70.0,3.0,,,,2.0,,3.0,5.0,3.0,,,,
1385,4,5,5,5,5,2,4,5,5,1,95.0,5.0,,,,,1.0,90,,,,,,,1.0,1.0,1.0,5.0,,,,,,,6,3,2,2,6,5,6,6,1,2,60.0,50.0,60.0,75.0,85.0,45.0,95.0,95.0,80.0,60.0,1,2,1,1,2,1,2,2,1,2,2,2,2,2,2,1,2,2,1,1,2,2,2,1,1,1,1,2,1,2,1,1,2,2,1,2,2,2,1,2,2.0,,,1.0,130,0,,,1.0,2.0,1.0,1.0,2.0,1.0,1.0,2.0,1.0,1.0,,,5.0,5.0,6.0,,,5.0,6.0,3.0,,,,
1386,5,5,5,5,5,5,5,5,1,5,,6.0,5.0,4.0,2.0,,2.0,55,,,,,,15,,,1.0,,,,,,,,6,1,3,2,1,6,7,7,3,1,64.0,71.0,39.0,80.0,56.0,81.0,87.0,89.0,49.0,95.0,2,2,1,1,1,1,2,1,1,1,2,1,1,2,2,1,2,1,1,1,2,1,2,2,2,2,1,1,2,1,1,1,2,1,1,2,2,2,2,2,3.0,,,1.0,355,,,4.0,1.0,1.0,2.0,1.0,1.0,2.0,1.0,2.0,1.0,2.0,90.0,,,,,1.0,,,,,5.0,5.0,6.0,10.0
1387,3,3,3,4,5,3,4,3,5,4,,,3.0,3.0,3.0,6.0,2.0,7,1.0,2000,,,,15,,,,,,,,,,,6,4,2,4,2,7,7,6,2,1,51.0,36.0,54.0,60.0,63.0,61.0,56.0,37.0,74.0,74.0,1,1,2,1,1,2,2,2,1,1,2,2,1,2,2,2,2,1,2,2,2,2,2,2,2,1,2,2,1,1,2,1,1,1,1,1,2,1,1,2,,,,,,,9.0,3.0,1.0,1.0,2.0,2.0,2.0,2.0,1.0,1.0,1.0,2.0,70.0,2.0,3.0,3.0,5.0,1.0,2.0,,,,,,,
1388,1,1,5,3,3,5,5,5,5,5,91.0,,,,,,2.0,0,1.0,1300,,,,20,,,,6.0,1.0,1.0,1.0,1.0,1.0,1.0,7,7,4,7,1,7,7,7,4,2,0.0,0.0,100.0,50.0,84.0,100.0,100.0,100.0,100.0,75.0,1,1,2,1,1,2,1,2,2,1,1,1,1,1,2,1,2,2,2,2,1,1,2,2,1,1,1,2,1,2,2,1,1,1,2,2,1,1,2,1,7.0,,,,,,10.0,,,,,,,,,,,,,1.0,,,,1.0,1.0,6.0,6.0,6.0,2.0,5.0,6.0,
1389,5,5,5,5,3,4,5,5,2,3,,,3.0,3.0,3.0,6.0,,,,,,,,,,,,,,,,,,,7,2,2,2,2,3,6,6,3,2,60.0,60.0,70.0,70.0,50.0,60.0,60.0,70.0,40.0,50.0,2,1,2,2,1,1,1,2,1,2,2,2,2,2,1,2,1,1,1,2,2,2,2,1,2,2,2,2,2,2,1,2,2,1,2,2,2,1,2,1,,2.0,9,1.0,91,20,,4.0,1.0,1.0,1.0,1.0,1.0,1.0,1.0,1.0,1.0,1.0,40.0,2.0,4.0,5.0,6.0,1.0,1.0,,,,,,,2.0
1390,4,5,5,5,5,5,4,5,2,3,,,3.0,4.0,3.0,6.0,,,,,1.0,5.0,6.0,,,,2.0,4.0,1.0,1.0,2.0,1.0,1.0,1.0,6,1,5,3,2,6,4,6,2,1,50.0,77.0,68.0,62.0,81.0,61.0,53.0,95.0,52.0,64.0,2,2,1,2,1,2,2,2,2,2,1,2,2,2,2,2,2,2,2,2,2,2,2,2,2,1,1,1,2,2,2,2,2,2,1,2,2,2,2,2,,1.0,50,1.0,300,15,4.0,,,,,,,,,,,,100.0,5.0,,,,1.0,,,,,,,,
1391,1,1,1,1,1,1,4,1,5,4,30.0,5.0,,,,3.0,2.0,50,,,,,,2,,1.0,,,,,,,,,6,2,2,2,3,5,6,7,1,2,19.0,20.0,31.0,48.0,41.0,41.0,67.0,47.0,62.0,66.0,1,2,2,2,1,2,1,2,2,2,2,2,2,2,1,2,2,2,2,2,2,2,2,2,2,1,2,1,2,2,2,2,2,2,2,2,2,2,1,2,,,,1.0,110,,,4.0,1.0,1.0,1.0,1.0,1.0,1.0,1.0,1.0,1.0,1.0,,,,,,1.0,2.0,4.0,5.0,1.0,1.0,5.0,5.0,
1392,2,1,2,4,4,2,4,5,4,4,91.0,,3.0,3.0,3.0,,,,2.0,450,2.0,5.0,6.0,10,,,1.0,,1.0,1.0,1.0,1.0,1.0,1.0,7,2,4,5,5,6,4,5,3,2,19.0,3.0,53.0,81.0,95.0,30.0,82.0,100.0,78.0,91.0,2,2,2,2,1,2,2,2,1,2,2,2,1,1,1,2,2,1,2,2,2,2,2,2,2,2,2,1,2,1,2,2,2,2,2,2,2,1,2,2,5.0,1.0,50,,,,,5.0,,,,,,,,,,,,3.0,,,,1.0,,,,,,,,8.0
1393,5,4,5,4,4,3,4,3,3,5,30.0,,,,,,,,,,2.0,5.0,3.0,,,,,5.0,1.0,1.0,2.0,1.0,1.0,2.0,5,1,3,5,5,6,7,6,3,1,70.0,60.0,60.0,55.0,60.0,50.0,50.0,50.0,55.0,50.0,1,2,1,1,1,1,2,1,1,1,1,1,1,1,1,1,2,1,1,1,2,1,2,1,1,2,1,1,1,2,2,2,2,1,1,1,2,1,1,1,1.0,1.0,54,1.0,379,15,10.0,,,,,,,,,,,,,5.0,,,,2.0,2.0,2.0,3.0,2.0,,,,
1394,3,1,2,3,5,1,4,2,5,5,50.0,,3.0,4.0,3.0,6.0,,,,,2.0,1.0,1.0,18,,,,,,,,,,,5,2,3,5,2,5,5,5,2,2,36.0,32.0,25.0,26.0,66.0,27.0,84.0,34.0,71.0,64.0,2,1,1,2,2,1,1,1,2,1,2,1,2,1,1,2,1,2,2,2,2,1,2,2,2,2,2,2,2,2,1,2,1,2,2,1,2,1,2,1,,1.0,36,1.0,600,,,3.0,1.0,1.0,1.0,1.0,1.0,1.0,1.0,1.0,1.0,1.0,,3.0,,,,1.0,2.0,,,,,,,3.0
1395,2,1,4,4,4,2,5,1,5,4,70.0,2.0,3.0,6.0,6.0,,,,2.0,250,,,,,2.0,1.0,1.0,5.0,1.0,1.0,1.0,1.0,1.0,1.0,6,1,5,5,2,6,6,6,1,1,70.0,18.0,60.0,60.0,60.0,30.0,90.0,30.0,67.0,66.0,2,1,2,2,2,1,2,2,2,2,2,1,1,2,1,2,1,2,1,1,2,2,2,2,1,1,2,1,2,2,1,2,2,1,2,1,1,1,2,1,6.0,1.0,20,,,13,,,,,,,,,,,,,,,1.0,5.0,5.0,,,,,,,,,
1396,3,3,3,3,3,3,3,3,3,3,,,3.0,3.0,3.0,6.0,,,2.0,360,,,,15,2.0,,1.0,,1.0,1.0,1.0,1.0,1.0,1.0,5,2,6,6,3,6,5,5,2,2,50.0,50.0,50.0,50.0,50.0,50.0,50.0,50.0,50.0,50.0,2,2,2,2,2,2,2,2,2,2,2,2,2,2,2,2,2,2,2,2,2,2,2,2,2,2,2,2,2,2,2,2,2,2,1,2,2,2,2,2,,1.0,16,,,,,2.0,,,,,,,,,,,70.0,3.0,4.0,3.0,4.0,,,,,,,,,1.0
1397,3,4,4,4,5,4,2,5,3,3,,,3.0,3.0,2.0,6.0,2.0,35,,,,,,,,,,,1.0,1.0,2.0,2.0,1.0,2.0,6,1,3,3,2,7,6,5,1,1,80.0,71.0,79.0,95.0,85.0,56.0,28.0,94.0,93.0,58.0,2,1,1,1,1,2,2,2,1,2,2,2,2,2,1,2,2,2,2,2,2,2,1,2,2,1,2,2,2,1,2,2,2,2,2,2,1,2,2,2,,,,1.0,90,17,6.0,4.0,,,,,,,,,,,91.0,1.0,1.0,2.0,1.0,1.0,2.0,,,,,,,
1398,4,3,4,4,5,1,2,5,5,4,15.0,4.0,,,,,,,,,3.0,3.0,3.0,,2.0,,,6.0,,,,,,,6,4,2,3,3,6,7,6,2,2,24.0,12.0,24.0,16.0,17.0,52.0,74.0,35.0,16.0,4.0,2,2,2,2,2,2,2,1,2,2,2,1,2,2,1,2,2,2,1,2,2,2,2,1,1,1,1,2,2,1,2,2,2,2,2,1,2,1,2,2,6.0,2.0,5,1.0,125,10,,,1.0,2.0,2.0,1.0,2.0,1.0,2.0,2.0,1.0,2.0,,,,,,,2.0,3.0,3.0,1.0,,,,2.0
1399,4,5,4,2,4,2,5,5,5,4,50.0,5.0,,,,6.0,2.0,30,,,,,,10,,,1.0,4.0,1.0,2.0,1.0,1.0,2.0,2.0,4,5,6,7,2,4,5,6,3,1,50.0,71.0,70.0,50.0,80.0,1.0,100.0,90.0,100.0,90.0,2,1,2,2,2,2,2,1,2,2,1,1,1,1,1,1,2,1,2,2,2,2,2,2,2,2,2,1,2,2,2,1,2,2,2,2,2,2,2,2,,,,1.0,90,,5.0,,,,,,,,,,,,,,2.0,5.0,3.0,1.0,,5.0,3.0,2.0,,,,
1400,4,4,5,5,5,5,5,5,1,3,,,3.0,5.0,4.0,2.0,2.0,50,,,,,,15,,,,4.0,,,,,,,6,2,3,5,4,6,6,5,3,1,42.0,70.0,63.0,55.0,68.0,55.0,81.0,76.0,60.0,47.0,2,1,1,2,2,2,1,1,1,1,1,1,1,2,2,2,2,2,2,1,1,1,2,1,1,1,1,1,2,1,1,2,2,2,1,1,2,2,2,2,,,,1.0,120,,,,1.0,1.0,1.0,2.0,1.0,1.0,2.0,1.0,1.0,1.0,70.0,3.0,4.0,5.0,4.0,2.0,2.0,,,,,,,3.0
1401,2,3,4,3,5,5,5,5,5,3,,,3.0,3.0,5.0,,2.0,45,2.0,400,,,,,2.0,,1.0,6.0,1.0,1.0,2.0,1.0,1.0,2.0,5,1,5,5,4,5,5,5,3,1,30.0,15.0,35.0,40.0,20.0,50.0,65.0,45.0,100.0,40.0,2,1,2,1,1,1,1,2,2,2,2,1,2,1,2,2,1,1,1,1,2,1,1,2,1,2,1,1,1,2,2,1,1,2,2,1,2,2,2,1,1.0,,,,,20,,,,,,,,,,,,,15.0,1.0,,,,,,,,,3.0,5.0,6.0,2.0
1402,1,3,1,1,1,5,1,1,1,3,94.0,,4.0,4.0,4.0,,2.0,45,2.0,750,3.0,1.0,4.0,18,2.0,,,,1.0,1.0,1.0,1.0,1.0,1.0,5,5,7,6,3,3,2,3,4,2,39.0,28.0,43.0,17.0,46.0,67.0,33.0,40.0,9.0,42.0,2,1,2,1,2,2,2,2,2,1,2,2,1,2,1,2,1,2,2,2,1,2,1,2,2,1,1,1,1,1,1,1,2,1,1,2,2,2,2,1,6.0,,,,,,3.0,3.0,,,,,,,,,,,,4.0,,,,,1.0,,,,,,,
1403,5,5,4,5,3,1,5,5,5,5,,,3.0,4.0,5.0,,2.0,50,2.0,400,,,,10,,,,5.0,,,,,,,6,2,1,5,2,5,6,6,3,2,50.0,80.0,75.0,95.0,70.0,5.0,95.0,98.0,70.0,100.0,2,1,2,1,1,2,2,1,2,2,2,1,2,2,1,2,2,1,2,2,1,2,2,1,1,1,1,2,1,2,1,1,2,2,2,1,1,1,2,1,3.0,,,,,,,,1.0,1.0,1.0,1.0,1.0,1.0,1.0,1.0,1.0,1.0,80.0,3.0,1.0,5.0,6.0,1.0,1.0,,,,,,,3.0
1404,2,3,4,3,4,4,3,3,3,4,,,,,,,1.0,75,,,4.0,3.0,4.0,,1.0,,,4.0,1.0,1.0,1.0,1.0,1.0,1.0,6,4,5,5,4,6,5,5,2,1,45.0,40.0,45.0,55.0,55.0,50.0,65.0,45.0,55.0,50.0,1,2,2,1,1,1,2,2,1,1,1,1,1,2,2,2,2,1,2,2,1,1,2,2,2,1,1,1,2,1,1,2,2,1,1,2,2,1,2,2,6.0,,,1.0,110,15,7.0,,,,,,,,,,,,63.0,3.0,,,,,1.0,3.0,4.0,2.0,,,,
1405,4,5,4,5,5,5,5,5,1,5,,5.0,,,,,,,,,2.0,4.0,5.0,18,2.0,,1.0,6.0,1.0,1.0,2.0,1.0,1.0,2.0,3,2,4,2,3,5,5,6,1,1,14.0,59.0,64.0,59.0,72.0,65.0,90.0,82.0,25.0,79.0,1,1,2,1,1,2,2,1,1,2,1,1,1,2,1,2,2,1,1,1,1,2,2,1,2,1,1,1,1,2,1,1,1,1,1,2,1,2,1,1,3.0,2.0,5,1.0,120,,8.0,,,,,,,,,,,,77.0,,,,,,,4.0,4.0,3.0,,,,
1406,5,4,5,4,3,4,3,5,3,2,35.0,,,,,,,,,,5.0,5.0,5.0,20,,,,,,,,,,,6,3,7,4,2,5,3,5,4,1,60.0,25.0,70.0,45.0,30.0,25.0,65.0,60.0,45.0,20.0,2,1,2,2,2,2,2,2,2,2,2,2,2,2,2,2,1,2,2,1,2,2,2,2,1,1,2,1,2,2,2,2,2,2,2,2,2,2,2,2,3.0,1.0,20,1.0,120,,,6.0,1.0,1.0,1.0,1.0,1.0,1.0,1.0,1.0,1.0,1.0,,2.0,,,,1.0,1.0,3.0,3.0,3.0,,,,5.0
1407,4,4,4,5,4,5,4,5,1,2,,,,,,6.0,1.0,72,,,1.0,5.0,6.0,,,2.0,,,,,,,,,7,2,7,7,5,7,6,6,2,1,84.0,88.0,66.0,93.0,90.0,92.0,91.0,91.0,11.0,42.0,2,1,2,2,2,2,2,2,2,2,1,1,1,2,2,2,2,2,2,2,1,2,2,2,1,1,2,1,1,2,1,2,2,1,1,2,1,2,1,2,,,,1.0,350,15,,2.0,1.0,1.0,2.0,1.0,1.0,2.0,1.0,1.0,2.0,1.0,66.0,5.0,,,,2.0,2.0,5.0,3.0,4.0,,,,
1408,5,4,5,5,5,5,5,4,1,3,30.0,,4.0,5.0,3.0,5.0,,,,,,,,17,2.0,,,6.0,,,,,,,5,2,1,3,2,5,6,5,2,1,40.0,30.0,45.0,53.0,55.0,48.0,60.0,50.0,48.0,65.0,2,1,1,2,1,1,2,2,1,2,1,1,2,1,2,2,1,2,1,1,2,2,2,2,1,1,1,2,1,1,2,1,1,1,1,1,2,1,1,1,,1.0,37,2.0,50,,9.0,,1.0,1.0,1.0,1.0,1.0,1.0,1.0,1.0,1.0,1.0,,5.0,5.0,5.0,4.0,,2.0,,,,,,,
1409,5,5,5,5,4,5,5,5,1,1,,,,,,6.0,2.0,39,2.0,754,,,,20,2.0,,1.0,,1.0,1.0,1.0,1.0,1.0,2.0,7,2,3,3,1,5,5,5,3,1,15.0,15.0,15.0,17.0,25.0,11.0,60.0,55.0,55.0,24.0,2,2,2,2,2,2,2,2,2,2,2,2,2,2,2,2,1,2,1,1,2,2,2,1,2,2,2,2,1,2,2,2,1,2,2,2,2,2,2,2,,,,,,,,6.0,,,,,,,,,,,90.0,2.0,,,,,,2.0,5.0,3.0,4.0,5.0,5.0,4.0
1410,3,3,4,4,4,4,3,4,4,4,,,,,,,,,1.0,1200,,,,,,,,5.0,,,,,,,7,5,5,5,2,2,6,6,2,1,50.0,50.0,79.0,90.0,90.0,93.0,76.0,64.0,23.0,83.0,2,2,2,1,1,1,1,1,1,1,1,1,1,2,1,1,1,2,1,2,1,1,2,1,2,2,2,1,1,1,1,1,2,1,1,2,2,1,1,1,5.0,1.0,27,,,10,,,1.0,2.0,2.0,2.0,1.0,2.0,1.0,1.0,1.0,2.0,62.0,1.0,,,,1.0,2.0,4.0,4.0,4.0,5.0,5.0,1.0,1.0
1411,4,5,5,5,5,5,5,5,3,5,,4.0,,,,,,,1.0,2300,,,,,2.0,2.0,1.0,,,,,,,,7,1,3,2,5,7,7,7,2,2,77.0,69.0,77.0,81.0,79.0,69.0,90.0,77.0,37.0,100.0,2,2,2,2,2,1,2,1,1,2,2,2,2,1,1,1,2,2,2,2,2,2,1,2,1,1,2,2,2,1,2,2,1,1,1,2,1,2,2,2,6.0,1.0,26,,,16,,4.0,1.0,1.0,2.0,1.0,1.0,1.0,2.0,1.0,1.0,1.0,77.0,,,,,,,5.0,5.0,2.0,3.0,5.0,6.0,
1412,5,5,5,5,5,5,5,5,1,3,,3.0,3.0,3.0,4.0,,2.0,45,,,,,,,1.0,,2.0,,,,,,,,6,4,4,2,3,4,5,5,3,2,45.0,50.0,40.0,40.0,50.0,63.0,61.0,57.0,43.0,48.0,2,2,2,1,2,2,2,1,2,1,2,2,1,2,2,2,2,2,2,2,1,2,2,2,2,1,2,2,2,2,1,2,2,1,1,2,2,1,2,2,6.0,,,1.0,250,14,,6.0,1.0,1.0,1.0,1.0,1.0,1.0,1.0,1.0,1.0,1.0,70.0,,4.0,5.0,6.0,,,,,,,,,3.0
1413,1,1,1,2,4,2,3,4,5,3,60.0,,2.0,4.0,1.0,,2.0,23,,,,,,20,,,,4.0,,,,,,,7,4,7,7,4,5,3,3,3,1,20.0,15.0,35.0,52.0,47.0,44.0,50.0,60.0,55.0,50.0,2,2,2,1,2,2,1,2,2,2,2,2,2,1,2,1,2,2,2,1,2,2,1,2,1,2,2,2,2,1,2,2,2,2,1,1,2,2,2,1,5.0,,,1.0,300,,,,1.0,1.0,1.0,1.0,1.0,1.0,1.0,1.0,1.0,1.0,,1.0,4.0,4.0,3.0,2.0,2.0,,,,,,,3.0
1414,2,3,2,1,4,3,2,4,5,4,,,,,,,,,1.0,1200,1.0,1.0,5.0,,,,,,1.0,1.0,2.0,1.0,1.0,2.0,6,5,5,5,2,4,5,5,2,2,40.0,30.0,50.0,30.0,90.0,40.0,60.0,40.0,100.0,85.0,1,2,2,2,2,2,1,2,2,2,1,2,2,2,2,2,2,1,2,1,1,2,2,1,2,2,2,1,2,2,1,2,2,2,1,2,2,1,2,2,6.0,2.0,8,,,8,8.0,4.0,,,,,,,,,,,70.0,2.0,,,,1.0,2.0,4.0,5.0,3.0,,,,
1415,3,3,4,5,3,4,4,1,4,4,30.0,6.0,,,,,2.0,50,2.0,700,,,,,2.0,1.0,,3.0,1.0,1.0,1.0,1.0,1.0,1.0,6,2,4,4,4,6,5,5,1,1,50.0,50.0,90.0,90.0,50.0,50.0,50.0,50.0,50.0,70.0,1,2,1,1,2,1,2,2,1,2,2,2,2,2,1,2,2,2,1,1,1,2,2,2,1,2,2,2,1,1,2,2,2,2,2,2,1,2,2,1,6.0,,,,,10,,,,,,,,,,,,,,,,,,,2.0,5.0,5.0,4.0,4.0,5.0,6.0,
1416,1,1,1,1,1,1,1,1,1,1,,,2.0,4.0,3.0,,2.0,45,1.0,1200,4.0,1.0,6.0,19,,,2.0,,1.0,1.0,1.0,1.0,1.0,1.0,7,4,4,2,5,6,7,7,1,2,0.0,0.0,0.0,0.0,0.0,0.0,0.0,0.0,0.0,0.0,2,2,2,2,2,1,2,2,2,2,2,1,2,2,1,1,1,2,1,2,2,1,2,2,2,2,2,1,2,2,2,2,2,2,2,1,2,2,2,2,6.0,,,,,,10.0,1.0,,,,,,,,,,,68.0,3.0,,,,1.0,,,,,,,,
1417,3,3,3,4,3,5,5,5,2,3,100.0,2.0,,,,,2.0,5,2.0,380,,,,,1.0,2.0,1.0,,1.0,1.0,1.0,1.0,2.0,2.0,7,1,1,1,5,5,5,5,1,1,20.0,21.0,14.0,48.0,6.0,59.0,59.0,92.0,55.0,55.0,2,2,1,1,1,1,2,2,2,1,1,1,2,1,2,1,1,1,1,2,2,2,2,2,1,1,2,1,1,2,2,2,1,2,1,2,1,1,1,1,6.0,,,,,0,,4.0,,,,,,,,,,,,,,,,,,3.0,5.0,1.0,3.0,5.0,6.0,
1418,4,3,4,4,5,4,5,5,5,4,88.0,,3.0,4.0,2.0,,,,,,,,,,,1.0,1.0,4.0,,,,,,,7,3,6,5,3,5,6,6,3,1,59.0,63.0,75.0,62.0,83.0,67.0,88.0,88.0,75.0,72.0,2,1,2,2,1,1,2,1,1,2,1,2,1,1,2,2,2,1,1,2,2,1,1,2,1,2,2,1,1,2,2,2,2,1,2,1,2,2,2,1,5.0,1.0,17,1.0,330,0,,,1.0,1.0,1.0,2.0,2.0,1.0,1.0,2.0,1.0,1.0,,2.0,1.0,5.0,6.0,2.0,,,,,,,,
1419,4,5,5,5,3,5,5,5,1,3,51.0,2.0,,,,5.0,2.0,60,,,,,,3,2.0,,,6.0,1.0,2.0,1.0,1.0,2.0,1.0,7,4,2,5,2,6,7,3,2,2,57.0,45.0,48.0,48.0,78.0,60.0,62.0,75.0,45.0,55.0,1,2,2,2,2,2,2,2,1,2,2,1,2,2,1,2,1,2,1,2,2,2,2,2,2,1,2,2,2,2,2,2,1,1,2,1,1,2,2,2,,,,1.0,115,,,,,,,,,,,,,,,,4.0,5.0,5.0,,1.0,4.0,4.0,3.0,,,,2.0
1420,4,4,4,3,5,4,3,4,3,3,78.0,,2.0,4.0,3.0,6.0,2.0,45,2.0,400,,,,18,2.0,2.0,,4.0,1.0,1.0,2.0,1.0,1.0,2.0,6,3,3,3,2,3,5,5,3,1,50.0,47.0,54.0,50.0,57.0,47.0,50.0,68.0,45.0,62.0,2,1,1,1,2,1,2,1,1,2,2,2,1,2,1,2,2,2,1,2,2,2,2,2,2,2,1,2,2,2,2,2,1,2,2,2,1,2,2,2,,,,,,,,,,,,,,,,,,,,3.0,,,,,2.0,,,,3.0,4.0,4.0,
1421,2,3,2,1,5,2,3,4,5,5,,,,,,,,,,,,,,,,,,,1.0,1.0,2.0,2.0,1.0,1.0,6,3,7,6,3,6,6,5,2,2,60.0,40.0,20.0,45.0,65.0,45.0,60.0,80.0,65.0,50.0,1,1,2,1,2,2,2,1,2,2,2,1,1,2,1,1,2,2,1,2,1,1,2,2,2,1,2,2,1,1,2,2,1,2,2,2,2,2,1,2,6.0,1.0,50,1.0,150,19,7.0,3.0,,,,,,,,,,,85.0,6.0,,,,1.0,2.0,6.0,4.0,3.0,2.0,4.0,4.0,
1422,5,5,5,4,4,5,5,5,1,1,,3.0,3.0,2.0,2.0,,1.0,50,1.0,1050,,,,,1.0,1.0,,5.0,1.0,1.0,2.0,1.0,2.0,1.0,6,1,2,1,2,5,6,6,3,2,81.0,51.0,87.0,90.0,82.0,54.0,93.0,88.0,59.0,16.0,2,2,2,1,2,2,1,2,2,2,2,2,2,2,2,2,2,1,1,1,2,1,1,2,1,2,2,1,2,2,2,2,1,2,2,2,2,1,2,2,3.0,,,,,10,,,,,,,,,,,,,87.0,,2.0,5.0,5.0,,1.0,,,,,,,
1423,4,4,4,2,2,4,3,2,4,5,,,,,,,2.0,55,2.0,320,,,,,1.0,1.0,2.0,,1.0,1.0,2.0,1.0,1.0,2.0,7,1,3,2,2,6,6,7,1,2,59.0,41.0,59.0,39.0,71.0,60.0,40.0,21.0,60.0,80.0,2,1,1,1,1,1,2,2,1,2,1,2,1,1,2,1,1,1,2,1,1,1,1,2,2,1,1,2,2,2,1,1,2,2,1,1,1,2,1,1,6.0,,,,,10,,5.0,,,,,,,,,,,70.0,2.0,2.0,5.0,4.0,,,5.0,3.0,2.0,,,,
1424,5,4,3,5,5,4,5,5,2,4,,6.0,3.0,4.0,4.0,3.0,,,,,,,,,,1.0,1.0,5.0,,,,,,,7,1,4,3,5,7,6,6,3,1,70.0,59.0,50.0,54.0,58.0,39.0,62.0,73.0,54.0,57.0,2,2,1,2,2,2,1,2,1,1,1,2,2,1,1,2,2,2,1,1,2,1,2,1,2,2,1,2,2,2,2,1,2,1,2,2,2,2,2,1,,1.0,19,1.0,150,2,,,1.0,2.0,1.0,1.0,2.0,1.0,2.0,2.0,1.0,1.0,60.0,,1.0,5.0,5.0,1.0,,,,,,,,
1425,4,5,5,5,4,5,4,5,1,1,70.0,,,,,6.0,,,,,3.0,5.0,5.0,20,2.0,1.0,1.0,,,,,,,,7,2,4,4,5,6,6,7,1,1,70.0,57.0,63.0,70.0,42.0,60.0,51.0,70.0,33.0,25.0,2,2,2,2,2,2,2,2,2,2,2,2,1,2,2,2,2,2,2,2,2,2,2,2,1,2,2,1,2,2,2,2,2,2,2,2,2,2,2,2,,1.0,52,1.0,1000,,,4.0,1.0,1.0,1.0,1.0,1.0,1.0,1.0,1.0,1.0,1.0,,2.0,,,,,,3.0,3.0,2.0,,,,
1426,3,4,4,3,3,4,3,4,3,3,30.0,,,,,,2.0,37,2.0,860,2.0,4.0,4.0,12,2.0,2.0,,,,,,,,,5,2,7,6,2,3,7,6,3,1,20.0,40.0,55.0,40.0,55.0,25.0,60.0,60.0,50.0,30.0,2,1,2,2,2,2,2,2,1,1,2,1,1,1,1,1,1,2,1,1,1,2,2,2,1,2,1,2,2,2,2,1,1,1,2,2,2,1,1,2,6.0,,,,,,,3.0,1.0,1.0,1.0,1.0,1.0,1.0,1.0,1.0,1.0,1.0,,2.0,,,,,2.0,3.0,4.0,2.0,,,,
1427,5,3,5,4,5,3,5,5,4,4,50.0,3.0,4.0,3.0,3.0,6.0,,,2.0,100,,,,15,2.0,,,4.0,,,,,,,7,3,5,3,5,5,7,6,3,2,80.0,33.0,85.0,50.0,51.0,50.0,41.0,94.0,55.0,50.0,1,2,2,1,2,1,2,2,2,1,2,1,1,2,2,2,2,1,1,1,2,1,2,2,1,2,1,2,2,1,2,2,1,2,2,1,1,2,2,1,,1.0,22,,,,4.0,,1.0,1.0,1.0,2.0,1.0,2.0,1.0,2.0,1.0,1.0,,,2.0,5.0,5.0,,2.0,,,,,,,
1428,4,5,4,5,5,4,5,5,3,5,,2.0,,,,6.0,,,2.0,700,1.0,5.0,6.0,,,,2.0,,1.0,1.0,1.0,1.0,2.0,2.0,6,1,2,1,5,6,7,7,3,2,90.0,85.0,90.0,100.0,90.0,80.0,100.0,90.0,99.0,95.0,1,2,2,1,1,2,1,1,1,1,2,1,1,2,1,2,2,2,2,2,1,1,2,1,2,2,1,2,1,2,2,2,2,2,2,2,2,2,2,1,,1.0,25,,,18,10.0,5.0,,,,,,,,,,,10.0,,,,,1.0,,3.0,1.0,3.0,,,,
1429,3,3,3,3,3,3,3,3,4,3,50.0,3.0,,,,7.0,,,2.0,350,,,,20,,,,,,,,,,,7,2,4,4,2,5,5,5,1,1,50.0,50.0,50.0,50.0,50.0,50.0,49.0,50.0,51.0,51.0,2,2,1,2,2,2,2,2,2,2,2,2,2,2,2,1,2,2,2,2,2,2,2,1,2,1,2,2,2,2,2,2,2,2,2,2,1,2,2,2,,1.0,54,,,,10.0,6.0,1.0,1.0,1.0,1.0,2.0,1.0,2.0,1.0,1.0,1.0,,,4.0,4.0,4.0,1.0,1.0,3.0,3.0,2.0,,,,
1430,4,3,2,1,2,2,3,3,5,4,,5.0,4.0,3.0,5.0,6.0,,,,,3.0,5.0,5.0,,,,1.0,,,,,,,,7,1,4,5,2,7,5,3,2,2,70.0,20.0,10.0,25.0,25.0,20.0,60.0,70.0,50.0,86.0,2,2,1,2,2,1,1,2,2,2,1,2,2,2,2,2,2,1,2,2,1,2,2,1,2,2,2,2,2,1,2,2,2,1,2,1,2,1,2,1,,1.0,30,1.0,120,10,10.0,4.0,1.0,1.0,1.0,1.0,1.0,1.0,1.0,1.0,1.0,1.0,60.0,,,,,1.0,,,,,,,,
1431,4,4,3,5,5,5,4,5,3,3,30.0,,,,,3.0,,,,,2.0,5.0,6.0,18,1.0,,,4.0,1.0,1.0,1.0,1.0,1.0,1.0,7,5,5,1,5,5,6,7,2,1,55.0,69.0,41.0,56.0,57.0,58.0,76.0,99.0,36.0,50.0,1,1,1,2,2,2,2,1,2,1,1,2,2,2,2,2,2,2,2,1,1,2,2,1,2,1,1,2,1,2,2,2,1,1,1,2,2,2,2,2,,1.0,75,2.0,80,,9.0,,,,,,,,,,,,,1.0,,,,,1.0,4.0,4.0,4.0,,,,
1432,5,5,5,5,4,5,5,5,1,4,,3.0,4.0,3.0,4.0,,1.0,70,,,,,,5,1.0,,,,,,,,,,7,2,2,2,3,7,6,7,3,1,55.0,35.0,48.0,70.0,47.0,60.0,88.0,70.0,50.0,39.0,2,2,2,1,2,1,1,2,1,2,2,2,1,2,2,1,2,2,1,1,2,2,2,2,1,2,2,2,2,2,2,1,2,2,2,2,2,1,2,2,4.0,,,1.0,200,,,5.0,1.0,1.0,1.0,1.0,1.0,2.0,1.0,1.0,2.0,2.0,66.0,,3.0,5.0,5.0,,1.0,,,,,,,2.0
1433,3,3,4,4,4,3,3,3,2,3,,,,,,,,,1.0,1250,,,,,2.0,,,5.0,1.0,1.0,2.0,1.0,1.0,2.0,3,5,5,3,4,4,3,3,2,1,29.0,13.0,20.0,25.0,34.0,29.0,18.0,18.0,31.0,24.0,1,2,1,1,2,2,2,1,2,1,2,2,2,1,2,1,1,1,1,1,2,1,1,2,2,1,2,1,1,1,2,1,2,1,2,2,2,2,2,1,6.0,1.0,25,,,12,,,,,,,,,,,,,70.0,2.0,4.0,3.0,5.0,,2.0,2.0,2.0,5.0,,,,3.0
1434,3,3,3,3,3,3,3,3,3,3,90.0,3.0,2.0,2.0,3.0,6.0,,,1.0,2000,,,,,2.0,,,6.0,1.0,2.0,2.0,1.0,1.0,2.0,7,1,1,1,1,7,7,7,2,1,50.0,50.0,50.0,50.0,50.0,50.0,50.0,50.0,50.0,50.0,2,2,1,1,1,2,1,2,2,2,2,1,2,1,1,1,2,1,1,2,1,2,2,1,2,2,1,2,2,2,1,2,2,1,2,1,2,2,2,1,,1.0,45,,,10,,,,,,,,,,,,,,,,,,,1.0,,,,4.0,5.0,6.0,9.0
1435,3,4,3,3,4,4,5,4,2,3,70.0,,,,,4.0,1.0,84,,,3.0,4.0,4.0,8,,1.0,2.0,5.0,1.0,1.0,2.0,1.0,1.0,2.0,6,2,1,1,3,4,7,5,2,2,87.0,82.0,92.0,78.0,85.0,36.0,100.0,100.0,93.0,66.0,2,2,1,1,2,1,1,2,2,1,1,2,1,2,2,2,1,2,2,1,2,2,1,2,1,2,2,1,2,1,2,2,1,1,2,1,2,1,2,1,,,,2.0,70,,,,,,,,,,,,,,,5.0,,,,1.0,,3.0,2.0,2.0,,,,
1436,4,5,5,3,3,5,5,5,1,4,,4.0,4.0,4.0,5.0,4.0,,,1.0,1200,,,,,,,1.0,5.0,1.0,1.0,2.0,1.0,1.0,2.0,6,1,4,5,2,4,4,3,3,1,40.0,40.0,40.0,30.0,30.0,30.0,40.0,60.0,70.0,40.0,2,1,1,2,1,2,2,2,2,1,2,2,1,1,2,2,2,1,2,1,2,2,1,2,1,1,2,2,1,1,2,1,2,2,2,1,2,1,2,2,,1.0,18,,,10,,,,,,,,,,,,,70.0,,5.0,5.0,4.0,1.0,,,,,,,,2.0
1437,4,3,2,5,5,5,5,5,2,4,,,5.0,5.0,4.0,6.0,1.0,68,1.0,1200,,,,20,2.0,2.0,1.0,,1.0,1.0,2.0,1.0,1.0,2.0,6,2,1,2,5,5,6,7,3,2,60.0,50.0,50.0,75.0,65.0,45.0,70.0,85.0,45.0,75.0,1,2,2,1,2,2,1,1,2,2,1,1,1,2,1,1,2,2,2,2,1,1,1,1,2,1,1,1,2,1,1,2,1,1,2,1,1,1,2,1,,,,,,,,5.0,,,,,,,,,,,70.0,5.0,,,,,,,,,1.0,5.0,6.0,
1438,5,5,5,5,4,5,5,5,1,3,90.0,,5.0,5.0,5.0,,,,1.0,1300,2.0,5.0,6.0,,,2.0,,6.0,1.0,1.0,2.0,1.0,1.0,2.0,7,2,4,3,4,5,5,5,3,2,30.0,20.0,20.0,46.0,42.0,30.0,48.0,24.0,48.0,40.0,1,2,2,1,1,1,2,1,1,1,1,1,2,2,2,1,2,1,2,1,2,2,1,2,2,2,1,2,1,1,1,1,2,2,1,1,1,1,2,2,6.0,1.0,17,,,8,,,,,,,,,,,,,,3.0,,,,1.0,1.0,,,,,,,
1439,5,5,5,5,5,5,3,5,4,2,,5.0,,,,,,,,,,,,,,,,4.0,,,,,,,7,5,7,7,2,4,4,4,2,2,85.0,85.0,80.0,100.0,100.0,100.0,50.0,100.0,70.0,20.0,2,2,2,2,1,1,2,2,2,2,2,2,1,1,2,1,1,1,2,2,2,2,2,2,2,2,2,2,2,2,1,2,1,2,1,1,2,1,2,2,6.0,1.0,40,1.0,350,10,,,1.0,2.0,2.0,2.0,1.0,1.0,1.0,2.0,2.0,2.0,90.0,,,,,1.0,2.0,4.0,4.0,3.0,4.0,5.0,4.0,1.0
1440,4,4,5,5,5,5,4,5,2,5,56.0,4.0,3.0,3.0,3.0,,,,,,,,,18,2.0,,,,,,,,,,7,3,5,3,2,5,6,6,3,1,40.0,32.0,42.0,64.0,79.0,73.0,53.0,84.0,39.0,96.0,1,1,2,2,1,1,2,2,1,1,1,1,1,2,1,2,2,1,2,1,2,1,1,1,1,2,2,2,2,1,2,1,1,1,2,2,1,2,1,2,6.0,2.0,10,1.0,120,,,4.0,1.0,1.0,2.0,1.0,1.0,1.0,1.0,2.0,1.0,1.0,,,2.0,5.0,6.0,,2.0,,,,,,,3.0
1441,4,4,4,5,3,5,5,4,2,3,,,4.0,3.0,3.0,,2.0,20,,,,,,,2.0,,,6.0,1.0,1.0,1.0,1.0,2.0,2.0,5,2,4,6,4,6,6,5,3,2,40.0,45.0,48.0,68.0,76.0,60.0,88.0,75.0,60.0,70.0,1,1,2,1,1,1,1,2,1,1,2,2,1,1,1,2,1,2,1,1,2,2,2,1,2,1,1,2,1,1,2,2,2,1,1,2,2,2,1,1,6.0,,,1.0,200,5,,,,,,,,,,,,,70.0,4.0,,,,,2.0,,,,4.0,5.0,5.0,7.0
1442,1,1,1,1,3,2,1,1,5,3,,,,,,,1.0,71,,,3.0,3.0,2.0,,,,,4.0,,,,,,,7,2,6,6,2,5,4,4,2,2,50.0,40.0,60.0,50.0,60.0,50.0,40.0,50.0,50.0,40.0,2,1,1,2,2,1,2,1,2,1,1,1,1,1,2,1,1,1,1,1,2,2,2,1,1,1,2,1,2,2,1,2,2,2,1,1,2,2,1,2,5.0,,,1.0,302,0,,,1.0,1.0,1.0,1.0,1.0,1.0,1.0,1.0,1.0,1.0,80.0,2.0,,,,1.0,2.0,3.0,4.0,3.0,,,,2.0
1443,5,5,5,5,3,5,5,5,1,1,30.0,,3.0,3.0,4.0,,2.0,55,,,1.0,5.0,6.0,15,2.0,1.0,,6.0,1.0,1.0,1.0,1.0,2.0,2.0,6,1,2,2,2,5,7,7,4,1,41.0,31.0,58.0,63.0,70.0,36.0,61.0,54.0,59.0,31.0,1,2,2,2,2,2,1,2,2,2,2,1,1,2,2,2,2,2,2,1,1,2,2,2,1,2,2,1,2,2,1,2,2,1,2,2,1,1,2,1,6.0,,,1.0,120,,,,,,,,,,,,,,,3.0,,,,,2.0,,,,,,,
1444,4,4,4,4,4,4,5,5,2,5,30.0,,,,,,,,,,,,,0,2.0,1.0,,,1.0,1.0,1.0,1.0,1.0,1.0,7,1,7,5,2,7,5,4,4,1,47.0,41.0,36.0,41.0,54.0,40.0,70.0,70.0,26.0,56.0,1,2,1,2,2,2,2,1,1,2,1,1,2,2,2,1,1,1,2,2,2,1,2,2,1,2,2,2,2,2,2,1,1,1,2,1,1,2,1,2,6.0,1.0,20,1.0,125,,,6.0,,,,,,,,,,,,2.0,5.0,5.0,6.0,,2.0,4.0,4.0,4.0,,,,
1445,4,3,3,2,3,4,4,4,4,3,82.0,,4.0,3.0,3.0,,2.0,45,,,4.0,2.0,4.0,,1.0,,,,1.0,1.0,2.0,1.0,1.0,2.0,6,5,3,4,5,5,4,3,2,1,57.0,46.0,24.0,68.0,46.0,75.0,75.0,63.0,59.0,50.0,2,1,1,2,1,2,2,2,2,1,2,1,1,2,1,2,1,1,2,2,1,2,1,1,1,1,1,2,2,1,2,1,2,1,1,2,2,2,1,1,2.0,,,1.0,100,5,5.0,2.0,,,,,,,,,,,,3.0,,,,,2.0,,,,,,,
1446,4,3,4,5,4,5,4,5,2,3,50.0,4.0,3.0,3.0,3.0,5.0,1.0,95,,,2.0,3.0,4.0,19,1.0,2.0,1.0,4.0,,,,,,,6,1,4,5,4,6,6,5,3,1,45.0,25.0,35.0,45.0,35.0,45.0,40.0,48.0,48.0,25.0,2,2,2,1,2,2,2,1,1,2,2,2,1,2,2,2,2,2,1,2,2,2,1,1,2,2,2,2,2,2,2,2,2,2,2,1,2,2,2,2,,,,1.0,250,,,,1.0,1.0,1.0,1.0,1.0,1.0,1.0,1.0,1.0,1.0,,,,,,,,,,,,,,
1447,5,5,5,5,5,5,5,5,2,4,30.0,4.0,3.0,2.0,4.0,6.0,2.0,36,,,3.0,2.0,2.0,,2.0,,,,1.0,1.0,2.0,1.0,2.0,2.0,6,5,4,4,3,5,6,5,3,2,56.0,44.0,35.0,57.0,71.0,40.0,74.0,69.0,74.0,49.0,2,2,1,2,1,1,2,2,2,1,2,2,2,2,1,1,1,2,2,2,2,2,1,2,1,2,2,1,1,2,1,2,2,2,1,2,2,2,2,1,,,,1.0,112,8,10.0,3.0,,,,,,,,,,,,,,,,,1.0,,,,,,,
1448,5,4,4,4,5,5,5,5,3,2,30.0,,,,,7.0,,,2.0,800,,,,20,2.0,2.0,1.0,,1.0,1.0,1.0,1.0,1.0,1.0,7,4,4,5,2,7,7,7,3,1,61.0,60.0,62.0,43.0,51.0,71.0,75.0,87.0,67.0,40.0,2,1,2,1,1,1,2,2,2,1,1,1,1,2,2,2,1,1,1,2,2,2,1,1,1,1,1,1,1,2,2,2,1,2,2,2,1,2,2,2,,1.0,30,,,,,5.0,,,,,,,,,,,,2.0,,,,,,3.0,3.0,3.0,2.0,3.0,2.0,
1449,5,5,5,5,5,5,5,5,1,4,,,,,,6.0,2.0,15,,,2.0,4.0,4.0,10,1.0,,2.0,5.0,1.0,1.0,1.0,1.0,2.0,1.0,7,1,3,4,5,7,3,5,3,2,6.0,10.0,14.0,43.0,21.0,16.0,28.0,5.0,6.0,10.0,2,2,1,2,1,2,2,2,1,1,2,1,2,1,1,1,2,1,1,2,1,2,2,1,1,1,2,2,2,2,2,2,2,2,1,2,2,2,2,2,,,,2.0,75,,10.0,,,,,,,,,,,,60.0,5.0,,,,,,4.0,3.0,2.0,,,,
1450,5,3,4,5,5,3,4,2,4,3,35.0,,4.0,3.0,3.0,6.0,,,2.0,800,2.0,5.0,4.0,20,,,1.0,,2.0,1.0,1.0,1.0,2.0,1.0,7,3,4,5,1,6,4,3,4,1,65.0,65.0,65.0,60.0,70.0,45.0,65.0,45.0,50.0,60.0,2,2,2,1,2,2,2,1,2,2,1,1,2,2,2,2,2,2,2,2,2,2,2,2,2,1,2,1,2,2,2,2,1,2,1,2,2,2,2,2,,1.0,30,,,,,5.0,,,,,,,,,,,,2.0,,,,2.0,,,,,,,,2.0
1451,3,3,5,5,5,1,5,5,5,3,70.0,,,,,3.0,,,2.0,990,,,,,,,,,1.0,1.0,1.0,1.0,1.0,1.0,7,6,6,6,2,2,3,3,4,1,20.0,5.0,20.0,25.0,10.0,15.0,70.0,85.0,60.0,25.0,1,2,2,2,1,1,1,2,1,2,2,1,2,2,2,1,1,1,2,2,2,2,1,2,2,1,2,2,2,2,1,1,2,2,2,2,2,1,2,1,,2.0,10,,,5,,1.0,,,,,,,,,,,,1.0,5.0,4.0,5.0,1.0,2.0,5.0,3.0,3.0,,,,1.0
1452,5,3,5,5,5,5,5,5,1,3,,5.0,2.0,3.0,3.0,,2.0,50,2.0,100,,,,,2.0,,,,1.0,1.0,1.0,1.0,1.0,1.0,6,1,4,4,1,5,6,6,2,2,57.0,50.0,61.0,63.0,50.0,50.0,90.0,88.0,46.0,50.0,2,2,2,1,2,1,2,2,1,2,1,1,2,1,1,2,2,1,2,2,2,1,2,2,1,1,2,2,2,2,2,1,2,1,2,2,2,2,2,2,5.0,,,,,15,4.0,3.0,,,,,,,,,,,100.0,,,,,,2.0,,,,2.0,5.0,5.0,
1453,3,3,4,3,4,4,3,3,4,4,50.0,,2.0,2.0,3.0,7.0,2.0,54,,,1.0,4.0,4.0,20,2.0,1.0,1.0,,1.0,1.0,1.0,1.0,2.0,2.0,6,2,4,3,2,5,6,6,3,1,50.0,50.0,62.0,68.0,52.0,53.0,31.0,75.0,76.0,52.0,2,1,2,2,2,2,2,2,1,2,1,2,1,1,2,2,1,2,2,2,2,2,1,2,2,2,2,2,2,1,2,2,2,2,2,2,2,2,1,2,,,,1.0,350,,,3.0,,,,,,,,,,,,1.0,,,,,,,,,,,,
1454,4,2,3,4,5,4,5,5,5,2,97.0,,2.0,3.0,4.0,7.0,2.0,50,2.0,360,2.0,5.0,6.0,,2.0,,,6.0,1.0,1.0,2.0,1.0,2.0,1.0,7,4,5,5,5,6,6,6,3,2,63.0,30.0,30.0,46.0,69.0,55.0,54.0,48.0,51.0,40.0,2,2,1,1,1,2,2,2,1,1,1,2,2,1,2,1,1,1,2,1,2,2,2,2,1,1,2,1,1,1,2,1,2,2,2,1,2,1,1,1,,,,,,8,,,,,,,,,,,,,,1.0,,,,,2.0,,,,,,,3.0
1455,4,5,5,5,4,5,5,4,1,5,70.0,4.0,6.0,6.0,3.0,,,,,,,,,,,,1.0,,1.0,1.0,2.0,1.0,2.0,1.0,6,2,4,2,2,7,4,6,2,1,35.0,40.0,50.0,85.0,60.0,45.0,55.0,80.0,40.0,75.0,1,1,2,2,1,1,2,2,2,1,1,1,2,2,2,1,2,2,2,1,1,1,2,2,2,1,2,2,1,2,1,1,1,1,2,2,1,2,2,1,6.0,1.0,25,1.0,150,2,,5.0,,,,,,,,,,,,,5.0,4.0,6.0,1.0,,,,,,,,4.0
1456,1,3,4,3,5,5,3,1,3,5,30.0,3.0,3.0,1.0,3.0,,,,,,,,,7,1.0,,1.0,6.0,,,,,,,5,1,6,6,2,4,3,3,4,1,25.0,40.0,65.0,30.0,100.0,50.0,50.0,30.0,50.0,95.0,2,1,2,2,2,2,2,2,2,1,1,1,2,1,1,2,1,2,1,1,2,1,2,1,1,1,2,2,2,1,2,1,1,2,1,2,2,2,2,1,2.0,2.0,3,1.0,200,,,,1.0,1.0,1.0,1.0,1.0,1.0,1.0,1.0,1.0,1.0,,,1.0,5.0,6.0,,,,,,,,,4.0
1457,4,4,4,5,4,4,5,5,1,5,,5.0,,,,7.0,2.0,20,1.0,1200,2.0,5.0,6.0,15,1.0,3.0,,,,,,,,,6,2,5,5,2,5,5,6,2,2,45.0,25.0,35.0,30.0,20.0,20.0,75.0,50.0,10.0,80.0,2,1,2,2,1,1,2,2,2,1,1,1,2,2,2,2,1,1,2,2,1,1,2,2,1,1,1,2,2,1,2,2,2,1,2,1,1,2,2,2,,,,,,,,4.0,1.0,1.0,1.0,1.0,1.0,1.0,1.0,2.0,2.0,2.0,100.0,,,,,,1.0,3.0,3.0,3.0,,,,
1458,4,2,2,2,4,4,2,2,2,4,57.0,,,,,,2.0,53,,,,,,10,1.0,,,1.0,,,,,,,2,6,3,6,2,2,6,3,2,1,31.0,16.0,39.0,25.0,32.0,49.0,51.0,40.0,30.0,51.0,1,2,1,1,1,1,1,1,2,1,1,1,1,2,1,2,1,2,1,1,1,2,1,1,1,1,2,1,1,1,1,2,1,2,1,1,1,1,1,2,5.0,,,2.0,75,,,,1.0,1.0,1.0,1.0,2.0,2.0,1.0,2.0,1.0,2.0,,5.0,4.0,4.0,3.0,,1.0,2.0,4.0,4.0,,,,2.0
1459,4,5,5,5,4,5,5,5,2,2,30.0,1.0,2.0,2.0,2.0,,,,,,2.0,4.0,4.0,,2.0,1.0,,,1.0,1.0,1.0,1.0,1.0,1.0,6,2,4,4,3,6,5,5,4,1,40.0,45.0,40.0,60.0,55.0,35.0,70.0,65.0,65.0,50.0,1,1,1,2,1,1,2,2,2,2,2,1,2,1,2,1,1,2,1,1,1,1,1,2,1,1,2,1,1,1,1,2,1,1,1,2,2,2,1,1,6.0,1.0,50,1.0,150,5,,5.0,,,,,,,,,,,,,,,,,2.0,,,,,,,
1460,4,4,4,4,4,4,5,4,3,4,,4.0,,,,3.0,2.0,15,,,4.0,4.0,5.0,,,,,,,,,,,,6,2,3,3,2,6,5,6,2,1,50.0,40.0,48.0,48.0,50.0,38.0,50.0,50.0,53.0,45.0,1,1,1,1,1,2,1,1,1,1,2,1,1,1,1,1,2,1,2,1,1,1,1,1,2,1,1,1,1,2,1,1,1,1,1,1,1,1,1,1,,,,1.0,120,7,10.0,4.0,1.0,1.0,1.0,2.0,1.0,1.0,1.0,2.0,1.0,1.0,70.0,,,,,2.0,2.0,3.0,3.0,3.0,,,,
1461,4,4,4,5,5,5,5,5,2,3,,2.0,,,,6.0,,,2.0,250,,,,15,1.0,1.0,,3.0,,,,,,,6,1,1,5,2,6,7,5,1,1,66.0,44.0,36.0,37.0,68.0,34.0,45.0,85.0,61.0,44.0,1,2,2,1,2,2,1,2,2,1,2,2,2,1,1,2,2,1,2,2,1,2,2,2,1,2,2,1,2,2,2,1,1,1,1,2,2,1,2,2,,1.0,112,,,,,,1.0,1.0,1.0,2.0,2.0,1.0,1.0,1.0,1.0,2.0,85.0,,,,,,2.0,2.0,3.0,3.0,1.0,5.0,3.0,
1462,4,2,1,1,5,1,4,5,5,5,,,4.0,4.0,4.0,7.0,,,1.0,1500,1.0,1.0,1.0,,,,1.0,,1.0,1.0,2.0,1.0,1.0,2.0,7,1,7,7,2,6,3,3,2,1,29.0,0.0,29.0,0.0,67.0,0.0,30.0,100.0,100.0,100.0,1,1,1,1,1,2,1,1,2,1,1,2,1,1,2,1,2,2,2,2,1,2,2,2,1,1,1,2,1,1,1,1,2,1,1,1,1,1,2,2,,2.0,5,,,10,10.0,4.0,,,,,,,,,,,70.0,2.0,,,,1.0,,,,,,,,
1463,4,5,5,5,3,5,5,5,2,3,50.0,,,,,,,,2.0,700,,,,20,,,,6.0,1.0,1.0,2.0,1.0,2.0,1.0,7,2,7,7,1,7,5,5,1,2,45.0,35.0,38.0,44.0,46.0,44.0,53.0,63.0,57.0,60.0,1,2,2,2,1,2,2,2,1,2,2,1,1,2,2,1,2,2,2,1,1,1,1,1,2,2,2,2,2,2,1,1,1,2,2,2,2,1,1,2,7.0,1.0,45,,,,,,,,,,,,,,,,,2.0,5.0,5.0,6.0,1.0,2.0,4.0,3.0,3.0,,,,3.0
1464,4,2,2,2,2,1,5,1,5,1,72.0,5.0,,,,7.0,2.0,27,2.0,200,,,,20,2.0,,1.0,6.0,,,,,,,6,1,6,5,2,7,5,5,1,1,80.0,1.0,1.0,1.0,1.0,1.0,100.0,1.0,100.0,1.0,1,2,1,2,2,2,1,2,1,1,2,1,1,2,1,1,2,2,1,1,1,1,2,1,1,1,2,1,1,1,1,1,1,2,2,2,1,1,1,2,,,,,,,9.0,,1.0,1.0,1.0,1.0,1.0,2.0,2.0,2.0,2.0,2.0,,,,,,,,3.0,5.0,1.0,4.0,2.0,2.0,
1465,4,4,5,4,5,5,5,5,1,3,30.0,3.0,,,,,2.0,45,,,2.0,4.0,3.0,18,,,,,,,,,,,6,2,5,3,2,5,6,6,4,1,65.0,30.0,60.0,55.0,65.0,60.0,70.0,70.0,40.0,60.0,2,2,2,2,2,1,2,1,2,2,1,2,2,2,2,1,1,1,2,2,2,2,2,1,1,2,1,2,2,2,2,2,2,1,2,1,1,2,2,2,6.0,,,1.0,200,,8.0,5.0,1.0,1.0,1.0,1.0,1.0,1.0,1.0,1.0,1.0,1.0,,,,,,1.0,2.0,4.0,5.0,2.0,,,,
1466,1,1,1,2,4,1,4,1,5,4,75.0,,4.0,4.0,3.0,,,,,,1.0,4.0,4.0,,,1.0,,2.0,,,,,,,6,1,6,6,3,6,5,5,4,1,40.0,30.0,55.0,55.0,60.0,50.0,80.0,45.0,65.0,75.0,2,1,2,1,2,1,2,2,2,1,1,2,1,2,1,2,2,2,1,1,2,2,1,1,1,1,2,2,1,1,2,1,1,1,1,1,2,2,2,1,6.0,2.0,50,1.0,300,15,,,1.0,1.0,1.0,1.0,1.0,1.0,1.0,1.0,1.0,1.0,,1.0,,,,1.0,2.0,,,,,,,
1467,1,3,3,4,5,2,4,3,5,3,35.0,4.0,2.0,3.0,5.0,,2.0,50,2.0,380,2.0,2.0,2.0,,2.0,1.0,,1.0,,,,,,,7,5,6,5,2,3,3,5,1,1,65.0,30.0,35.0,80.0,80.0,35.0,90.0,55.0,80.0,40.0,2,1,2,2,1,1,2,2,2,2,2,1,2,2,1,2,1,2,2,2,1,2,2,1,1,2,1,2,1,2,2,1,2,2,1,1,2,2,2,1,3.0,,,,,10,,,1.0,1.0,1.0,1.0,1.0,1.0,1.0,1.0,1.0,1.0,,,,,,,2.0,,,,,,,
1468,3,3,4,4,5,2,3,3,4,5,30.0,4.0,3.0,3.0,4.0,6.0,2.0,50,,,,,,20,2.0,,2.0,2.0,,,,,,,5,2,5,5,2,3,6,5,2,2,35.0,20.0,20.0,25.0,90.0,30.0,15.0,15.0,35.0,70.0,2,1,1,2,1,2,1,2,1,2,2,2,1,2,2,2,1,1,1,1,2,1,1,2,2,1,1,2,2,1,2,2,1,2,2,2,1,2,2,1,,,,1.0,120,,,,1.0,1.0,1.0,1.0,1.0,1.0,1.0,1.0,1.0,1.0,,,1.0,5.0,4.0,,,,,,,,,3.0
1469,5,4,5,4,4,3,3,4,3,3,81.0,6.0,5.0,5.0,5.0,4.0,,,,,5.0,4.0,6.0,,,1.0,,,1.0,1.0,2.0,1.0,2.0,2.0,5,4,5,5,3,4,6,6,2,1,51.0,88.0,60.0,72.0,63.0,57.0,56.0,54.0,55.0,54.0,1,1,1,1,2,1,1,1,1,1,1,1,1,2,1,1,1,1,2,1,1,2,2,1,2,2,2,2,2,1,1,1,2,1,1,1,1,1,2,1,,1.0,170,1.0,379.7,0,,2.0,,,,,,,,,,,,,,,,1.0,1.0,,,,,,,
1470,5,5,5,5,5,5,5,5,4,5,,,4.0,5.0,4.0,,,,,,,,,,1.0,,,6.0,1.0,1.0,1.0,1.0,2.0,1.0,7,2,5,3,4,5,5,6,3,2,42.0,29.0,49.0,47.0,46.0,58.0,94.0,84.0,90.0,74.0,2,2,2,1,2,1,1,2,2,2,2,2,2,2,2,2,2,2,2,2,1,2,2,2,2,2,2,1,2,2,1,2,2,2,2,2,2,1,2,2,6.0,2.0,6,1.0,115,5,4.0,,,,,,,,,,,,68.0,2.0,4.0,5.0,6.0,,2.0,,,,,,,
1471,5,5,5,5,3,5,5,5,1,4,90.0,,4.0,4.0,5.0,,2.0,25,1.0,1500,2.0,4.0,4.0,,,,,6.0,1.0,1.0,1.0,1.0,2.0,2.0,7,2,3,3,1,6,5,5,2,2,60.0,40.0,45.0,60.0,65.0,50.0,70.0,70.0,40.0,65.0,1,1,1,1,1,2,1,1,1,2,1,1,1,1,2,2,2,2,1,2,2,2,1,1,2,2,2,2,1,1,1,1,2,2,2,1,2,2,1,2,6.0,,,,,15,10.0,,,,,,,,,,,,,2.0,,,,1.0,2.0,,,,,,,
1472,5,4,4,5,4,5,5,5,1,4,,4.0,4.0,2.0,4.0,5.0,,,,,,,,,2.0,4.0,,,1.0,2.0,1.0,2.0,1.0,1.0,7,2,5,5,6,7,5,6,4,1,70.0,72.0,64.0,74.0,69.0,57.0,77.0,84.0,44.0,81.0,2,2,1,1,2,1,1,2,2,2,2,2,2,1,2,1,2,2,1,2,2,2,2,1,1,1,2,2,1,1,2,1,2,2,2,1,2,2,2,2,,1.0,40,1.0,300,15,,5.0,,,,,,,,,,,70.0,,,,,,2.0,,,,4.0,5.0,5.0,
1473,4,5,4,5,2,4,5,4,3,4,,3.0,3.0,2.0,2.0,,2.0,10,,,,,,10,1.0,,,,1.0,1.0,1.0,2.0,1.0,1.0,7,1,3,2,2,5,7,7,2,2,85.0,100.0,90.0,100.0,100.0,50.0,80.0,90.0,60.0,100.0,1,2,2,1,1,1,2,1,2,1,2,1,1,2,1,2,1,1,1,2,1,2,2,1,1,1,2,2,1,1,2,2,2,2,1,2,1,1,2,2,5.0,,,2.0,80,,,4.0,,,,,,,,,,,96.0,,1.0,2.0,1.0,,2.0,,,,,,,2.0
1474,3,3,1,5,1,3,4,5,4,1,,1.0,,,,6.0,,,,,,,,15,1.0,,1.0,,1.0,1.0,1.0,1.0,2.0,2.0,7,2,4,2,2,5,7,7,1,1,20.0,19.0,6.0,66.0,51.0,47.0,77.0,84.0,49.0,16.0,1,2,2,1,2,2,2,1,2,2,2,2,1,1,2,1,1,2,1,2,2,1,1,2,1,2,2,2,2,2,2,2,2,2,1,1,2,2,2,1,,2.0,2,1.0,250,,,2.0,,,,,,,,,,,70.0,,2.0,4.0,4.0,,,4.0,4.0,4.0,,,,2.0
1475,4,3,4,5,5,5,5,5,1,3,,4.0,,,,5.0,,,,,,,,15,,,2.0,,2.0,2.0,1.0,2.0,2.0,1.0,6,2,2,6,5,6,5,4,4,2,56.0,51.0,71.0,86.0,100.0,100.0,100.0,100.0,0.0,46.0,1,2,2,2,1,1,2,2,1,1,2,2,2,2,1,2,1,1,1,2,1,2,2,2,1,1,2,2,2,2,2,1,2,2,2,2,2,2,2,2,,2.0,5,2.0,66,,5.0,3.0,,,,,,,,,,,85.0,,,,,1.0,,3.0,3.0,3.0,2.0,3.0,2.0,
1476,3,5,4,5,5,5,5,5,3,5,,5.0,,,,4.0,2.0,2,,,1.0,5.0,4.0,20,1.0,,1.0,6.0,1.0,1.0,1.0,1.0,2.0,2.0,6,5,3,4,1,6,7,7,2,2,40.0,100.0,36.0,100.0,100.0,45.0,100.0,100.0,10.0,100.0,1,2,1,1,1,1,2,1,2,1,1,2,1,1,1,1,2,1,1,1,1,1,1,2,2,1,1,2,2,2,2,2,2,1,1,2,1,2,2,1,,,,1.0,185,,,,,,,,,,,,,,80.0,,,,,,,3.0,3.0,3.0,,,,2.0
1477,2,4,3,2,5,4,5,4,3,4,,,,,,5.0,,,,,,,,19,,1.0,1.0,,1.0,1.0,1.0,1.0,1.0,1.0,7,1,3,4,2,6,6,7,3,1,56.0,70.0,43.0,67.0,39.0,45.0,94.0,77.0,42.0,55.0,1,1,2,2,1,1,1,1,1,1,1,2,1,1,2,1,2,2,1,2,1,2,2,1,2,1,2,2,2,2,1,2,2,2,2,2,2,2,2,1,,1.0,20,1.0,130,,,4.0,,,,,,,,,,,95.0,1.0,,,,1.0,,2.0,5.0,1.0,5.0,5.0,5.0,
1478,4,4,5,5,4,5,5,2,5,5,,5.0,,,,,2.0,53,2.0,650,4.0,5.0,5.0,,,,,,,,,,,,6,5,6,6,2,5,6,7,2,1,71.0,91.0,85.0,100.0,95.0,72.0,75.0,61.0,99.0,99.0,1,1,1,2,2,1,1,1,1,1,1,1,1,1,1,1,1,2,1,1,1,1,1,2,1,1,2,1,1,2,2,1,1,1,1,1,1,1,1,1,6.0,,,,,10,,4.0,1.0,1.0,1.0,1.0,1.0,1.0,2.0,2.0,2.0,2.0,70.0,,,,,1.0,2.0,5.0,3.0,2.0,,,,2.0
1479,3,4,4,4,4,4,5,5,2,4,,,5.0,3.0,3.0,,2.0,50,,,1.0,4.0,4.0,18,,,1.0,5.0,1.0,1.0,2.0,1.0,1.0,2.0,6,3,2,2,3,5,7,7,1,1,35.0,25.0,45.0,50.0,50.0,40.0,80.0,51.0,45.0,50.0,2,1,2,2,2,2,2,2,2,2,1,1,2,1,2,2,2,1,1,2,1,2,1,2,1,1,2,2,2,2,2,2,2,2,1,2,2,1,2,1,5.0,,,1.0,400,,10.0,,,,,,,,,,,,95.0,2.0,,,,1.0,,,,,,,,
1480,5,4,5,5,1,5,5,5,1,1,,,2.0,2.0,2.0,6.0,,,,,1.0,4.0,5.0,,2.0,,1.0,,,,,,,,7,1,6,3,5,7,7,7,3,1,56.0,42.0,25.0,51.0,11.0,58.0,60.0,67.0,20.0,10.0,2,2,2,2,1,2,1,2,2,1,2,2,2,2,2,2,2,2,2,1,2,1,2,2,2,2,2,2,2,1,2,2,2,1,2,2,2,2,2,2,,1.0,18,1.0,450,18,,6.0,1.0,1.0,2.0,1.0,2.0,1.0,1.0,1.0,2.0,1.0,100.0,2.0,,,,,,,,,,,,4.0
1481,5,4,5,5,5,4,5,5,5,5,100.0,,,,,,2.0,54,2.0,380,,,,,2.0,,1.0,4.0,,,,,,,6,1,2,6,1,7,7,2,4,2,92.0,100.0,100.0,94.0,90.0,70.0,100.0,90.0,94.0,100.0,1,1,2,1,1,1,2,1,1,1,1,1,1,1,1,1,1,1,2,1,2,2,1,2,1,2,1,2,1,2,2,1,1,1,1,1,1,1,1,2,6.0,,,,,15,,,1.0,1.0,1.0,1.0,1.0,1.0,1.0,1.0,1.0,1.0,,2.0,2.0,5.0,6.0,,,5.0,4.0,1.0,,,,8.0
1482,4,5,5,5,5,5,5,5,3,5,,3.0,,,,,,,2.0,100,,,,15,,,2.0,,1.0,1.0,1.0,1.0,2.0,2.0,7,2,4,5,3,5,5,5,3,2,60.0,39.0,62.0,76.0,69.0,82.0,89.0,60.0,67.0,82.0,2,2,2,1,1,2,2,2,2,1,1,2,2,1,1,2,1,1,2,1,1,2,2,1,2,2,1,2,1,2,2,1,2,2,2,2,2,1,1,1,6.0,1.0,34,,,,4.0,4.0,,,,,,,,,,,80.0,,,,,1.0,,2.0,5.0,3.0,3.0,5.0,6.0,
1483,4,3,4,3,3,3,4,4,4,3,90.0,,,,,,2.0,30,,,3.0,5.0,5.0,12,2.0,,,4.0,,,,,,,6,3,5,3,5,6,5,7,3,2,60.0,40.0,60.0,30.0,40.0,45.0,50.0,70.0,80.0,50.0,2,1,2,2,2,2,1,2,2,2,1,1,2,1,2,1,2,2,2,2,2,2,2,1,2,2,2,1,1,2,2,2,2,2,2,1,2,2,2,2,6.0,,,1.0,110,,,,1.0,1.0,1.0,1.0,1.0,1.0,1.0,1.0,1.0,1.0,,3.0,,,,,2.0,2.0,2.0,2.0,,,,2.0
1484,4,3,4,2,3,1,3,5,5,3,,4.0,4.0,5.0,4.0,5.0,,,2.0,300,,,,,2.0,1.0,1.0,5.0,1.0,1.0,2.0,1.0,1.0,2.0,6,1,1,3,3,5,7,7,1,2,50.0,30.0,35.0,20.0,25.0,30.0,35.0,40.0,60.0,30.0,1,2,1,2,2,2,2,2,2,2,2,1,1,1,2,1,1,1,2,2,1,2,2,1,1,1,2,2,2,2,1,2,1,2,2,2,2,2,2,1,,1.0,50,,,20,,,,,,,,,,,,,80.0,,4.0,5.0,6.0,,,,,,,,,
1485,3,3,3,4,4,3,5,5,4,4,,,,,,7.0,,,1.0,1200,2.0,4.0,4.0,,,,,5.0,,,,,,,2,1,2,2,1,4,5,4,2,1,44.0,42.0,36.0,28.0,47.0,34.0,82.0,77.0,68.0,54.0,2,1,1,2,2,2,2,1,1,1,2,1,2,1,2,1,1,1,2,2,1,2,2,1,1,2,2,1,2,2,2,1,2,1,2,1,1,2,1,2,,2.0,8,,,12,,,1.0,1.0,1.0,1.0,2.0,1.0,1.0,1.0,2.0,1.0,70.0,2.0,,,,1.0,2.0,3.0,2.0,2.0,,,,3.0
1486,4,5,5,4,4,5,5,4,2,4,,,5.0,4.0,3.0,,2.0,42,,,,,,15,,,,5.0,1.0,2.0,1.0,1.0,2.0,1.0,7,2,3,2,2,5,7,7,2,2,35.0,19.0,38.0,13.0,73.0,34.0,86.0,75.0,58.0,74.0,2,1,1,1,2,1,1,2,1,1,2,1,2,2,2,1,2,2,1,1,1,1,1,1,2,1,2,2,1,2,1,2,1,2,1,2,2,1,1,1,5.0,,,1.0,300,,,,,,,,,,,,,,86.0,5.0,1.0,5.0,6.0,1.0,1.0,,,,,,,4.0
1487,2,4,4,5,4,4,5,5,5,5,,4.0,,,,,,,1.0,5000,,,,18,,,1.0,4.0,1.0,1.0,1.0,2.0,1.0,1.0,7,3,5,6,4,5,6,6,2,2,29.0,65.0,52.0,87.0,40.0,19.0,35.0,32.0,70.0,71.0,1,2,2,1,2,1,1,1,2,1,1,1,1,2,1,2,2,1,1,2,1,1,1,2,2,2,2,1,1,2,1,2,1,2,1,2,2,1,2,2,6.0,1.0,55,,,,,,,,,,,,,,,,35.0,,,,,1.0,,6.0,6.0,2.0,2.0,4.0,6.0,3.0
1488,4,4,4,4,5,4,4,5,3,3,35.0,4.0,3.0,3.0,3.0,6.0,,,,,4.0,3.0,4.0,,,,,4.0,,,,,,,5,2,6,5,5,5,3,3,4,1,42.0,23.0,35.0,62.0,69.0,50.0,45.0,63.0,59.0,49.0,1,2,2,2,1,2,2,1,2,2,2,1,2,2,2,2,1,1,2,2,2,2,2,1,1,2,2,1,1,2,2,1,2,2,2,1,1,2,2,1,,1.0,22,1.0,170,14,8.0,,1.0,1.0,1.0,1.0,1.0,1.0,1.0,1.0,1.0,1.0,,,,,,1.0,2.0,,,,,,,
1489,2,2,2,4,3,2,4,4,5,4,60.0,1.0,,,,,,,1.0,1500,,,,,2.0,,,,,,,,,,6,6,6,5,2,5,6,6,1,1,30.0,20.0,30.0,80.0,55.0,0.0,50.0,100.0,100.0,65.0,2,1,1,2,1,2,1,1,1,2,1,1,2,1,1,2,2,1,1,2,1,2,1,1,2,1,2,2,2,1,2,1,2,1,2,2,2,2,2,1,7.0,2.0,10,,,5,,2.0,1.0,1.0,2.0,1.0,2.0,2.0,1.0,2.0,1.0,1.0,,,1.0,2.0,2.0,,2.0,4.0,4.0,4.0,,,,3.0
1490,4,5,5,4,4,4,4,5,1,5,100.0,,3.0,3.0,4.0,,,,1.0,1500,,,,,2.0,1.0,,,,,,,,,7,1,4,1,5,7,6,7,1,2,70.0,70.0,70.0,70.0,75.0,50.0,82.0,75.0,80.0,75.0,1,2,1,2,2,2,2,1,1,2,2,2,1,2,1,1,2,1,1,2,1,1,1,2,2,1,1,2,1,1,2,1,1,2,1,1,2,2,1,2,7.0,2.0,8,,,20,,4.0,1.0,1.0,1.0,1.0,2.0,1.0,1.0,2.0,2.0,1.0,,5.0,2.0,5.0,6.0,,2.0,,,,,,,
1491,4,4,5,5,2,4,5,5,5,4,90.0,5.0,2.0,4.0,5.0,6.0,2.0,51,,,,,,20,,2.0,,,,,,,,,6,2,6,6,2,5,6,6,4,1,35.0,20.0,45.0,65.0,35.0,40.0,85.0,70.0,65.0,70.0,2,1,1,1,2,2,2,2,2,1,1,1,2,1,2,1,2,2,1,1,2,2,1,1,2,1,2,1,2,1,1,1,1,1,1,1,2,1,1,1,,,,1.0,145,,,2.0,1.0,1.0,1.0,1.0,2.0,2.0,1.0,2.0,1.0,1.0,,,5.0,5.0,3.0,1.0,2.0,,,,,,,
1492,4,5,5,4,5,5,5,5,1,4,70.0,2.0,,,,5.0,1.0,80,,,1.0,5.0,5.0,,1.0,,1.0,,1.0,1.0,2.0,1.0,2.0,1.0,7,1,2,4,2,5,5,5,3,1,60.0,70.0,80.0,95.0,100.0,51.0,91.0,50.0,30.0,61.0,2,1,2,1,1,1,1,2,2,2,1,1,1,2,1,2,2,1,2,2,1,1,2,2,1,2,1,1,2,1,1,2,2,1,1,2,1,2,1,1,,,,2.0,60,12,,6.0,,,,,,,,,,,,,,,,,,2.0,4.0,1.0,,,,3.0
1493,4,4,5,5,5,5,5,5,2,3,,5.0,,,,,2.0,50,1.0,1250,2.0,5.0,2.0,14,2.0,,,,1.0,1.0,2.0,1.0,1.0,2.0,7,3,4,4,1,4,7,7,4,1,28.0,32.0,27.0,46.0,52.0,49.0,58.0,60.0,39.0,71.0,1,1,1,2,1,2,1,2,2,2,2,1,2,1,2,1,2,1,1,1,2,2,1,2,1,1,1,2,1,2,1,1,1,2,1,1,1,1,1,1,5.0,,,,,,,6.0,,,,,,,,,,,90.0,,,,,,1.0,4.0,5.0,3.0,,,,2.0
1494,4,2,2,4,3,1,2,4,5,3,30.0,4.0,,,,6.0,2.0,15,2.0,270,2.0,2.0,4.0,,,,2.0,,,,,,,,7,2,4,5,2,5,7,6,3,2,60.0,22.0,33.0,43.0,51.0,19.0,66.0,86.0,82.0,71.0,2,1,2,2,1,2,2,1,2,2,2,1,2,2,2,1,2,2,1,2,2,2,2,2,2,2,2,1,2,1,2,1,2,1,2,2,2,1,1,2,,,,,,16,,4.0,1.0,1.0,1.0,1.0,1.0,1.0,1.0,1.0,1.0,1.0,,,,,,1.0,,3.0,6.0,3.0,,,,6.0
1495,2,4,2,4,4,4,4,2,4,2,,,4.0,5.0,2.0,,2.0,42,2.0,785,,,,,,,,5.0,1.0,1.0,1.0,1.0,2.0,2.0,5,5,5,5,2,5,7,7,2,1,35.0,25.0,20.0,100.0,60.0,60.0,70.0,75.0,65.0,40.0,1,1,2,1,2,1,1,1,2,2,1,2,1,1,2,1,1,1,2,1,1,2,2,1,1,2,1,2,1,1,2,2,1,1,1,2,1,2,2,1,6.0,,,,,15,7.0,,,,,,,,,,,,86.0,2.0,4.0,5.0,5.0,1.0,2.0,,,,,,,
1496,2,3,2,3,3,1,4,4,5,3,,,,,,,2.0,50,,,3.0,2.0,4.0,18,2.0,,2.0,4.0,1.0,1.0,2.0,1.0,1.0,2.0,6,2,5,4,3,5,6,6,2,2,39.0,44.0,42.0,45.0,57.0,43.0,51.0,70.0,55.0,47.0,2,2,2,1,2,2,2,1,1,1,1,1,2,2,1,2,2,1,2,2,1,1,1,2,2,1,2,2,1,1,1,1,1,1,1,2,2,2,1,1,6.0,,,1.0,110,,,,,,,,,,,,,,85.0,4.0,,,,,,4.0,3.0,2.0,,,,5.0
1497,5,5,5,5,4,5,5,5,1,1,,,2.0,1.0,1.0,,2.0,30,2.0,972,1.0,5.0,3.0,,1.0,,,,1.0,1.0,1.0,1.0,1.0,1.0,7,2,6,7,2,6,6,6,4,1,65.0,45.0,65.0,70.0,73.0,55.0,68.0,70.0,30.0,32.0,1,2,2,1,1,2,2,2,2,2,1,2,1,2,1,2,1,2,2,2,2,2,2,2,1,2,2,2,1,2,2,2,1,2,1,2,2,2,1,2,5.0,,,,,14,,5.0,,,,,,,,,,,73.0,1.0,,,,,2.0,,,,,,,2.0
1498,1,2,2,4,4,2,2,4,5,4,,3.0,3.0,5.0,4.0,6.0,,,,,4.0,4.0,6.0,,,3.0,1.0,,,,,,,,6,2,5,5,3,5,6,6,2,2,30.0,20.0,35.0,45.0,60.0,45.0,30.0,60.0,70.0,45.0,2,1,2,1,2,2,2,1,1,1,2,1,2,1,1,2,2,1,2,1,2,2,2,2,1,2,2,2,2,1,2,1,2,1,2,2,2,2,2,2,,1.0,16,1.0,110,10,,3.0,1.0,1.0,1.0,1.0,1.0,1.0,1.0,1.0,1.0,1.0,75.0,,,,,1.0,,,,,,,,
1499,4,3,3,5,5,1,5,4,5,3,30.0,4.0,2.0,1.0,6.0,7.0,2.0,54,,,,,,,2.0,3.0,2.0,,,,,,,,7,2,6,2,1,6,7,7,2,1,20.0,40.0,60.0,90.0,90.0,10.0,100.0,60.0,100.0,80.0,2,2,1,2,1,2,1,2,1,2,2,2,2,1,1,2,1,1,1,2,2,1,2,1,2,1,2,2,1,1,2,2,2,1,2,2,1,1,2,1,,,,2.0,60,10,,6.0,1.0,1.0,1.0,1.0,1.0,1.0,2.0,2.0,2.0,2.0,,,2.0,5.0,6.0,,,,,,,,,
1500,5,5,5,4,4,5,5,5,1,3,,4.0,,,,,,,2.0,745,,,,18,,2.0,1.0,5.0,1.0,1.0,1.0,1.0,1.0,1.0,7,1,2,3,3,6,7,6,4,1,60.0,35.0,30.0,40.0,45.0,55.0,65.0,60.0,60.0,20.0,1,2,2,1,2,2,2,2,1,1,2,1,2,2,1,1,2,2,1,2,1,1,2,1,1,2,1,1,2,2,2,1,2,2,2,2,1,1,2,2,4.0,1.0,22,,,,,,,,,,,,,,,,70.0,,,,,1.0,,4.0,4.0,2.0,2.0,4.0,4.0,
1501,1,1,3,4,5,1,3,5,5,3,,4.0,3.0,4.0,3.0,,,,1.0,1020,,,,10,,,2.0,,1.0,1.0,2.0,1.0,2.0,1.0,6,1,5,5,5,7,6,6,2,2,34.0,30.0,37.0,77.0,88.0,19.0,25.0,39.0,71.0,63.0,2,1,2,2,2,2,2,1,2,2,2,2,2,2,2,2,1,2,2,1,1,2,2,1,1,2,2,1,1,2,1,1,1,2,1,2,2,1,2,1,6.0,1.0,15,,,,6.0,4.0,,,,,,,,,,,49.0,,3.0,2.0,4.0,1.0,,,,,,,,
1502,5,5,5,5,4,4,5,5,2,5,,,,,,6.0,,,1.0,1500,2.0,4.0,4.0,,2.0,,,,1.0,1.0,1.0,1.0,2.0,2.0,6,1,1,1,3,6,7,5,3,2,61.0,69.0,61.0,76.0,60.0,45.0,84.0,77.0,40.0,57.0,1,2,2,1,1,1,2,1,2,2,2,2,2,2,1,1,1,1,2,1,1,1,2,2,1,1,2,1,1,2,1,2,2,2,2,2,2,2,2,1,,2.0,6,,,15,3.0,5.0,,,,,,,,,,,70.0,2.0,,,,,1.0,5.0,3.0,1.0,,,,
1503,4,2,2,5,4,2,4,5,4,2,80.0,5.0,5.0,4.0,3.0,6.0,2.0,50,2.0,250,,,,18,2.0,,1.0,,,,,,,,7,5,6,6,5,5,7,7,2,1,75.0,20.0,60.0,75.0,80.0,35.0,40.0,90.0,80.0,65.0,2,2,2,2,1,2,2,1,1,1,2,1,2,2,1,2,2,1,1,1,1,1,2,1,2,2,1,1,2,2,1,1,1,2,2,2,1,2,2,1,,,,,,,,4.0,1.0,1.0,1.0,1.0,1.0,1.0,2.0,1.0,1.0,1.0,,,,,,,,,,,4.0,5.0,6.0,4.0
1504,5,4,5,5,5,4,4,5,1,1,30.0,,,,,4.0,2.0,50,,,3.0,4.0,3.0,20,2.0,,,,,,,,,,6,2,6,5,1,6,6,6,2,1,60.0,31.0,60.0,43.0,43.0,43.0,64.0,56.0,43.0,34.0,2,1,2,1,1,1,1,1,2,2,1,2,2,2,2,1,2,2,1,2,1,2,2,2,1,2,2,1,1,2,1,1,2,1,1,1,1,2,1,2,,,,1.0,100,,5.0,4.0,1.0,1.0,1.0,1.0,1.0,1.0,1.0,1.0,1.0,1.0,,3.0,,,,,2.0,4.0,3.0,4.0,,,,
1505,5,5,5,5,5,5,5,5,1,3,5.0,4.0,,,,,,,1.0,1200,2.0,5.0,6.0,17,,,1.0,6.0,1.0,1.0,1.0,1.0,1.0,1.0,7,2,1,1,3,3,6,5,3,1,40.0,20.0,30.0,50.0,30.0,25.0,30.0,25.0,60.0,25.0,1,1,1,1,2,2,1,2,1,2,2,2,2,1,1,1,1,2,2,2,1,1,2,2,1,1,1,2,1,2,1,1,1,2,2,1,1,1,2,1,6.0,1.0,40,,,,4.0,,,,,,,,,,,,,,,,,1.0,,4.0,4.0,2.0,,,,
1506,1,2,2,2,2,1,5,1,5,4,30.0,4.0,2.0,3.0,3.0,,2.0,7,2.0,300,4.0,4.0,5.0,,2.0,,,3.0,1.0,1.0,1.0,1.0,1.0,1.0,7,2,7,7,5,5,5,5,1,1,23.0,20.0,29.0,32.0,32.0,34.0,59.0,40.0,45.0,49.0,1,1,2,2,1,1,2,2,1,2,1,1,1,1,1,1,1,2,2,1,1,1,1,2,1,1,1,1,1,1,1,2,1,2,2,1,1,2,1,2,6.0,,,,,15,7.0,,,,,,,,,,,,,,,,,,2.0,,,,,,,
1507,1,1,1,1,1,1,1,1,1,1,,,,,,,,,,,,,,,,2.0,2.0,,,,,,,,3,5,1,1,5,4,5,5,2,1,17.0,25.0,37.0,42.0,57.0,46.0,51.0,56.0,83.0,78.0,1,1,1,2,1,1,1,2,2,2,1,2,1,1,1,1,2,2,1,1,1,1,1,1,1,1,1,2,2,1,2,1,1,1,1,1,2,2,2,1,6.0,2.0,10,1.0,400,18,,2.0,1.0,1.0,1.0,1.0,1.0,1.0,1.0,1.0,1.0,1.0,73.0,3.0,1.0,5.0,6.0,1.0,,3.0,6.0,2.0,,,,
1508,4,3,4,3,4,3,3,4,3,3,,4.0,,,,,,,,,3.0,2.0,4.0,,1.0,,2.0,,1.0,1.0,1.0,1.0,1.0,1.0,6,4,4,5,2,4,4,5,2,2,60.0,50.0,70.0,50.0,50.0,50.0,50.0,85.0,50.0,50.0,1,2,2,2,1,2,2,2,2,1,2,2,2,2,1,1,2,2,2,1,2,2,1,2,2,2,2,2,2,2,2,2,1,1,2,1,2,1,2,1,3.0,1.0,20,1.0,120,15,10.0,4.0,,,,,,,,,,,70.0,,,,,,,4.0,4.0,4.0,,,,
1509,5,5,5,5,4,5,5,5,1,3,30.0,,3.0,3.0,3.0,,,,2.0,300,,,,,1.0,,,6.0,1.0,1.0,1.0,1.0,1.0,1.0,7,1,3,3,2,5,5,5,3,1,45.0,50.0,49.0,50.0,49.0,45.0,50.0,60.0,50.0,51.0,2,2,2,2,2,2,2,2,1,2,2,2,2,2,1,2,2,2,1,2,2,2,1,2,1,1,2,2,2,2,2,2,2,1,2,2,2,2,2,1,5.0,1.0,54,,,5,,,,,,,,,,,,,,2.0,1.0,5.0,5.0,,2.0,,,,,,,5.0
1510,4,5,4,5,2,2,5,5,5,4,,5.0,4.0,3.0,4.0,6.0,,,,,,,,15,1.0,,1.0,4.0,,,,,,,6,2,5,1,2,6,6,7,3,2,60.0,40.0,60.0,16.0,17.0,25.0,100.0,78.0,60.0,100.0,1,1,2,1,2,1,1,2,1,1,1,1,2,1,1,1,1,1,2,1,2,1,1,1,1,1,1,1,2,1,1,1,2,2,1,1,1,1,1,2,,2.0,1,1.0,200,,5.0,,1.0,1.0,2.0,1.0,2.0,1.0,1.0,1.0,2.0,1.0,90.0,,5.0,5.0,6.0,,,,,,,,,
1511,5,5,5,5,5,5,5,5,3,4,,,4.0,1.0,3.0,,,,,,,,,10,1.0,,1.0,6.0,1.0,1.0,1.0,2.0,1.0,2.0,7,2,1,3,3,4,5,7,2,1,75.0,65.0,85.0,90.0,70.0,40.0,80.0,55.0,70.0,60.0,2,2,2,2,1,1,2,2,1,2,2,1,2,1,1,1,2,1,1,2,1,1,2,1,2,2,2,2,1,2,1,1,1,1,1,1,2,2,1,1,3.0,1.0,52,1.0,300,,4.0,,,,,,,,,,,,80.0,3.0,5.0,4.0,6.0,,,,,,,,,
1512,2,3,3,4,4,4,4,1,5,3,70.0,,4.0,4.0,4.0,4.0,,,,,,,,,,,,,1.0,1.0,1.0,1.0,1.0,1.0,6,1,4,4,2,6,4,4,1,2,20.0,10.0,60.0,70.0,75.0,30.0,80.0,50.0,90.0,50.0,2,2,2,1,1,2,2,1,2,2,2,2,2,1,2,1,1,1,2,2,2,2,2,2,2,2,2,1,2,2,2,2,2,2,2,1,2,1,2,1,,1.0,20,1.0,200,0,10.0,4.0,,,,,,,,,,,,4.0,1.0,4.0,4.0,2.0,1.0,,,,,,,
1513,5,4,5,4,4,4,4,4,3,4,73.0,,,,,6.0,,,,,1.0,2.0,5.0,,2.0,,,5.0,1.0,1.0,1.0,2.0,1.0,1.0,7,4,5,6,1,3,6,5,1,1,51.0,38.0,83.0,36.0,55.0,38.0,71.0,46.0,65.0,76.0,1,2,2,1,2,1,1,1,2,1,1,1,1,1,1,1,2,2,1,1,2,1,2,1,2,2,2,1,2,2,1,2,2,2,1,2,1,2,1,2,,1.0,60,1.0,110,15,,,,,,,,,,,,,,3.0,,,,,2.0,1.0,1.0,2.0,,,,4.0
1514,4,3,3,2,4,3,4,3,4,4,,,,,,,,,,,2.0,4.0,5.0,10,,2.0,,3.0,,,,,,,7,4,4,4,3,3,5,6,3,1,50.0,50.0,50.0,50.0,50.0,50.0,50.0,50.0,50.0,50.0,2,2,1,1,1,1,1,2,1,1,1,1,2,2,2,1,2,1,1,2,1,1,1,2,1,2,2,1,2,1,1,1,2,2,2,2,2,1,2,1,6.0,1.0,17,1.0,100,,,,1.0,2.0,1.0,1.0,1.0,1.0,2.0,1.0,2.0,1.0,78.0,3.0,,,,2.0,1.0,2.0,4.0,2.0,,,,
1515,4,3,4,5,5,5,5,5,1,4,71.0,4.0,4.0,5.0,3.0,6.0,2.0,4,1.0,185,,,,,2.0,,1.0,,1.0,1.0,1.0,2.0,1.0,1.0,7,2,4,4,2,6,7,6,3,1,64.0,26.0,44.0,92.0,94.0,62.0,88.0,89.0,13.0,68.0,2,2,1,2,2,2,2,1,2,2,2,2,1,2,2,2,2,2,2,1,1,2,1,2,2,1,1,2,2,2,2,2,2,2,2,2,2,1,1,2,,,,,,11,,5.0,,,,,,,,,,,,,1.0,5.0,5.0,,,,,,,,,2.0
1516,4,3,4,4,5,4,4,5,2,3,86.0,5.0,,,,,,,,,,,,,1.0,,1.0,3.0,1.0,1.0,1.0,1.0,1.0,1.0,6,3,4,5,2,4,5,5,3,1,40.0,35.0,48.0,61.0,64.0,56.0,81.0,70.0,50.0,65.0,2,2,2,2,2,2,1,2,2,1,2,2,1,2,2,2,2,2,2,1,2,2,2,1,2,2,2,1,2,1,2,2,2,2,1,1,1,2,2,2,4.0,1.0,17,1.0,400,10,10.0,,,,,,,,,,,,,,2.0,4.0,4.0,,,3.0,3.0,2.0,,,,
1517,4,4,4,5,3,5,5,5,1,1,,,,,,7.0,2.0,40,,,,,,20,,,,5.0,,,,,,,5,7,5,2,1,2,5,5,4,1,82.0,82.0,82.0,100.0,53.0,100.0,93.0,100.0,0.0,20.0,1,1,1,1,2,2,2,2,2,2,2,1,2,2,2,1,2,2,2,2,2,1,1,2,1,2,2,2,2,2,2,1,1,2,2,2,2,2,2,2,,,,1.0,400,,5.0,,1.0,1.0,2.0,1.0,1.0,1.0,1.0,2.0,1.0,1.0,70.0,2.0,5.0,5.0,5.0,1.0,1.0,3.0,3.0,3.0,,,,
1518,3,3,4,2,4,4,3,4,4,4,30.0,,3.0,3.0,2.0,6.0,1.0,72,,,,,,,2.0,2.0,2.0,,1.0,1.0,1.0,1.0,1.0,1.0,3,2,1,4,4,6,6,5,1,2,6.0,8.0,12.0,7.0,72.0,12.0,64.0,2.0,84.0,62.0,2,1,1,2,1,1,1,2,1,1,1,1,1,2,1,1,1,2,2,1,1,1,2,2,2,2,1,2,1,1,2,2,2,1,2,2,1,1,2,1,,,,1.0,120,3,,4.0,,,,,,,,,,,,2.0,4.0,5.0,3.0,,,,,,,,,
1519,5,5,4,5,5,5,4,5,3,4,80.0,,,,,6.0,,,1.0,1800,,,,,,,,,,,,,,,5,2,6,6,5,5,7,7,4,1,43.0,41.0,39.0,36.0,57.0,43.0,49.0,54.0,58.0,41.0,2,1,2,2,2,2,2,1,1,1,1,2,1,2,2,2,1,2,2,1,1,1,1,1,2,2,2,1,2,2,2,1,2,1,2,1,2,1,1,1,,2.0,6,,,15,,4.0,1.0,1.0,1.0,1.0,1.0,1.0,1.0,1.0,1.0,1.0,,1.0,,,,2.0,1.0,4.0,3.0,2.0,4.0,5.0,5.0,2.0
1520,2,3,1,2,4,4,3,2,4,4,,3.0,3.0,2.0,3.0,,,,1.0,1300,,,,,2.0,1.0,1.0,5.0,,,,,,,7,4,6,6,1,5,6,5,1,1,31.0,44.0,34.0,40.0,54.0,51.0,42.0,55.0,62.0,70.0,1,1,1,1,2,1,1,1,2,2,2,1,1,2,1,2,1,2,2,1,1,2,2,2,1,2,2,2,2,2,1,2,2,2,2,1,2,1,1,1,6.0,2.0,6,,,15,,,1.0,1.0,1.0,1.0,1.0,1.0,1.0,1.0,1.0,1.0,70.0,,1.0,5.0,6.0,,,,,,,,,
1521,5,5,5,5,5,5,5,5,1,4,30.0,,3.0,3.0,3.0,5.0,,,,,,,,,2.0,,1.0,6.0,1.0,1.0,2.0,1.0,1.0,2.0,7,2,2,2,3,7,7,7,3,2,55.0,35.0,40.0,65.0,65.0,55.0,70.0,75.0,35.0,40.0,2,2,2,2,2,2,2,2,2,2,2,2,2,2,2,2,2,2,2,2,2,2,2,2,2,2,2,2,2,1,2,2,2,2,2,2,2,2,2,2,,2.0,4,1.0,150,5,6.0,,,,,,,,,,,,,2.0,1.0,5.0,4.0,,,,,,,,,
1522,4,4,5,4,5,5,5,5,4,5,40.0,,3.0,4.0,5.0,,,,,,,,,5,1.0,,,4.0,1.0,1.0,1.0,1.0,2.0,2.0,5,2,2,3,2,6,6,6,3,1,60.0,60.0,70.0,50.0,60.0,40.0,80.0,70.0,60.0,70.0,2,2,1,1,2,1,1,2,2,1,2,1,1,2,2,2,2,2,2,2,2,1,2,2,2,2,2,2,2,2,2,1,1,2,2,2,2,2,2,2,4.0,1.0,54,1.0,120,,9.0,,,,,,,,,,,,,3.0,,,,,2.0,,,,1.0,4.0,6.0,
1523,4,4,4,2,4,2,5,2,5,3,68.0,,5.0,5.0,2.0,,,,,,,,,15,2.0,3.0,,5.0,,,,,,,7,3,2,5,7,6,5,6,2,1,47.0,34.0,55.0,14.0,45.0,23.0,77.0,33.0,82.0,46.0,2,2,2,2,2,2,2,2,1,1,2,2,2,1,1,1,1,2,1,2,1,1,2,1,2,2,2,2,1,1,1,2,2,2,2,2,2,2,2,2,5.0,1.0,50,1.0,90,,,,2.0,2.0,1.0,2.0,1.0,1.0,2.0,1.0,1.0,2.0,,3.0,,,,,1.0,,,,3.0,4.0,5.0,
1524,4,4,5,5,4,5,5,4,2,4,,2.0,3.0,5.0,3.0,5.0,2.0,8,,,2.0,5.0,5.0,,,,,,,,,,,,7,2,2,1,3,6,6,7,2,2,60.0,30.0,70.0,80.0,75.0,75.0,80.0,75.0,45.0,60.0,1,1,2,2,2,1,2,2,2,2,2,2,1,1,1,2,1,2,2,2,2,2,2,2,2,1,2,2,2,2,2,2,2,2,2,2,1,2,1,1,,,,1.0,300,10,,3.0,2.0,1.0,1.0,2.0,1.0,1.0,2.0,1.0,1.0,1.0,65.0,,,,,1.0,2.0,,,,,,,3.0
1525,3,4,3,3,3,3,4,4,3,3,30.0,,,,,6.0,,,2.0,379.7,,,,,,,,5.0,1.0,1.0,1.0,1.0,1.0,1.0,5,2,5,3,2,6,5,5,3,1,19.0,12.0,7.0,63.0,79.0,51.0,90.0,74.0,62.0,57.0,2,2,2,2,1,2,2,1,2,2,2,1,1,1,1,2,1,1,1,1,1,1,1,1,1,1,1,1,1,1,1,2,1,2,2,1,2,2,2,1,,1.0,54,,,15,9.0,,,,,,,,,,,,,2.0,,,,1.0,1.0,3.0,1.0,2.0,5.0,5.0,5.0,
1526,4,4,5,2,4,4,5,2,4,4,89.0,4.0,3.0,4.0,5.0,6.0,1.0,54,,,,,,16,2.0,,2.0,5.0,,,,,,,6,1,3,2,3,5,6,7,4,1,72.0,75.0,82.0,20.0,19.0,53.0,76.0,2.0,76.0,63.0,2,2,1,1,2,2,1,2,1,2,2,1,2,2,1,1,1,1,1,1,1,1,2,2,2,1,1,1,1,2,1,1,2,1,2,2,2,2,1,1,,,,1.0,112,,,,1.0,1.0,2.0,1.0,1.0,2.0,1.0,1.0,2.0,1.0,,,2.0,2.0,4.0,,,,,,,,,6.0
1527,5,5,5,4,5,5,5,5,2,5,,5.0,,,,6.0,,,,,,,,15,,4.0,,,,,,,,,7,1,3,3,4,6,7,7,2,2,70.0,30.0,92.0,32.0,77.0,68.0,74.0,95.0,50.0,81.0,1,1,2,2,1,2,1,1,2,2,1,2,1,2,1,2,2,2,1,1,2,1,2,2,2,2,1,1,2,2,2,1,1,1,1,1,2,1,1,1,,2.0,10,1.0,85,,,6.0,1.0,1.0,2.0,2.0,1.0,2.0,1.0,1.0,1.0,1.0,70.0,,4.0,5.0,6.0,1.0,1.0,2.0,3.0,2.0,,,,
1528,4,5,5,5,5,3,3,5,5,3,50.0,,,,,6.0,,,2.0,200,,,,,2.0,2.0,1.0,,,,,,,,7,5,6,6,5,7,7,7,1,2,60.0,60.0,60.0,51.0,52.0,39.0,56.0,60.0,57.0,52.0,2,1,2,2,1,2,1,2,2,2,2,1,1,2,2,1,2,2,2,2,2,1,2,2,2,2,1,1,2,2,2,1,1,2,2,2,2,1,2,1,,1.0,30,,,15,,5.0,1.0,1.0,2.0,1.0,1.0,1.0,2.0,1.0,2.0,1.0,,2.0,3.0,2.0,2.0,,,4.0,4.0,2.0,,,,
1529,4,4,5,4,3,5,4,5,2,3,30.0,2.0,4.0,3.0,3.0,,2.0,50,,,,,,,2.0,,2.0,,1.0,2.0,1.0,1.0,2.0,1.0,7,1,6,5,2,7,6,7,3,1,40.0,19.0,72.0,60.0,73.0,50.0,15.0,70.0,70.0,56.0,1,1,2,1,1,2,1,1,1,1,2,1,1,2,1,1,2,1,2,2,1,2,2,2,1,2,1,1,2,2,2,2,1,2,1,2,2,1,1,1,6.0,,,1.0,200,0,,4.0,,,,,,,,,,,,,,,,,,,,,3.0,3.0,6.0,4.0
1530,1,3,1,1,1,3,1,1,5,5,30.0,4.0,,,,5.0,,,,,,,,20,2.0,3.0,1.0,3.0,,,,,,,7,6,7,7,5,7,6,6,4,1,50.0,60.0,45.0,50.0,50.0,20.0,65.0,30.0,65.0,50.0,2,1,2,2,2,2,2,2,2,1,1,1,2,1,2,1,2,1,1,1,1,2,1,1,2,1,2,2,2,2,1,1,1,2,2,2,1,2,2,2,,1.0,45,1.0,300,,,,1.0,1.0,1.0,1.0,1.0,1.0,1.0,1.0,1.0,1.0,,,5.0,3.0,6.0,,,2.0,2.0,2.0,,,,
1531,5,5,5,5,4,5,5,3,1,1,56.0,,,,,6.0,,,,,1.0,5.0,6.0,15,,3.0,,5.0,,,,,,,6,2,2,3,3,5,7,5,3,2,50.0,45.0,61.0,78.0,66.0,71.0,64.0,10.0,10.0,1.0,2,1,2,2,1,1,2,2,2,1,2,2,2,1,2,2,2,1,2,1,1,1,2,2,2,2,2,2,1,1,2,2,2,2,1,2,2,1,2,1,,1.0,54,1.0,116,,,,1.0,1.0,2.0,1.0,1.0,1.0,2.0,1.0,2.0,1.0,,2.0,,,,2.0,2.0,4.0,3.0,3.0,,,,
1532,4,4,5,5,3,1,5,5,5,3,60.0,,4.0,2.0,3.0,,2.0,45,2.0,350,,,,,,,,5.0,,,,,,,6,1,2,2,5,6,6,6,3,1,70.0,76.0,84.0,77.0,71.0,53.0,100.0,93.0,62.0,59.0,1,1,1,2,2,2,1,1,2,2,1,1,2,2,2,2,2,1,1,1,2,1,1,1,2,1,2,1,2,2,1,1,1,2,2,1,1,2,1,1,6.0,,,,,18,,,1.0,1.0,1.0,1.0,1.0,2.0,1.0,1.0,2.0,1.0,,4.0,1.0,4.0,6.0,2.0,1.0,,,,,,,3.0
1533,4,4,4,5,5,4,5,5,3,5,80.0,4.0,,,,,2.0,45,2.0,330,4.0,5.0,5.0,19,1.0,,,,1.0,1.0,2.0,1.0,1.0,2.0,4,2,4,3,5,5,6,6,2,2,40.0,30.0,55.0,70.0,70.0,45.0,80.0,60.0,70.0,60.0,1,2,2,1,2,2,1,2,2,2,2,2,2,2,2,1,2,1,2,2,1,2,2,2,2,1,2,2,1,2,2,2,2,2,2,1,2,2,2,2,6.0,,,,,,4.0,6.0,,,,,,,,,,,,,,,,,1.0,2.0,4.0,2.0,,,,
1534,4,4,4,5,5,4,5,5,2,5,30.0,3.0,5.0,4.0,2.0,6.0,,,2.0,350,,,,15,,,,4.0,,,,,,,7,1,1,5,1,5,6,3,3,2,81.0,82.0,86.0,100.0,95.0,35.0,76.0,62.0,37.0,76.0,2,1,1,1,2,1,1,1,1,1,1,1,1,1,1,1,2,2,1,1,1,2,1,1,2,1,1,1,1,1,1,2,1,1,1,1,2,1,1,2,,1.0,54,,,,6.0,,1.0,1.0,1.0,1.0,2.0,2.0,1.0,1.0,2.0,1.0,,,2.0,5.0,5.0,1.0,2.0,,,,,,,
1535,3,3,2,2,4,4,5,4,5,4,84.0,,2.0,5.0,4.0,,2.0,40,1.0,1200,2.0,2.0,2.0,18,,,1.0,3.0,1.0,2.0,1.0,1.0,2.0,2.0,3,3,5,2,2,5,6,6,2,2,52.0,55.0,67.0,46.0,79.0,60.0,51.0,89.0,47.0,44.0,2,2,1,1,1,1,1,2,2,2,1,1,2,2,2,1,2,1,2,2,2,2,2,1,1,2,2,1,2,1,2,1,1,1,1,2,1,2,2,1,6.0,,,,,,,,,,,,,,,,,,,3.0,,,,1.0,,,,,,,,1.0
1536,2,4,1,3,5,5,5,5,4,2,19.0,,4.0,5.0,3.0,6.0,,,,,,,,20,,2.0,,4.0,1.0,1.0,2.0,1.0,2.0,1.0,5,4,5,5,5,6,7,7,3,1,9.0,1.0,1.0,81.0,90.0,61.0,100.0,47.0,80.0,92.0,2,2,1,2,2,1,2,1,2,2,1,2,2,2,2,2,2,2,2,2,1,2,2,2,2,2,2,2,2,1,2,2,1,2,2,2,1,2,2,1,,1.0,20,1.0,100,,,,,,,,,,,,,,,1.0,1.0,5.0,6.0,1.0,2.0,,,,,,,
1537,4,2,4,2,4,5,5,3,2,4,55.0,4.0,3.0,4.0,4.0,6.0,,,2.0,400,,,,15,,,1.0,,,,,,,,6,1,6,2,6,7,3,7,4,1,60.0,20.0,30.0,30.0,50.0,60.0,70.0,80.0,60.0,80.0,2,2,2,2,2,2,2,2,2,2,2,2,1,1,1,2,2,1,2,2,2,2,2,2,2,2,2,2,1,2,2,2,2,2,2,1,1,2,2,2,,1.0,45,,,,9.0,5.0,1.0,1.0,1.0,1.0,1.0,2.0,1.0,2.0,1.0,1.0,,,4.0,5.0,6.0,2.0,,,,,,,,
1538,4,4,5,5,5,5,5,5,3,4,,,3.0,4.0,4.0,,2.0,52,,,,,,14,,3.0,,,1.0,1.0,2.0,1.0,1.0,2.0,7,4,5,3,3,6,6,7,3,1,50.0,40.0,56.0,50.0,50.0,45.0,70.0,77.0,39.0,64.0,1,1,1,2,1,2,1,2,2,1,1,1,1,2,1,2,2,1,1,2,2,2,2,2,2,1,1,1,1,2,1,1,1,1,2,1,2,2,2,2,5.0,,,1.0,200,,,5.0,,,,,,,,,,,55.0,3.0,2.0,5.0,5.0,2.0,1.0,,,,,,,
1539,4,5,4,5,5,5,5,5,2,4,70.0,2.0,3.0,3.0,4.0,,2.0,50,2.0,300,3.0,4.0,3.0,,2.0,,1.0,,,,,,,,6,3,3,3,2,5,5,5,3,2,30.0,25.0,15.0,15.0,40.0,55.0,65.0,35.0,60.0,40.0,1,2,1,2,2,2,1,2,2,2,2,2,2,1,2,2,2,2,1,1,1,2,2,2,1,2,2,2,2,2,2,2,2,1,2,1,2,2,2,1,5.0,,,,,10,,4.0,1.0,1.0,1.0,1.0,2.0,1.0,2.0,1.0,2.0,1.0,,,,,,,,,,,,,,3.0
1540,4,3,4,4,3,4,4,3,4,4,30.0,4.0,3.0,2.0,2.0,6.0,,,,,5.0,4.0,4.0,,,,2.0,3.0,,,,,,,3,4,3,6,5,5,6,4,2,1,52.0,65.0,50.0,61.0,56.0,50.0,66.0,50.0,36.0,52.0,1,2,2,1,1,1,2,1,1,1,1,2,1,1,1,2,1,2,1,1,2,2,2,1,1,1,1,2,1,2,2,1,1,1,2,1,1,1,2,2,,1.0,50,1.0,100,12,10.0,,2.0,1.0,2.0,2.0,1.0,2.0,2.0,1.0,1.0,1.0,,,,,,1.0,,,,,,,,
1541,4,4,5,5,5,5,5,5,4,5,85.0,,,,,,2.0,50,2.0,400,,,,,2.0,,,,1.0,1.0,2.0,1.0,1.0,2.0,7,1,5,6,2,7,7,6,3,1,84.0,57.0,87.0,100.0,100.0,100.0,55.0,100.0,60.0,100.0,1,1,1,2,1,2,2,2,1,1,1,1,1,1,2,1,2,1,1,2,2,1,2,1,1,1,1,1,1,2,2,1,2,1,1,2,1,2,1,1,6.0,,,,,15,6.0,4.0,,,,,,,,,,,,4.0,,,,,2.0,4.0,2.0,3.0,4.0,5.0,6.0,
1542,1,1,1,1,3,4,3,1,5,3,87.0,5.0,4.0,3.0,3.0,6.0,1.0,80,,,,,,5,2.0,,,3.0,1.0,1.0,2.0,1.0,2.0,1.0,6,4,4,4,4,4,4,5,1,2,18.0,13.0,12.0,3.0,55.0,55.0,66.0,67.0,78.0,49.0,1,1,2,1,2,2,2,2,2,1,2,2,2,2,2,2,2,2,2,1,2,2,2,2,2,1,2,2,1,2,1,1,2,2,1,1,2,2,2,2,,,,1.0,150,,7.0,,,,,,,,,,,,,,,,,,1.0,,,,3.0,4.0,3.0,
1543,1,3,3,5,5,3,5,3,3,4,30.0,,,,,,2.0,54,,,,,,20,,3.0,2.0,5.0,1.0,1.0,1.0,1.0,2.0,2.0,6,1,1,2,2,7,7,5,2,2,10.0,10.0,10.0,60.0,50.0,15.0,100.0,38.0,20.0,53.0,1,2,1,1,1,2,1,1,2,1,2,2,1,1,2,1,1,2,1,1,1,2,1,2,2,2,2,1,2,1,1,2,1,1,2,1,1,1,1,1,6.0,,,1.0,380,,,,,,,,,,,,,,,2.0,,,,1.0,,3.0,2.0,1.0,4.0,4.0,5.0,
1544,4,5,5,5,2,5,5,1,2,2,45.0,,3.0,3.0,6.0,7.0,2.0,55,2.0,350,,,,16,2.0,,,6.0,,,,,,,6,2,2,2,3,5,7,5,4,1,51.0,60.0,63.0,69.0,58.0,77.0,84.0,76.0,49.0,30.0,2,1,2,1,1,1,1,1,2,2,2,1,1,2,2,1,2,1,1,1,1,1,2,2,2,2,1,2,2,1,2,1,1,1,1,2,2,1,1,2,,,,,,,6.0,,1.0,1.0,2.0,1.0,1.0,1.0,2.0,1.0,1.0,2.0,,1.0,5.0,5.0,6.0,,1.0,,,,,,,
1545,2,2,3,3,4,2,3,3,5,4,,4.0,,,,,,,2.0,300,2.0,4.0,4.0,20,2.0,1.0,,4.0,1.0,1.0,2.0,1.0,1.0,2.0,5,1,1,1,4,6,7,7,1,2,50.0,28.0,62.0,50.0,69.0,25.0,62.0,50.0,85.0,54.0,2,2,1,1,2,1,1,1,1,2,2,2,2,2,2,1,2,2,2,2,2,1,2,1,1,2,2,1,2,1,1,2,2,2,2,2,2,2,1,2,5.0,1.0,35,,,,,,,,,,,,,,,,70.0,,,,,,2.0,4.0,4.0,3.0,,,,
1546,5,5,5,5,5,5,5,5,1,3,,3.0,5.0,5.0,6.0,,2.0,54,2.0,380,,,,18,2.0,,,4.0,1.0,1.0,2.0,1.0,2.0,1.0,7,4,4,5,4,6,6,5,4,1,100.0,100.0,100.0,80.0,80.0,100.0,100.0,100.0,0.0,50.0,1,1,2,2,1,1,1,1,1,1,1,2,1,1,1,2,2,1,1,1,1,1,2,1,1,2,2,1,1,1,1,1,1,1,2,1,1,2,1,1,4.0,,,,,,,,,,,,,,,,,,70.0,,2.0,4.0,5.0,,2.0,,,,,,,3.0
1547,5,1,5,5,4,4,4,5,5,2,30.0,,,,,,,,2.0,300,5.0,5.0,5.0,20,,,1.0,6.0,1.0,2.0,1.0,2.0,1.0,1.0,7,1,5,5,1,5,7,7,3,2,40.0,6.0,38.0,58.0,15.0,16.0,24.0,77.0,55.0,6.0,2,2,1,2,2,1,1,1,2,1,2,2,1,2,1,2,1,2,2,2,2,1,2,2,1,1,2,2,2,1,2,2,2,2,1,2,2,1,1,2,7.0,1.0,60,,,,,,,,,,,,,,,,,6.0,,,,2.0,,1.0,3.0,2.0,,,,3.0
1548,5,5,5,5,5,5,5,5,1,5,3.0,2.0,3.0,6.0,5.0,7.0,2.0,47,,,,,,,2.0,,2.0,4.0,1.0,1.0,1.0,1.0,2.0,2.0,7,2,2,5,5,7,7,6,3,1,100.0,100.0,100.0,100.0,100.0,100.0,100.0,100.0,0.0,100.0,1,2,2,1,2,2,1,1,1,2,2,2,1,2,2,2,2,1,2,1,2,1,1,2,2,1,2,2,1,2,2,2,1,1,1,1,2,2,1,2,,,,1.0,317,3,2.0,,,,,,,,,,,,,,,,,,,,,,1.0,5.0,6.0,
1549,4,5,4,4,4,5,4,5,2,4,67.0,,,,,,,,2.0,750,,,,13,2.0,,1.0,,,,,,,,7,1,5,5,2,6,7,7,3,1,28.0,44.0,36.0,67.0,58.0,29.0,37.0,62.0,60.0,70.0,1,1,1,2,1,2,2,2,2,2,1,1,2,1,1,2,2,1,1,2,1,2,2,2,2,2,2,2,2,1,1,2,1,2,2,2,1,1,1,2,6.0,2.0,7,,,,,4.0,1.0,1.0,1.0,2.0,1.0,1.0,1.0,2.0,2.0,1.0,,2.0,,,,,,3.0,4.0,2.0,2.0,4.0,5.0,3.0
1550,5,5,4,5,4,5,5,5,1,3,,4.0,3.0,3.0,4.0,6.0,,,1.0,1200,,,,15,2.0,,,4.0,1.0,1.0,1.0,1.0,1.0,1.0,7,3,6,6,5,5,5,6,3,2,55.0,46.0,52.0,65.0,60.0,48.0,64.0,64.0,51.0,44.0,1,1,1,2,1,2,2,2,1,1,1,1,2,1,1,2,2,2,1,2,1,1,1,2,2,1,2,2,2,1,1,2,1,1,1,2,2,1,1,2,,2.0,10,,,,4.0,,,,,,,,,,,,70.0,,,,,,2.0,,,,3.0,5.0,4.0,
1551,4,5,5,5,5,5,5,5,1,3,,,,,,6.0,1.0,74,,,,,,20,2.0,,2.0,6.0,1.0,1.0,1.0,1.0,2.0,2.0,7,5,4,4,3,5,6,6,3,1,35.0,60.0,55.0,80.0,80.0,75.0,75.0,70.0,40.0,50.0,2,2,2,2,2,1,1,1,2,2,2,1,1,2,2,2,2,2,2,1,2,2,2,1,2,2,2,2,2,2,2,2,2,1,2,2,2,2,1,1,,,,1.0,165,,7.0,,,,,,,,,,,,99.0,2.0,4.0,5.0,6.0,,,5.0,4.0,3.0,,,,
1552,2,2,4,2,4,1,3,4,4,4,65.0,,,,,,2.0,50,,,,,,20,2.0,,,,2.0,1.0,1.0,1.0,2.0,1.0,7,1,5,4,3,6,5,5,2,1,60.0,40.0,55.0,65.0,65.0,35.0,55.0,80.0,55.0,55.0,2,1,2,1,2,2,1,2,2,2,2,2,2,1,1,1,2,2,2,1,2,2,1,1,2,2,2,2,2,2,2,1,2,1,2,2,2,1,2,2,5.0,,,1.0,150,,10.0,4.0,,,,,,,,,,,,1.0,5.0,5.0,4.0,,2.0,3.0,3.0,3.0,,,,
1553,1,2,1,1,1,2,1,1,5,3,20.0,,3.0,2.0,2.0,,2.0,50,1.0,1005,,,,15,2.0,,,6.0,,,,,,,6,2,4,4,6,7,6,6,3,2,5.0,14.0,3.0,3.0,23.0,30.0,7.0,50.0,96.0,20.0,2,1,1,2,1,2,2,1,2,1,1,2,2,2,1,2,1,2,1,2,2,2,1,1,2,2,2,2,1,2,2,2,1,2,1,1,2,1,2,2,5.0,,,,,,,,1.0,1.0,1.0,2.0,2.0,1.0,1.0,1.0,1.0,1.0,,2.0,1.0,5.0,4.0,,2.0,,,,,,,1.0
1554,3,2,2,3,4,1,4,2,4,4,,,6.0,1.0,1.0,,,,2.0,170,1.0,4.0,6.0,,,,,6.0,,,,,,,5,1,5,5,5,6,5,5,3,1,20.0,20.0,5.0,60.0,50.0,5.0,69.0,10.0,60.0,70.0,2,2,2,2,1,2,2,1,2,2,1,1,2,2,2,2,1,2,2,2,1,1,2,2,2,2,2,2,1,2,2,2,1,1,2,1,1,2,1,2,6.0,1.0,25,,,15,,,1.0,1.0,1.0,1.0,1.0,1.0,1.0,1.0,1.0,1.0,90.0,1.0,,,,1.0,2.0,,,,,,,4.0
1555,4,4,4,4,4,4,3,5,2,4,,4.0,4.0,4.0,4.0,6.0,,,,,2.0,4.0,5.0,0,1.0,1.0,1.0,,,,,,,,5,2,5,4,4,7,5,5,2,1,60.0,45.0,50.0,45.0,50.0,45.0,55.0,62.0,41.0,41.0,2,2,1,2,2,2,2,2,2,1,2,2,2,2,2,1,2,2,2,2,1,2,2,2,2,2,2,1,1,2,2,2,2,2,2,2,2,2,2,2,,1.0,50,1.0,260,,,4.0,1.0,1.0,1.0,1.0,1.0,1.0,1.0,1.0,1.0,1.0,70.0,,,,,,,,,,,,,
1556,4,5,5,5,4,5,5,5,1,4,30.0,,,,,6.0,1.0,67,2.0,600,,,,9,,,,,1.0,1.0,1.0,2.0,2.0,2.0,7,2,6,6,5,6,7,7,3,2,38.0,5.0,22.0,37.0,43.0,48.0,42.0,24.0,37.0,36.0,1,2,1,1,1,1,1,2,2,1,2,2,1,1,1,1,1,2,2,1,1,1,2,1,1,1,2,1,2,1,1,1,1,1,1,1,2,2,1,1,,,,,,,10.0,6.0,,,,,,,,,,,,2.0,,,,1.0,1.0,5.0,5.0,4.0,3.0,5.0,6.0,
1557,5,5,5,5,5,4,4,5,4,1,30.0,1.0,,,,6.0,2.0,28,2.0,650,,,,15,2.0,,,,,,,,,,7,3,6,5,2,5,5,5,3,2,60.0,25.0,70.0,80.0,75.0,60.0,75.0,80.0,75.0,25.0,2,1,2,1,2,2,2,2,1,2,2,2,1,1,1,1,1,2,1,1,1,1,2,1,2,1,1,2,2,1,2,2,1,2,1,1,1,1,1,1,,,,,,,,4.0,1.0,1.0,1.0,1.0,1.0,1.0,1.0,1.0,1.0,1.0,,,,,,,2.0,3.0,3.0,2.0,2.0,5.0,6.0,2.0
1558,1,1,1,1,1,1,1,1,5,3,,,2.0,5.0,2.0,5.0,,,,,,,,,2.0,1.0,2.0,,,,,,,,3,1,6,6,3,5,2,2,2,1,22.0,34.0,22.0,44.0,44.0,42.0,56.0,55.0,60.0,48.0,1,1,1,2,1,2,1,1,1,1,1,2,2,1,2,2,2,2,1,1,1,1,2,1,2,2,1,1,2,1,2,1,1,2,1,1,1,2,1,2,,1.0,32,1.0,150,18,,2.0,1.0,1.0,2.0,1.0,1.0,2.0,1.0,1.0,2.0,1.0,70.0,1.0,,,,,,,,,1.0,1.0,6.0,
1559,3,3,3,4,3,4,3,4,3,4,,,1.0,1.0,1.0,5.0,2.0,50,2.0,500,,,,16,1.0,,,,2.0,1.0,2.0,1.0,1.0,1.0,6,6,2,1,1,2,6,7,3,1,21.0,61.0,35.0,63.0,64.0,29.0,45.0,79.0,40.0,61.0,2,1,2,2,1,2,1,2,1,2,2,2,1,2,1,1,2,1,2,2,2,1,1,2,2,2,2,2,1,1,2,2,1,2,2,1,1,2,2,2,,,,,,,,5.0,,,,,,,,,,,81.0,3.0,5.0,3.0,4.0,,2.0,,,,,,,3.0
1560,1,3,2,1,4,2,3,1,5,3,,,3.0,4.0,3.0,,,,1.0,1200,,,,,,2.0,,,1.0,1.0,1.0,1.0,1.0,1.0,6,2,4,5,2,5,4,3,1,1,30.0,55.0,45.0,40.0,60.0,20.0,65.0,55.0,70.0,35.0,1,2,2,2,2,2,2,2,2,2,2,2,2,2,2,2,2,2,1,2,2,2,1,2,2,1,2,2,1,2,1,1,2,1,2,1,2,2,2,1,3.0,1.0,17,,,15,,4.0,,,,,,,,,,,80.0,3.0,5.0,4.0,2.0,1.0,2.0,,,,,,,
1561,5,5,4,5,5,5,5,5,2,4,1.0,4.0,2.0,3.0,3.0,,2.0,7,2.0,510,,,,,,2.0,,6.0,,,,,,,6,2,5,5,5,6,7,6,4,2,36.0,57.0,42.0,66.0,73.0,48.0,78.0,85.0,51.0,58.0,2,1,2,1,1,1,2,2,2,1,1,1,2,2,1,1,1,1,1,2,2,2,1,1,2,2,2,1,1,1,1,1,1,2,2,1,1,2,2,2,6.0,,,,,18,,,1.0,2.0,1.0,1.0,1.0,2.0,1.0,1.0,2.0,1.0,,,,,,2.0,2.0,,,,4.0,5.0,6.0,
1562,4,4,4,5,4,4,4,5,2,4,,,,,,,2.0,50,,,1.0,4.0,3.0,10,,3.0,2.0,,1.0,1.0,2.0,1.0,2.0,1.0,6,7,3,3,3,5,5,5,3,2,54.0,46.0,58.0,46.0,48.0,64.0,74.0,85.0,36.0,58.0,2,2,2,2,2,2,1,1,2,2,1,2,2,2,1,2,2,2,1,1,2,2,2,2,2,2,1,2,2,2,1,1,1,2,1,1,1,2,1,2,6.0,,,1.0,100,,,4.0,,,,,,,,,,,70.0,3.0,,,,1.0,,3.0,3.0,3.0,,,,
1563,4,3,4,5,4,5,5,5,3,4,100.0,,3.0,5.0,3.0,5.0,,,2.0,600,,,,20,,2.0,1.0,6.0,,,,,,,6,1,2,3,2,5,6,6,3,1,40.0,40.0,30.0,50.0,63.0,50.0,50.0,50.0,50.0,50.0,1,2,2,1,1,1,2,1,1,2,2,2,1,2,2,2,1,2,2,2,1,1,1,1,2,1,2,1,1,2,1,2,1,2,1,2,1,1,1,2,,1.0,20,,,,,,1.0,1.0,1.0,2.0,1.0,1.0,2.0,1.0,2.0,1.0,,1.0,,,,2.0,,,,,3.0,5.0,6.0,
1564,4,5,5,5,4,4,5,5,1,5,,,,,,7.0,2.0,54,2.0,50,1.0,5.0,6.0,20,,10.0,2.0,,,,,,,,7,1,2,2,1,7,7,7,4,2,50.0,50.0,70.0,80.0,75.0,50.0,80.0,70.0,50.0,75.0,2,1,2,1,1,1,1,2,1,1,1,1,2,1,2,2,1,1,1,2,1,1,2,2,2,1,2,1,2,1,2,2,1,1,2,1,1,2,1,2,,,,,,,,6.0,1.0,1.0,1.0,1.0,1.0,1.0,1.0,2.0,2.0,2.0,70.0,5.0,,,,1.0,,6.0,2.0,4.0,,,,
1565,2,2,2,4,5,4,4,2,4,4,30.0,,3.0,3.0,3.0,,2.0,30,2.0,700,,,,,1.0,,1.0,,1.0,1.0,1.0,1.0,1.0,1.0,7,3,6,5,3,3,3,3,1,1,40.0,30.0,40.0,24.0,47.0,25.0,55.0,15.0,60.0,67.0,2,1,2,1,2,1,2,2,2,2,2,1,2,2,2,2,2,2,2,2,2,1,1,2,2,2,2,2,2,1,2,2,2,2,2,2,2,2,2,2,3.0,,,,,15,,5.0,,,,,,,,,,,,2.0,4.0,5.0,4.0,,,,,,,,,3.0
1566,4,4,4,3,4,3,5,5,4,3,,,4.0,5.0,3.0,5.0,2.0,54,,,,,,,2.0,,,,1.0,1.0,1.0,1.0,2.0,2.0,7,2,5,5,2,7,7,7,2,1,40.0,50.0,35.0,75.0,60.0,60.0,92.0,76.0,66.0,32.0,1,2,2,1,1,2,1,2,2,1,1,2,2,2,2,2,2,2,2,2,2,2,1,1,2,2,1,1,2,1,1,2,2,2,1,2,2,2,1,2,,,,1.0,95,13,9.0,3.0,,,,,,,,,,,70.0,3.0,,,,,2.0,,,,2.0,5.0,5.0,
1567,5,5,5,5,5,5,5,5,2,2,30.0,,,,,,2.0,55,,,5.0,5.0,5.0,20,2.0,2.0,2.0,,,,,,,,7,2,4,4,2,6,7,7,4,2,100.0,100.0,100.0,100.0,100.0,100.0,100.0,100.0,0.0,9.0,2,2,1,2,2,2,2,1,2,2,2,2,1,2,2,1,1,2,2,1,2,2,2,2,1,1,2,2,2,1,2,1,2,2,1,2,2,2,2,2,6.0,,,2.0,75,,,4.0,1.0,1.0,1.0,1.0,1.0,1.0,1.0,1.0,1.0,1.0,,3.0,,,,,,3.0,3.0,3.0,,,,
1568,1,3,4,4,4,2,5,4,4,3,20.0,,,,,,,,1.0,1200,,,,,,,1.0,,,,,,,,6,3,2,5,7,7,6,6,3,1,30.0,15.0,30.0,60.0,30.0,9.0,85.0,40.0,80.0,19.0,1,1,1,2,2,1,1,2,1,1,1,1,2,1,2,2,1,1,2,1,1,1,1,2,2,1,2,2,1,2,1,1,1,2,1,1,1,1,1,2,2.0,2.0,8,,,10,,6.0,1.0,2.0,2.0,1.0,1.0,1.0,1.0,2.0,2.0,2.0,,4.0,,,,1.0,,3.0,3.0,2.0,2.0,4.0,5.0,3.0
1569,2,4,4,5,4,1,5,5,5,4,70.0,4.0,3.0,2.0,4.0,,,,2.0,300,2.0,4.0,5.0,16,2.0,4.0,1.0,6.0,,,,,,,5,1,5,4,5,6,7,7,1,2,72.0,92.0,98.0,100.0,68.0,0.0,100.0,100.0,100.0,80.0,1,1,1,2,1,1,2,2,2,2,2,2,1,1,1,1,1,1,2,1,1,1,2,2,1,1,1,1,1,2,1,1,1,1,1,2,1,1,1,1,5.0,1.0,50,,,,,,1.0,1.0,1.0,1.0,2.0,1.0,1.0,1.0,2.0,1.0,,,,,,,,,,,,,,
1570,4,4,5,5,5,4,5,5,3,1,,5.0,4.0,4.0,4.0,7.0,1.0,120,,,,,,,,3.0,,,,,,,,,7,1,5,5,1,7,5,5,3,1,49.0,51.0,48.0,25.0,32.0,50.0,58.0,57.0,49.0,18.0,2,2,1,2,1,2,1,1,1,2,1,2,1,2,1,1,1,2,1,2,2,2,2,1,2,2,2,1,1,2,1,1,1,2,1,2,1,1,2,1,,,,1.0,300,4,,2.0,1.0,1.0,1.0,1.0,1.0,1.0,1.0,1.0,1.0,1.0,70.0,,2.0,5.0,6.0,1.0,2.0,,,,,,,
1571,3,2,1,4,5,1,4,2,5,3,30.0,6.0,4.0,4.0,3.0,6.0,2.0,10,2.0,500,1.0,1.0,3.0,18,1.0,1.0,,1.0,,,,,,,7,1,2,3,2,5,7,6,1,1,65.0,32.0,30.0,40.0,50.0,18.0,71.0,36.0,84.0,69.0,2,2,2,2,2,1,1,2,2,2,1,2,2,1,2,2,2,1,2,1,2,1,2,2,2,2,2,2,1,1,2,2,2,2,1,1,2,2,1,2,,,,,,,,,1.0,1.0,1.0,1.0,1.0,1.0,1.0,1.0,1.0,1.0,,,,,,,2.0,,,,,,,
1572,4,4,5,5,3,5,5,5,1,3,30.0,,3.0,3.0,3.0,,,,2.0,800,2.0,5.0,6.0,19,,,2.0,5.0,2.0,1.0,1.0,2.0,1.0,1.0,7,2,3,3,2,7,6,6,3,1,32.0,24.0,49.0,49.0,59.0,67.0,77.0,51.0,63.0,53.0,1,2,2,2,1,2,2,1,2,2,2,1,1,2,2,2,2,2,2,2,2,2,2,1,2,1,2,2,2,2,2,2,2,1,1,2,2,1,1,1,6.0,1.0,27,,,,,,,,,,,,,,,,,3.0,,,,2.0,,,,,,,,3.0
1573,5,4,4,5,4,5,5,5,3,5,,3.0,,,,6.0,2.0,40,2.0,200,,,,,,,2.0,4.0,1.0,1.0,2.0,1.0,1.0,2.0,6,2,6,6,1,6,6,6,3,2,93.0,92.0,53.0,98.0,81.0,45.0,98.0,98.0,10.0,84.0,2,1,1,2,1,1,1,1,1,1,1,1,2,1,1,2,2,2,1,1,1,1,2,1,2,2,2,1,1,1,1,1,2,1,2,1,2,1,1,1,,,,,,20,10.0,,,,,,,,,,,,70.0,,,,,1.0,,3.0,3.0,3.0,3.0,5.0,2.0,
1574,4,4,5,4,4,2,5,4,4,2,90.0,2.0,,,,4.0,,,2.0,340,,,,,1.0,2.0,1.0,4.0,,,,,,,7,1,6,6,3,5,4,5,3,1,34.0,27.0,45.0,48.0,49.0,55.0,79.0,55.0,41.0,47.0,1,1,1,2,2,1,2,2,1,1,1,1,2,1,2,1,2,2,2,1,1,2,1,2,1,1,2,2,1,1,2,2,1,2,2,1,2,2,1,2,,1.0,34,,,16,,,1.0,1.0,1.0,1.0,1.0,1.0,1.0,1.0,1.0,1.0,,,2.0,1.0,4.0,,,4.0,5.0,2.0,,,,
1575,3,4,3,5,4,4,5,3,3,4,70.0,3.0,,,,,2.0,30,,,,,,10,,,1.0,,,,,,,,7,1,2,4,1,6,6,4,4,2,20.0,60.0,20.0,75.0,49.0,35.0,49.0,26.0,40.0,75.0,2,1,2,2,2,1,1,2,1,1,2,2,1,1,2,2,2,1,2,1,2,2,1,1,2,2,2,1,1,1,2,1,1,2,2,2,1,1,2,1,3.0,,,1.0,120,,4.0,5.0,1.0,1.0,1.0,2.0,1.0,1.0,2.0,1.0,1.0,1.0,,,3.0,3.0,4.0,1.0,,3.0,2.0,1.0,,,,
1576,2,1,4,5,4,5,3,4,1,1,,,5.0,5.0,5.0,6.0,2.0,35,2.0,300,,,,,2.0,,,,,,,,,,3,1,6,6,2,5,3,2,4,1,36.0,34.0,76.0,50.0,27.0,62.0,74.0,84.0,50.0,13.0,1,2,1,1,2,2,2,1,2,1,1,2,2,2,1,1,1,1,2,1,2,1,2,2,1,1,2,2,2,2,1,1,2,2,1,1,2,2,1,2,,,,,,20,,5.0,1.0,1.0,1.0,1.0,1.0,1.0,1.0,1.0,1.0,1.0,89.0,1.0,,,,,2.0,,,,5.0,1.0,1.0,1.0
1577,4,3,4,5,4,4,3,4,3,4,,4.0,4.0,5.0,5.0,,,,,,,,,5,,,,4.0,,,,,,,6,4,5,5,3,6,5,5,4,1,82.0,62.0,59.0,61.0,63.0,59.0,57.0,81.0,51.0,65.0,1,1,1,2,2,2,2,2,1,1,2,1,1,1,1,1,1,2,1,2,2,1,2,1,1,1,1,1,1,1,2,2,1,1,1,1,1,1,1,1,6.0,1.0,13,1.0,145,,7.0,,1.0,1.0,1.0,2.0,2.0,1.0,1.0,2.0,1.0,1.0,70.0,,,,,1.0,2.0,,,,3.0,3.0,5.0,
1578,4,2,5,4,5,2,5,4,5,5,87.0,2.0,,,,,,,2.0,400,,,,20,2.0,,,,1.0,1.0,1.0,1.0,1.0,1.0,7,1,5,3,2,5,6,7,4,1,17.0,3.0,35.0,43.0,67.0,38.0,73.0,63.0,87.0,96.0,2,1,2,1,1,1,2,2,2,2,1,2,1,2,1,1,2,2,2,2,2,1,2,2,2,2,1,1,2,2,2,2,2,1,2,2,1,2,1,1,3.0,1.0,34,,,,10.0,6.0,,,,,,,,,,,,,1.0,5.0,6.0,,2.0,5.0,4.0,2.0,,,,
1579,2,2,2,2,4,2,3,3,5,3,,6.0,,,,7.0,,,,,4.0,5.0,6.0,,,2.0,,,,,,,,,6,3,5,6,5,5,5,5,1,2,62.0,50.0,83.0,50.0,51.0,36.0,77.0,52.0,79.0,73.0,2,1,1,2,2,1,2,2,2,1,2,1,2,2,1,2,1,2,1,2,1,1,1,1,1,1,2,1,2,1,2,2,1,1,1,2,1,2,2,2,,2.0,8,2.0,70,10,,5.0,1.0,1.0,1.0,1.0,1.0,1.0,1.0,1.0,1.0,1.0,62.0,,,,,1.0,2.0,4.0,4.0,3.0,,,,
1580,5,5,5,5,4,5,5,5,1,3,30.0,,,,,,2.0,40,,,4.0,4.0,5.0,5,1.0,1.0,,4.0,1.0,1.0,2.0,2.0,1.0,1.0,7,1,1,2,2,6,7,6,3,2,60.0,49.0,67.0,56.0,71.0,46.0,66.0,53.0,58.0,38.0,1,2,1,2,2,1,1,2,1,2,1,1,2,1,1,1,1,1,2,1,2,2,1,1,1,2,1,1,1,1,2,2,1,1,1,1,1,1,1,2,3.0,,,1.0,100,,,,,,,,,,,,,,,3.0,,,,,2.0,3.0,4.0,4.0,,,,
1581,5,5,4,5,4,5,5,5,2,5,,2.0,,,,6.0,2.0,60,2.0,420,,,,15,1.0,,,6.0,,,,,,,5,1,6,5,1,7,5,5,1,2,50.0,40.0,10.0,70.0,45.0,50.0,80.0,75.0,10.0,60.0,2,1,2,1,1,1,2,2,1,2,1,2,2,1,1,2,1,2,1,2,1,1,1,1,1,1,2,1,1,1,1,1,1,1,1,1,1,1,1,1,,,,,,,10.0,,1.0,1.0,2.0,1.0,2.0,1.0,1.0,1.0,2.0,1.0,70.0,,,,,,2.0,3.0,2.0,2.0,4.0,5.0,6.0,
1582,5,4,5,4,3,4,3,4,5,4,,,5.0,4.0,5.0,,1.0,65,,,4.0,4.0,4.0,,2.0,2.0,1.0,,,,,,,,6,5,6,7,6,5,6,7,4,2,62.0,54.0,63.0,49.0,61.0,68.0,50.0,50.0,64.0,73.0,1,2,1,2,1,2,1,1,1,1,1,1,1,2,1,2,1,2,1,1,2,1,2,1,2,1,2,1,2,1,2,1,1,2,1,2,2,1,2,2,4.0,,,1.0,112,15,,4.0,2.0,1.0,2.0,2.0,1.0,2.0,2.0,1.0,2.0,2.0,64.0,5.0,,,,,,,,,,,,
1583,3,3,3,4,3,3,4,3,3,3,70.0,,,,,6.0,,,2.0,500,1.0,4.0,1.0,5,1.0,,,,1.0,1.0,2.0,1.0,1.0,1.0,7,2,4,5,2,5,4,4,3,1,50.0,50.0,35.0,100.0,50.0,30.0,66.0,33.0,50.0,75.0,1,1,1,1,1,2,2,2,1,2,1,2,2,2,1,2,2,1,2,2,1,2,2,2,2,2,2,1,2,2,1,2,2,1,2,1,2,2,2,1,,1.0,50,,,,6.0,4.0,,,,,,,,,,,,2.0,,,,,2.0,4.0,3.0,1.0,,,,
1584,5,5,5,5,5,4,5,5,5,5,30.0,,,,,6.0,2.0,45,,,,,,,,,,6.0,,,,,,,7,1,6,6,5,7,6,5,3,2,70.0,15.0,15.0,20.0,25.0,10.0,60.0,40.0,60.0,60.0,1,1,1,1,2,1,2,2,2,2,2,2,2,1,1,2,2,1,2,2,1,2,2,1,2,1,2,1,1,2,2,1,2,2,2,2,1,1,2,1,,,,2.0,100,10,,,1.0,1.0,1.0,1.0,1.0,1.0,1.0,2.0,2.0,2.0,,2.0,,,,1.0,2.0,3.0,3.0,3.0,3.0,5.0,4.0,5.0
1585,1,1,1,4,3,1,2,1,5,4,,,3.0,4.0,3.0,,,,,,,,,,2.0,,2.0,,1.0,1.0,1.0,1.0,1.0,1.0,7,5,5,5,3,5,4,5,3,1,10.0,10.0,10.0,30.0,70.0,20.0,100.0,70.0,75.0,75.0,1,2,1,2,2,1,2,1,2,1,1,1,1,2,1,1,1,2,2,2,1,1,1,1,2,1,1,1,1,1,1,2,2,1,2,2,1,1,1,1,6.0,1.0,55,1.0,360,0,,4.0,,,,,,,,,,,70.0,5.0,,,,,,,,,4.0,5.0,3.0,1.0
1586,4,4,5,5,4,5,5,4,1,1,58.0,4.0,,,,5.0,1.0,71,,,,,,15,,,2.0,3.0,,,,,,,7,2,7,6,6,7,5,6,2,1,39.0,31.0,56.0,50.0,56.0,36.0,67.0,60.0,47.0,26.0,2,2,1,2,2,1,1,1,1,2,1,1,2,1,2,2,1,1,2,1,1,2,2,1,1,2,2,1,1,1,2,1,2,1,1,2,1,1,1,2,,,,1.0,150,,3.0,,1.0,2.0,1.0,1.0,2.0,1.0,2.0,1.0,1.0,1.0,,,,,,1.0,,3.0,4.0,2.0,1.0,2.0,5.0,
1587,4,4,4,5,4,5,5,4,1,3,,,,,,,,,,,,,,,,,1.0,,1.0,1.0,2.0,1.0,1.0,2.0,7,4,1,1,3,5,7,7,1,1,81.0,68.0,79.0,92.0,62.0,68.0,84.0,68.0,60.0,62.0,2,2,1,2,2,1,2,2,1,2,2,2,2,2,2,2,2,2,2,2,1,1,2,2,2,1,2,2,2,2,2,2,2,1,2,2,2,1,1,2,4.0,2.0,9,1.0,115,10,,4.0,,,,,,,,,,,75.0,2.0,,,,2.0,,2.0,5.0,2.0,3.0,4.0,3.0,1.0
1588,5,5,5,5,5,5,5,5,5,3,,,,,,,1.0,78,1.0,1150,2.0,5.0,1.0,,,,,6.0,1.0,1.0,1.0,1.0,2.0,2.0,7,5,6,6,6,7,7,7,1,2,60.0,40.0,30.0,50.0,50.0,30.0,30.0,90.0,50.0,25.0,2,2,1,2,1,1,1,1,2,1,1,2,2,2,1,1,1,1,1,1,2,1,2,2,1,2,1,1,2,1,1,1,1,1,1,1,1,1,2,1,6.0,,,,,15,10.0,,,,,,,,,,,,90.0,4.0,,,,1.0,2.0,5.0,6.0,3.0,,,,
1589,4,2,2,4,5,4,2,4,4,4,30.0,3.0,2.0,1.0,1.0,,2.0,27,,,1.0,2.0,4.0,15,,,1.0,,1.0,1.0,1.0,1.0,1.0,1.0,6,2,6,7,2,6,3,2,3,1,52.0,22.0,14.0,45.0,68.0,40.0,72.0,53.0,70.0,30.0,2,1,2,1,2,2,2,2,2,2,1,2,2,2,2,2,2,2,2,2,2,2,2,2,2,2,2,1,2,2,1,2,1,2,2,2,2,2,2,2,7.0,,,2.0,72,,,3.0,,,,,,,,,,,,,,,,1.0,,,,,,,,4.0
1590,4,5,3,5,3,5,5,5,2,3,30.0,,,,,,1.0,70,,,4.0,5.0,6.0,,2.0,2.0,,6.0,1.0,1.0,2.0,1.0,1.0,2.0,5,1,6,7,2,5,4,5,3,2,90.0,70.0,100.0,85.0,50.0,30.0,75.0,100.0,20.0,11.0,1,1,2,1,1,1,1,1,1,1,1,1,1,2,2,1,1,1,1,1,2,1,1,2,1,1,1,1,1,1,1,1,2,1,1,1,1,2,1,1,6.0,,,1.0,380,15,,,,,,,,,,,,,,1.0,,,,,2.0,3.0,2.0,4.0,,,,
1591,4,4,4,4,4,5,5,5,3,4,,5.0,3.0,2.0,4.0,,1.0,70,,,,,,20,,,,4.0,,,,,,,7,1,4,5,5,6,7,5,3,1,30.0,35.0,39.0,35.0,21.0,20.0,50.0,30.0,35.0,33.0,1,1,1,2,1,1,1,2,2,1,1,2,2,2,1,2,2,2,2,2,2,2,2,2,1,2,2,2,2,2,2,2,2,2,2,1,1,2,2,2,4.0,,,1.0,87,,,,1.0,1.0,2.0,1.0,1.0,1.0,1.0,2.0,2.0,1.0,30.0,,,,,1.0,2.0,,,,4.0,5.0,6.0,3.0
1592,4,4,4,4,4,4,3,4,4,4,80.0,,2.0,3.0,4.0,,,,,,,,,10,1.0,,,,,,,,,,6,2,3,2,1,7,7,5,4,2,47.0,52.0,65.0,54.0,57.0,62.0,44.0,39.0,70.0,62.0,2,2,1,1,1,2,2,1,1,1,1,1,1,1,1,2,1,1,1,1,1,2,1,1,1,1,1,2,1,1,1,1,2,2,1,2,2,2,1,1,2.0,1.0,15,2.0,75,,,5.0,1.0,2.0,2.0,1.0,2.0,1.0,1.0,2.0,1.0,1.0,,3.0,4.0,5.0,5.0,,2.0,,,,,,,2.0
1593,4,1,4,5,4,5,5,5,2,4,29.0,5.0,,,,,1.0,110,1.0,1050,,,,17,,,2.0,2.0,1.0,1.0,2.0,1.0,2.0,1.0,7,3,1,3,3,5,6,6,3,1,33.0,12.0,75.0,65.0,88.0,67.0,94.0,86.0,45.0,51.0,1,2,1,1,2,2,1,2,2,1,2,1,1,1,2,1,1,2,2,1,2,1,1,1,2,2,2,1,2,2,2,2,2,1,2,2,1,1,1,1,6.0,,,,,,7.0,,,,,,,,,,,,,,5.0,4.0,6.0,1.0,,5.0,5.0,3.0,,,,
1594,5,4,5,3,4,3,5,4,5,5,,4.0,,,,6.0,2.0,54,,,,,,20,2.0,3.0,,,1.0,1.0,1.0,1.0,2.0,2.0,6,2,4,5,2,7,7,5,3,1,75.0,59.0,82.0,50.0,55.0,50.0,77.0,61.0,65.0,70.0,2,2,2,1,1,1,1,1,1,1,2,1,2,1,1,1,1,1,1,2,1,2,1,1,1,1,1,1,1,2,1,1,1,1,1,1,1,1,2,1,,,,1.0,350,,,4.0,,,,,,,,,,,70.0,,2.0,5.0,5.0,,2.0,5.0,4.0,2.0,,,,
1595,3,4,4,5,4,3,5,4,3,4,90.0,4.0,4.0,3.0,2.0,5.0,,,,,3.0,3.0,3.0,18,1.0,4.0,,4.0,1.0,1.0,2.0,1.0,2.0,1.0,6,4,4,4,4,6,5,5,2,1,50.0,30.0,55.0,70.0,50.0,42.0,50.0,80.0,28.0,30.0,2,2,2,2,2,1,2,2,2,1,1,1,2,2,1,1,2,1,2,2,1,2,1,2,2,1,2,1,2,2,2,2,1,2,1,1,1,2,1,1,,1.0,50,1.0,380,,,,,,,,,,,,,,,,,,,,1.0,,,,,,,
1596,5,5,5,3,5,5,5,5,4,3,80.0,,4.0,4.0,4.0,6.0,,,1.0,1300,,,,15,2.0,,,,,,,,,,7,3,4,3,2,7,7,6,4,1,60.0,55.0,60.0,70.0,70.0,45.0,90.0,80.0,55.0,55.0,2,2,1,2,1,2,2,2,2,2,2,2,2,1,1,1,1,1,1,2,2,2,2,2,2,2,2,2,1,2,2,2,2,2,1,2,2,2,2,2,,2.0,8,,,,9.0,6.0,1.0,1.0,1.0,1.0,1.0,2.0,2.0,2.0,2.0,2.0,,2.0,5.0,5.0,4.0,,2.0,,,,,,,
1597,2,3,4,4,5,1,5,4,1,3,,,3.0,3.0,3.0,,,,,,,,,,2.0,,,,1.0,1.0,1.0,1.0,1.0,1.0,5,1,5,1,3,7,5,6,2,1,8.0,54.0,93.0,80.0,89.0,8.0,94.0,73.0,92.0,27.0,2,1,2,1,2,2,2,2,1,2,2,2,2,2,2,2,1,2,2,2,1,2,2,2,2,2,1,2,2,2,1,2,2,2,2,2,2,2,2,2,4.0,1.0,0,1.0,150,1,,3.0,,,,,,,,,,,70.0,2.0,,,,,2.0,,,,2.0,4.0,4.0,2.0
1598,4,5,5,4,5,5,2,5,4,5,40.0,5.0,3.0,3.0,3.0,7.0,2.0,35,2.0,100,5.0,5.0,5.0,1,,,1.0,,,,,,,,7,2,6,6,5,7,6,5,4,2,60.0,65.0,65.0,45.0,51.0,45.0,51.0,51.0,85.0,70.0,1,1,1,1,1,2,1,2,1,1,2,1,2,1,1,2,2,1,2,1,2,1,2,1,1,2,2,1,2,2,2,2,2,2,1,2,2,2,2,2,,,,,,,,6.0,1.0,1.0,1.0,1.0,1.0,1.0,1.0,1.0,1.0,1.0,,,,,,1.0,,,,,,,,4.0
1599,1,3,1,4,4,1,5,1,5,5,,1.0,,,,,,,,,,,,,,,1.0,1.0,1.0,1.0,2.0,1.0,1.0,2.0,6,4,5,6,3,6,3,3,1,1,27.0,38.0,28.0,88.0,62.0,37.0,52.0,76.0,54.0,78.0,1,2,2,1,1,2,1,2,1,1,1,2,1,1,2,1,2,2,1,2,1,2,2,2,2,2,2,2,2,1,2,2,2,2,1,2,1,2,1,2,3.0,2.0,11,1.0,112,20,10.0,,,,,,,,,,,,70.0,,,,,1.0,,3.0,3.0,3.0,1.0,5.0,6.0,
1600,4,4,5,5,3,5,5,5,3,5,30.0,,2.0,2.0,4.0,,,,,,1.0,4.0,5.0,10,2.0,,,3.0,1.0,1.0,2.0,1.0,2.0,1.0,6,1,1,2,1,6,6,5,3,2,66.0,63.0,65.0,73.0,59.0,55.0,83.0,71.0,36.0,48.0,2,2,1,2,1,2,2,1,1,1,1,1,2,1,1,2,2,1,1,2,1,1,2,1,1,1,2,2,2,1,2,1,1,2,2,1,1,2,2,2,6.0,1.0,23,1.0,102,,10.0,,,,,,,,,,,,,3.0,,,,,2.0,,,,,,,
1601,4,3,5,3,5,2,5,1,5,5,92.0,,,,,,2.0,52,2.0,350,,,,,1.0,2.0,1.0,,,,,,,,7,1,7,7,1,7,7,7,1,1,90.0,65.0,90.0,55.0,95.0,45.0,95.0,90.0,95.0,95.0,1,2,1,2,2,1,2,1,1,2,2,2,1,1,2,2,1,2,1,1,1,1,2,1,2,2,2,1,2,2,2,1,2,2,1,1,2,2,1,2,6.0,,,,,20,,6.0,1.0,1.0,1.0,1.0,1.0,1.0,1.0,1.0,1.0,1.0,,6.0,,,,,,6.0,2.0,1.0,1.0,5.0,6.0,
1602,4,5,4,5,4,5,5,5,3,4,,,,,,,,,2.0,200,,,,,2.0,,2.0,6.0,1.0,1.0,2.0,1.0,2.0,1.0,6,2,4,5,4,6,6,4,3,2,67.0,44.0,79.0,86.0,50.0,32.0,85.0,96.0,62.0,51.0,2,2,1,1,2,1,2,2,2,2,1,2,2,2,1,1,1,1,1,1,2,2,2,1,2,2,1,1,1,2,2,2,2,1,1,1,1,2,2,1,6.0,1.0,30,,,5,,,,,,,,,,,,,70.0,2.0,2.0,4.0,5.0,,,4.0,3.0,3.0,,,,3.0
1603,4,5,4,5,5,4,5,5,2,3,65.0,3.0,,,,6.0,,,2.0,350,,,,10,,,,6.0,,,,,,,7,1,1,1,1,7,7,7,1,2,65.0,50.0,100.0,100.0,100.0,100.0,100.0,100.0,50.0,100.0,1,1,1,1,1,2,1,1,2,2,1,2,1,2,2,2,1,1,2,2,1,1,1,1,2,2,1,2,1,2,2,2,1,2,1,1,2,2,1,2,,1.0,50,,,,,,1.0,2.0,1.0,2.0,1.0,2.0,1.0,2.0,1.0,2.0,,,,,,1.0,2.0,4.0,3.0,3.0,3.0,5.0,4.0,1.0
1604,2,4,4,5,5,4,5,5,2,2,33.0,2.0,2.0,1.0,6.0,6.0,,,,,1.0,4.0,6.0,5,,2.0,2.0,6.0,,,,,,,7,6,6,7,5,6,7,6,3,2,10.0,30.0,40.0,40.0,35.0,35.0,55.0,75.0,40.0,15.0,2,1,2,1,1,1,1,1,2,1,2,1,1,2,2,2,2,2,2,2,2,2,2,2,2,1,2,2,1,2,1,2,2,1,2,2,2,1,1,2,,1.0,60,1.0,200,,,,1.0,1.0,1.0,2.0,1.0,1.0,2.0,1.0,1.0,2.0,,,,,,1.0,,,,,,,,
1605,4,5,4,5,4,4,4,5,3,4,30.0,4.0,,,,,2.0,50,,,,,,,,,1.0,,2.0,1.0,2.0,1.0,2.0,1.0,7,2,5,5,3,7,5,5,3,1,12.0,5.0,10.0,38.0,31.0,10.0,86.0,68.0,81.0,45.0,2,2,1,1,1,1,2,1,1,2,1,2,1,1,2,1,1,2,2,1,1,2,2,1,1,1,1,1,1,1,2,1,2,1,2,1,1,2,2,2,4.0,,,1.0,110,8,,4.0,,,,,,,,,,,,,,,,2.0,,3.0,4.0,3.0,4.0,5.0,6.0,2.0
1606,4,4,4,4,4,4,4,4,4,4,71.0,,,,,,,,,,,,,8,1.0,,2.0,,1.0,1.0,1.0,1.0,1.0,1.0,3,3,3,3,6,6,6,6,2,1,41.0,68.0,39.0,45.0,68.0,36.0,63.0,73.0,35.0,74.0,1,2,1,1,2,2,2,1,1,1,1,1,1,1,1,2,1,1,1,1,1,1,2,2,2,1,2,2,2,2,2,2,2,2,2,2,2,2,2,2,5.0,2.0,20,2.0,34,,,4.0,,,,,,,,,,,,3.0,4.0,4.0,5.0,,,4.0,4.0,4.0,,,,2.0
1607,3,2,4,1,4,2,4,5,5,5,100.0,5.0,2.0,3.0,5.0,,,,,,,,,,2.0,1.0,1.0,6.0,,,,,,,4,1,1,1,1,7,7,7,3,2,31.0,20.0,40.0,34.0,46.0,20.0,40.0,64.0,39.0,63.0,1,2,1,2,1,1,1,1,1,2,1,1,1,1,1,1,2,1,1,1,2,2,1,1,1,2,1,2,1,1,1,1,1,1,1,2,2,1,2,2,6.0,2.0,8,1.0,350,0,,,1.0,1.0,1.0,1.0,2.0,2.0,1.0,2.0,1.0,1.0,,,5.0,5.0,4.0,,,,,,,,,
1608,4,4,3,5,5,5,4,5,2,3,,,,,,6.0,2.0,32,2.0,268,,,,18,2.0,1.0,,,,,,,,,7,2,4,4,5,7,5,5,3,1,42.0,36.0,44.0,70.0,79.0,79.0,53.0,68.0,38.0,53.0,2,1,1,1,2,2,2,2,2,2,1,1,1,2,2,2,1,2,1,2,1,1,2,1,1,2,1,2,2,1,2,2,2,1,2,2,2,2,2,2,,,,,,,,4.0,1.0,1.0,1.0,1.0,2.0,1.0,1.0,1.0,1.0,2.0,70.0,4.0,5.0,4.0,5.0,,2.0,3.0,3.0,3.0,,,,
1609,1,1,1,1,4,1,2,4,5,5,70.0,,,,,,,,,,1.0,2.0,6.0,15,2.0,6.0,,6.0,1.0,1.0,2.0,1.0,1.0,2.0,7,1,5,3,3,3,5,6,2,2,35.0,57.0,61.0,42.0,71.0,58.0,81.0,87.0,79.0,74.0,2,2,1,2,2,1,2,2,2,2,1,1,2,2,1,1,2,1,1,1,1,1,2,1,1,1,2,2,2,2,1,2,1,1,2,1,2,2,2,1,5.0,2.0,7,1.0,300,,,,,,,,,,,,,,,2.0,,,,,1.0,4.0,4.0,2.0,,,,
1610,3,5,4,5,5,4,5,3,4,5,49.0,,4.0,6.0,3.0,7.0,,,,,,,,,,,2.0,,,,,,,,6,1,2,3,2,6,7,7,1,2,51.0,30.0,68.0,20.0,73.0,20.0,35.0,76.0,50.0,46.0,2,2,1,1,2,1,1,2,1,2,1,2,2,2,2,2,2,1,2,2,2,1,2,1,2,2,2,2,2,2,2,2,2,2,1,2,2,2,2,2,,1.0,23,1.0,90,10,5.0,4.0,1.0,2.0,2.0,1.0,2.0,1.0,1.0,1.0,2.0,2.0,,3.0,4.0,4.0,5.0,2.0,,,,,,,,
1611,5,4,4,5,5,4,4,5,4,5,30.0,,4.0,5.0,3.0,6.0,,,,,5.0,5.0,6.0,20,1.0,,1.0,,,,,,,,6,5,7,7,3,6,6,6,2,2,80.0,65.0,85.0,100.0,100.0,70.0,80.0,85.0,95.0,100.0,2,2,2,2,1,2,1,2,1,2,2,2,2,2,2,2,2,1,2,2,2,2,2,2,1,1,2,1,2,1,2,2,2,2,2,2,2,1,2,2,,1.0,14,1.0,115,,,6.0,1.0,1.0,1.0,1.0,1.0,1.0,1.0,1.0,1.0,1.0,,1.0,,,,,,,,,,,,4.0
1612,2,3,4,4,4,4,4,3,4,4,30.0,,,,,,2.0,63,2.0,300,,,,,,,,,1.0,1.0,1.0,2.0,1.0,1.0,5,3,4,3,1,5,6,7,2,1,40.0,26.0,76.0,65.0,70.0,55.0,70.0,60.0,76.0,65.0,1,1,2,2,2,2,1,2,1,2,1,2,1,1,2,1,2,1,1,2,1,1,2,2,2,1,1,1,1,1,1,2,1,2,2,1,2,1,2,1,3.0,,,,,16,9.0,3.0,,,,,,,,,,,,5.0,4.0,4.0,3.0,1.0,2.0,5.0,4.0,2.0,,,,
1613,4,5,4,5,4,3,5,5,3,5,,5.0,,,,,2.0,13,2.0,700,2.0,5.0,6.0,,2.0,2.0,2.0,,,,,,,,7,4,6,5,1,5,7,6,3,2,85.0,58.0,75.0,85.0,53.0,45.0,73.0,85.0,67.0,73.0,1,2,1,1,2,1,1,1,2,1,2,1,1,2,2,1,1,2,2,2,1,1,2,2,2,2,1,1,1,1,1,2,2,2,2,1,2,2,2,2,6.0,,,,,4,,3.0,1.0,1.0,2.0,1.0,2.0,2.0,1.0,1.0,2.0,1.0,84.0,,,,,,,5.0,4.0,3.0,,,,
1614,1,3,2,1,2,2,2,1,4,4,65.0,3.0,,,,6.0,2.0,51,,,1.0,2.0,4.0,15,2.0,4.0,2.0,4.0,,,,,,,5,4,6,5,2,5,4,5,3,1,36.0,42.0,18.0,16.0,34.0,38.0,41.0,39.0,53.0,48.0,2,2,1,1,2,1,1,2,2,1,1,1,2,2,2,1,1,2,1,2,1,1,1,2,2,2,2,2,2,1,1,1,1,2,1,1,1,1,2,2,,,,1.0,210,,,,1.0,1.0,2.0,1.0,1.0,1.0,2.0,1.0,2.0,1.0,,,,,,,,4.0,5.0,2.0,,,,
1615,5,5,5,5,5,5,5,5,3,1,30.0,5.0,,,,,,,,,,,,20,2.0,1.0,,,,,,,,,6,1,4,5,5,6,6,6,3,1,40.0,55.0,55.0,65.0,67.0,25.0,67.0,78.0,48.0,42.0,2,2,2,2,2,1,2,2,2,2,2,2,2,2,2,2,2,2,2,2,2,2,2,2,2,2,2,2,2,2,2,2,2,2,2,2,2,2,2,2,6.0,1.0,20,1.0,90,,,4.0,1.0,2.0,1.0,1.0,2.0,1.0,1.0,1.0,2.0,1.0,,,3.0,5.0,4.0,,2.0,3.0,2.0,3.0,,,,
1616,4,1,1,1,1,1,5,3,5,5,,,5.0,6.0,5.0,6.0,2.0,40,,,,,,20,2.0,,1.0,6.0,1.0,1.0,2.0,1.0,1.0,2.0,6,6,6,6,1,6,6,6,3,1,60.0,40.0,25.0,29.0,60.0,20.0,94.0,80.0,94.0,99.0,2,1,2,2,1,2,1,2,1,2,2,2,2,2,2,2,1,2,1,1,1,1,1,2,2,1,2,2,2,1,2,2,2,1,1,1,2,2,1,1,,,,1.0,110,,,,,,,,,,,,,,91.0,1.0,3.0,5.0,2.0,,,,,,,,,3.0
1617,4,4,4,5,5,4,5,5,2,4,,2.0,,,,,,,2.0,500,2.0,4.0,4.0,15,1.0,3.0,1.0,5.0,1.0,1.0,2.0,1.0,2.0,1.0,7,3,5,5,2,6,7,6,3,2,82.0,50.0,73.0,86.0,90.0,46.0,90.0,96.0,83.0,77.0,2,1,2,2,2,2,1,1,2,2,1,1,1,2,1,2,1,1,2,2,2,2,1,2,2,1,2,2,2,1,1,1,2,2,2,1,1,2,1,2,6.0,1.0,24,,,,,,,,,,,,,,,,70.0,,,,,,,3.0,5.0,2.0,,,,
1618,5,4,4,5,4,4,3,5,3,2,,2.0,,,,,2.0,34,,,,,,16,2.0,3.0,1.0,,,,,,,,6,4,2,2,5,5,6,6,3,1,41.0,28.0,45.0,55.0,25.0,35.0,15.0,75.0,57.0,23.0,1,2,2,2,1,1,1,1,1,1,1,1,1,2,2,1,2,1,1,2,2,1,2,1,2,2,1,1,1,2,1,1,2,2,1,1,1,1,2,2,6.0,,,1.0,130,,,4.0,1.0,1.0,1.0,1.0,1.0,1.0,1.0,1.0,1.0,1.0,70.0,,,,,,,2.0,3.0,2.0,1.0,3.0,5.0,
1619,5,5,5,5,5,5,5,5,1,3,43.0,4.0,,,,6.0,1.0,70,,,,,,,2.0,3.0,1.0,,,,,,,,7,2,5,4,5,7,6,6,4,1,45.0,36.0,25.0,70.0,65.0,55.0,60.0,50.0,65.0,50.0,1,1,1,1,2,1,1,1,2,1,1,1,2,2,1,2,1,1,2,1,2,1,2,1,1,2,2,1,2,2,2,1,1,1,1,1,1,1,1,2,,,,1.0,800,15,,6.0,1.0,1.0,1.0,1.0,1.0,1.0,1.0,2.0,2.0,2.0,,,5.0,5.0,4.0,,,5.0,3.0,2.0,,,,
1620,4,2,3,4,4,5,4,3,5,3,30.0,,3.0,4.0,4.0,,2.0,55,2.0,400,,,,,,,1.0,,,,,,,,6,2,3,3,4,5,6,6,1,1,60.0,60.0,50.0,77.0,60.0,35.0,75.0,40.0,90.0,50.0,2,2,2,1,1,2,2,2,2,2,1,2,2,2,2,1,2,2,2,1,1,1,1,2,2,2,1,2,2,2,2,2,2,2,2,2,2,2,2,2,6.0,,,,,0,,4.0,1.0,1.0,1.0,1.0,1.0,1.0,1.0,2.0,2.0,2.0,,3.0,2.0,2.0,3.0,2.0,,,,,,,,2.0
1621,4,5,4,5,5,4,4,5,3,5,,,,,,6.0,2.0,56,,,1.0,5.0,5.0,5,2.0,,1.0,5.0,1.0,2.0,1.0,2.0,1.0,1.0,7,2,3,3,1,6,5,5,2,2,46.0,55.0,47.0,45.0,60.0,40.0,64.0,64.0,50.0,57.0,1,2,1,1,2,2,2,1,1,2,2,1,1,1,2,2,2,2,2,1,2,1,1,1,1,2,2,2,2,1,1,2,2,2,2,2,2,1,2,2,,,,1.0,100,,10.0,,,,,,,,,,,,70.0,3.0,,,,,,3.0,3.0,3.0,,,,
1622,4,5,4,4,3,5,5,5,3,3,,,,,,,2.0,50,1.0,1500,,,,15,2.0,,,,,,,,,,6,1,4,6,3,6,6,5,3,1,25.0,13.0,65.0,20.0,50.0,15.0,45.0,60.0,35.0,55.0,2,1,2,1,2,1,1,1,1,1,2,1,2,2,1,1,2,2,2,2,1,1,1,1,1,1,2,2,1,2,1,1,2,1,1,1,1,1,2,1,6.0,,,,,,,3.0,2.0,2.0,1.0,2.0,1.0,1.0,2.0,2.0,2.0,1.0,50.0,3.0,,,,,2.0,5.0,2.0,1.0,5.0,5.0,6.0,6.0
1623,5,5,5,5,4,5,5,5,1,3,,,,,,7.0,1.0,70,,,,,,,,2.0,,,,,,,,,6,1,2,3,1,6,7,7,3,1,60.0,60.0,60.0,61.0,33.0,69.0,68.0,60.0,35.0,50.0,2,2,1,2,1,2,2,1,1,2,2,2,2,1,2,2,2,2,2,1,1,2,1,1,2,1,1,2,1,2,2,1,2,2,2,2,1,1,1,1,,,,1.0,300,15,,5.0,1.0,1.0,1.0,1.0,1.0,1.0,1.0,1.0,1.0,1.0,82.0,5.0,,,,1.0,2.0,4.0,5.0,3.0,2.0,5.0,5.0,
1624,4,4,4,3,5,5,5,5,3,5,,4.0,,,,6.0,,,,,,,,,,1.0,1.0,,,,,,,,6,2,2,2,2,6,6,6,2,2,75.0,50.0,65.0,75.0,85.0,25.0,80.0,50.0,95.0,80.0,1,1,2,2,1,2,2,2,2,1,2,2,1,2,2,1,2,2,2,1,1,2,1,2,1,2,1,1,2,1,2,2,2,2,2,2,1,2,1,1,,1.0,54,1.0,120,10,,6.0,1.0,1.0,2.0,1.0,1.0,1.0,2.0,1.0,2.0,1.0,70.0,,2.0,4.0,5.0,2.0,,4.0,2.0,2.0,,,,
1625,4,4,5,5,2,5,5,5,1,3,,,,,,5.0,,,,,,,,5,2.0,,1.0,6.0,,,,,,,6,2,3,5,2,5,6,5,3,1,17.0,15.0,50.0,55.0,88.0,73.0,95.0,93.0,35.0,40.0,1,1,2,2,2,2,2,1,2,1,2,2,2,1,2,2,2,1,2,2,2,2,2,2,2,1,2,2,1,2,2,1,2,2,2,1,2,2,2,1,,1.0,50,1.0,120,,,,1.0,1.0,1.0,1.0,1.0,1.0,1.0,1.0,1.0,1.0,70.0,2.0,4.0,5.0,6.0,,,3.0,3.0,3.0,,,,9.0
1626,5,5,5,5,5,5,5,5,3,3,,4.0,3.0,2.0,1.0,7.0,1.0,55,2.0,380,3.0,5.0,6.0,10,,1.0,,6.0,1.0,1.0,2.0,1.0,1.0,2.0,7,1,7,4,1,7,7,7,4,1,100.0,100.0,100.0,100.0,5.0,100.0,100.0,100.0,50.0,100.0,1,2,1,1,1,1,2,2,2,2,1,2,2,2,1,1,2,1,1,1,1,1,2,2,1,1,2,2,2,2,1,1,2,1,1,2,2,1,1,1,,,,,,,,,,,,,,,,,,,50.0,,,,,2.0,2.0,,,,,,,
1627,4,4,4,4,5,5,5,5,1,3,71.0,,,,,6.0,1.0,70,1.0,1200,4.0,2.0,2.0,20,2.0,,,,,,,,,,6,3,3,3,2,5,6,6,2,1,47.0,24.0,63.0,76.0,91.0,55.0,81.0,75.0,38.0,50.0,2,2,2,2,2,2,1,2,2,1,2,1,2,2,2,2,2,2,1,2,2,1,1,2,1,1,1,2,1,1,1,1,1,1,2,1,2,1,2,1,,,,,,,,4.0,1.0,1.0,2.0,1.0,2.0,1.0,1.0,2.0,1.0,2.0,,4.0,,,,,2.0,4.0,4.0,3.0,,,,2.0
1628,1,3,1,2,2,2,4,2,5,3,,3.0,2.0,4.0,2.0,,,,,,,,,10,1.0,,1.0,4.0,,,,,,,5,2,2,2,2,5,5,6,1,2,5.0,10.0,2.0,15.0,20.0,10.0,65.0,3.0,80.0,25.0,1,2,1,2,2,2,1,1,2,2,2,2,2,1,1,2,2,2,1,2,1,2,2,2,1,2,2,1,2,1,1,1,2,1,2,2,2,2,1,2,5.0,1.0,15,2.0,80,,10.0,,1.0,1.0,2.0,1.0,1.0,2.0,1.0,1.0,2.0,1.0,25.0,,3.0,4.0,3.0,,,,,,,,,
1629,4,1,3,1,4,1,5,5,5,2,,,,,,,2.0,54,,,3.0,5.0,5.0,,1.0,4.0,,,,,,,,,6,1,5,5,5,7,5,6,2,1,30.0,36.0,15.0,30.0,45.0,10.0,50.0,65.0,95.0,15.0,2,2,2,2,1,2,1,1,1,1,2,1,1,2,2,2,1,1,2,2,2,2,2,2,2,2,2,2,1,2,2,2,2,2,2,2,2,1,1,2,5.0,,,1.0,400,20,,4.0,1.0,1.0,1.0,1.0,1.0,1.0,1.0,1.0,1.0,1.0,75.0,3.0,,,,,1.0,5.0,5.0,3.0,,,,
1630,4,2,5,4,4,2,5,5,4,3,,,,,,3.0,,,,,,,,,,,1.0,,,,,,,,6,2,3,5,3,5,3,5,2,1,60.0,10.0,80.0,70.0,50.0,10.0,90.0,95.0,80.0,90.0,2,2,2,1,1,2,1,2,2,1,1,1,1,1,2,1,1,1,2,1,2,1,2,2,1,2,2,1,1,1,2,1,2,1,1,1,2,2,2,1,,1.0,35,1.0,215,15,,6.0,1.0,1.0,1.0,1.0,1.0,1.0,1.0,1.0,1.0,2.0,70.0,2.0,,,,1.0,,2.0,4.0,3.0,1.0,5.0,6.0,8.0
1631,1,1,1,1,1,1,2,1,5,2,85.0,,4.0,4.0,4.0,,2.0,52,,,4.0,2.0,2.0,15,2.0,,1.0,,,,,,,,6,2,6,3,5,5,5,6,1,1,15.0,15.0,15.0,15.0,15.0,20.0,25.0,25.0,80.0,10.0,2,2,2,1,1,2,2,2,1,1,2,2,1,1,2,2,1,1,2,2,1,1,2,1,2,1,2,2,2,1,1,2,2,2,1,1,1,2,2,2,2.0,,,1.0,350,,,1.0,1.0,1.0,1.0,1.0,1.0,1.0,1.0,1.0,1.0,1.0,,2.0,,,,,,,,,,,,2.0
1632,4,3,3,5,3,4,4,5,2,2,30.0,,,,,6.0,2.0,51,,,,,,,2.0,2.0,2.0,3.0,,,,,,,6,2,5,4,2,6,6,5,4,2,43.0,39.0,16.0,72.0,48.0,54.0,88.0,75.0,41.0,54.0,2,2,2,1,2,2,2,2,2,2,2,2,2,2,1,2,2,2,1,2,2,2,2,2,2,2,2,2,2,1,2,2,2,2,1,2,2,2,2,2,,,,1.0,115,5,,,1.0,1.0,1.0,1.0,2.0,1.0,2.0,1.0,2.0,1.0,,3.0,,,,,,3.0,3.0,2.0,1.0,2.0,4.0,
1633,5,5,5,5,5,2,5,5,4,5,,2.0,,,,,2.0,60,,,2.0,5.0,5.0,0,,4.0,,6.0,,,,,,,7,2,6,6,1,7,7,7,3,2,100.0,100.0,100.0,100.0,100.0,15.0,100.0,100.0,85.0,100.0,2,2,1,1,1,2,2,1,1,2,1,1,1,1,2,1,1,2,2,2,2,1,1,1,1,2,2,2,2,1,1,1,2,2,1,2,1,2,2,1,7.0,,,1.0,300,,,,1.0,1.0,1.0,1.0,1.0,1.0,1.0,2.0,2.0,2.0,90.0,,,,,1.0,2.0,4.0,5.0,2.0,,,,
1634,1,1,1,1,4,1,4,4,5,5,,,,,,7.0,,,,,,,,15,1.0,,,,1.0,1.0,2.0,1.0,2.0,1.0,3,2,3,3,2,5,6,5,2,2,22.0,22.0,25.0,54.0,60.0,17.0,52.0,51.0,55.0,67.0,1,2,2,2,2,1,2,2,1,1,2,1,2,2,2,1,1,2,2,2,1,2,2,2,2,2,2,2,1,2,1,1,2,2,2,1,2,2,2,2,,1.0,18,1.0,120,,,3.0,,,,,,,,,,,2.0,5.0,2.0,5.0,6.0,,2.0,3.0,4.0,3.0,,,,3.0
1635,4,3,3,4,4,4,5,4,4,5,59.0,5.0,5.0,3.0,2.0,6.0,,,2.0,500,2.0,2.0,3.0,10,,2.0,1.0,,,,,,,,5,5,5,5,5,6,6,6,2,1,43.0,36.0,46.0,53.0,56.0,79.0,44.0,53.0,51.0,53.0,1,1,1,2,2,1,1,1,2,1,2,2,2,1,1,1,1,1,2,1,2,1,1,2,2,1,1,1,1,1,2,1,1,1,2,2,1,2,1,1,,2.0,5,,,,,5.0,1.0,1.0,1.0,1.0,1.0,1.0,1.0,1.0,1.0,1.0,,,,,,1.0,,,,,,,,
1636,3,5,4,5,4,4,5,4,1,5,,,4.0,3.0,5.0,6.0,2.0,55,,,4.0,4.0,3.0,,,9.0,,5.0,,,,,,,7,4,7,5,5,6,7,6,3,2,75.0,60.0,80.0,90.0,50.0,40.0,100.0,70.0,20.0,100.0,1,1,2,1,2,1,1,2,2,2,2,2,1,2,2,2,1,2,1,2,1,2,1,2,2,1,2,2,1,2,2,2,1,2,2,1,2,1,2,1,,,,1.0,275,0,,,1.0,1.0,1.0,1.0,1.0,1.0,1.0,1.0,1.0,1.0,90.0,3.0,,,,1.0,2.0,,,,,,,
1637,3,4,3,5,5,3,4,4,3,3,75.0,,,,,,2.0,50,,,,,,,2.0,1.0,1.0,4.0,1.0,1.0,1.0,2.0,1.0,2.0,5,1,3,2,3,5,5,5,3,2,10.0,20.0,12.0,36.0,31.0,25.0,40.0,34.0,16.0,20.0,2,1,2,2,2,2,2,2,2,2,2,2,1,1,1,2,2,2,1,1,2,1,1,2,2,2,2,2,2,1,2,2,1,2,2,2,2,2,2,2,6.0,,,1.0,100,3,,,,,,,,,,,,,,2.0,,,,,,2.0,3.0,2.0,2.0,4.0,4.0,
1638,5,5,5,5,4,5,5,5,1,3,30.0,,,,,6.0,2.0,20,2.0,300,,,,,,2.0,1.0,5.0,,,,,,,7,4,4,4,5,5,6,6,3,1,50.0,50.0,50.0,75.0,75.0,50.0,85.0,50.0,45.0,85.0,1,1,1,2,2,2,1,2,2,1,1,2,2,1,2,2,2,1,2,2,1,2,1,1,1,1,1,2,2,2,1,2,2,1,1,1,2,2,2,2,,,,,,10,,,1.0,1.0,1.0,1.0,1.0,1.0,1.0,2.0,2.0,2.0,,2.0,5.0,3.0,6.0,1.0,,4.0,6.0,4.0,,,,
1639,3,4,3,1,2,2,5,4,4,3,90.0,,,,,3.0,2.0,5,,,,,,5,,,1.0,6.0,1.0,1.0,1.0,1.0,1.0,1.0,5,2,6,5,3,7,4,4,2,1,46.0,59.0,35.0,18.0,19.0,25.0,85.0,81.0,42.0,11.0,2,1,2,1,1,1,1,1,2,2,1,2,1,1,2,2,2,2,1,2,1,1,1,1,2,2,2,2,2,1,2,1,2,2,2,1,2,1,2,2,,,,1.0,200,,8.0,,,,,,,,,,,,,4.0,,,,1.0,,4.0,3.0,2.0,5.0,2.0,3.0,
1640,5,5,5,5,5,4,5,5,2,4,30.0,3.0,,,,,,,2.0,500,,,,,,,1.0,,,,,,,,7,1,5,5,3,7,6,5,3,1,60.0,70.0,65.0,50.0,70.0,65.0,80.0,60.0,40.0,50.0,1,1,2,2,1,1,1,2,1,2,2,2,1,1,1,1,1,1,1,2,1,1,2,1,1,2,2,1,1,2,1,1,1,2,2,2,2,1,1,2,6.0,1.0,40,,,12,4.0,4.0,1.0,1.0,1.0,1.0,1.0,1.0,1.0,1.0,1.0,1.0,,,,,,1.0,,3.0,4.0,3.0,4.0,5.0,4.0,
1641,4,5,4,5,5,4,5,5,3,5,81.0,,,,,,,,,,,,,,,,1.0,6.0,1.0,1.0,1.0,2.0,1.0,2.0,6,4,5,5,5,5,5,5,2,2,73.0,59.0,71.0,84.0,89.0,53.0,88.0,91.0,66.0,75.0,1,2,2,1,1,1,1,2,2,1,1,1,2,1,1,1,2,1,1,2,1,1,2,2,1,2,2,2,1,1,2,1,2,1,1,1,1,1,2,1,6.0,1.0,30,1.0,150,10,10.0,,,,,,,,,,,,,3.0,,,,1.0,,4.0,4.0,4.0,4.0,5.0,6.0,
1642,5,4,4,5,4,4,5,5,2,2,92.0,,,,,,2.0,54,,,,,,16,,,,6.0,1.0,1.0,1.0,1.0,1.0,1.0,7,1,3,2,5,7,6,6,4,1,72.0,55.0,75.0,95.0,35.0,75.0,90.0,95.0,55.0,28.0,2,1,2,2,2,2,1,2,1,2,2,2,1,1,2,2,2,1,2,2,2,2,2,2,1,2,2,2,2,2,2,2,2,2,2,1,1,1,2,1,6.0,,,1.0,380,,,,,,,,,,,,,,,1.0,,,,2.0,2.0,3.0,4.0,2.0,4.0,5.0,6.0,4.0
1643,2,2,3,2,4,2,4,1,5,4,75.0,,,,,,2.0,23,,,,,,,2.0,,,5.0,,,,,,,6,3,4,4,5,6,6,6,2,2,57.0,73.0,53.0,88.0,53.0,75.0,71.0,78.0,54.0,95.0,1,2,2,2,1,2,2,1,1,2,1,2,2,2,2,1,1,1,2,2,2,2,2,2,2,1,1,1,2,2,1,2,2,2,2,2,1,1,2,2,5.0,,,1.0,124,16,8.0,,1.0,1.0,1.0,1.0,1.0,1.0,1.0,1.0,1.0,1.0,,5.0,4.0,4.0,5.0,,1.0,2.0,5.0,5.0,,,,
1644,3,4,4,5,4,4,5,5,3,1,30.0,2.0,,,,6.0,2.0,55,,,3.0,4.0,2.0,15,2.0,3.0,,,1.0,1.0,1.0,1.0,1.0,1.0,6,3,5,5,5,6,5,5,4,1,20.0,14.0,25.0,60.0,39.0,16.0,80.0,53.0,68.0,31.0,1,1,2,1,1,2,2,2,2,2,1,2,2,2,1,1,2,2,2,1,2,2,1,1,2,2,2,2,2,2,2,1,2,2,1,1,1,1,2,1,,,,1.0,120,,,4.0,,,,,,,,,,,,,,,,,2.0,4.0,5.0,1.0,,,,
1645,4,3,5,4,3,4,5,5,4,3,,,3.0,3.0,3.0,6.0,,,,,4.0,4.0,4.0,15,,3.0,,,1.0,1.0,1.0,1.0,1.0,1.0,6,4,3,4,4,5,6,5,2,1,74.0,36.0,59.0,75.0,50.0,35.0,55.0,80.0,66.0,53.0,1,2,1,2,2,1,1,1,2,1,1,1,2,2,2,2,1,2,2,2,2,2,1,2,2,2,1,1,1,2,2,1,1,2,2,1,1,2,2,1,,1.0,20,1.0,200,,,4.0,,,,,,,,,,,70.0,3.0,,,,1.0,2.0,,,,,,,
1646,1,5,5,5,2,5,3,5,1,1,80.0,,5.0,5.0,3.0,,,,2.0,300,,,,,1.0,,2.0,,1.0,1.0,1.0,1.0,1.0,1.0,4,7,7,7,5,5,2,2,3,1,21.0,39.0,36.0,57.0,58.0,50.0,50.0,78.0,50.0,37.0,2,1,1,2,2,2,1,2,1,2,2,2,2,1,2,2,1,2,1,2,2,1,2,2,1,1,2,2,2,2,2,2,1,2,1,1,2,1,1,1,7.0,1.0,50,,,20,,6.0,,,,,,,,,,,,5.0,4.0,1.0,1.0,,,,,,,,,2.0
1647,5,3,4,5,5,5,4,5,1,5,30.0,2.0,5.0,2.0,5.0,7.0,2.0,30,1.0,1700,,,,,,,2.0,,1.0,1.0,1.0,2.0,2.0,1.0,7,1,2,2,2,7,6,6,4,1,100.0,100.0,100.0,100.0,100.0,100.0,100.0,100.0,20.0,100.0,1,2,1,2,2,1,1,2,2,1,2,2,2,2,1,2,2,2,2,1,2,2,1,2,1,1,2,2,1,1,1,2,2,1,1,2,2,2,1,1,,,,,,20,10.0,2.0,,,,,,,,,,,,,1.0,5.0,6.0,1.0,,,,,,,,
1648,2,4,4,5,4,4,5,4,5,4,85.0,,,,,,2.0,54,2.0,200,,,,12,,,,1.0,,,,,,,4,3,2,4,1,2,6,5,3,2,40.0,85.0,55.0,90.0,60.0,70.0,85.0,80.0,70.0,75.0,2,1,1,1,2,1,1,1,2,2,2,1,1,2,2,2,1,2,1,1,2,2,2,1,1,2,1,1,2,2,1,1,2,1,1,2,2,1,2,1,4.0,,,,,,,,1.0,1.0,1.0,1.0,2.0,2.0,2.0,2.0,2.0,2.0,,1.0,,,,2.0,2.0,2.0,1.0,1.0,4.0,5.0,3.0,3.0
1649,5,4,4,5,5,5,5,4,2,5,,4.0,4.0,2.0,2.0,,2.0,58,1.0,1300,,,,20,2.0,1.0,,,,,,,,,6,2,1,1,4,7,7,7,3,1,85.0,69.0,89.0,70.0,71.0,60.0,79.0,67.0,49.0,85.0,1,2,2,2,2,1,1,2,2,2,2,2,1,2,2,2,2,1,2,1,2,1,2,2,2,1,2,2,1,2,2,2,1,2,2,2,2,2,2,2,5.0,,,,,,,6.0,1.0,2.0,1.0,1.0,1.0,2.0,1.0,2.0,1.0,1.0,87.0,,,,,,1.0,,,,2.0,5.0,6.0,
1650,5,5,5,5,4,5,5,5,1,2,,,1.0,1.0,1.0,5.0,,,2.0,350,,,,,2.0,,,6.0,1.0,1.0,1.0,1.0,1.0,1.0,7,3,7,7,2,6,5,5,3,1,40.0,33.0,40.0,41.0,55.0,36.0,64.0,40.0,50.0,31.0,2,2,2,2,1,2,2,2,1,2,1,2,1,2,2,2,2,2,1,2,2,2,1,2,1,2,2,1,1,2,2,1,1,2,2,1,2,2,1,2,,1.0,25,,,18,,,,,,,,,,,,,70.0,3.0,5.0,4.0,6.0,,1.0,,,,,,,3.0
1651,3,5,4,4,4,5,5,2,1,1,,,,,,5.0,2.0,50,,,,,,10,,,1.0,4.0,1.0,1.0,2.0,1.0,1.0,2.0,7,1,1,1,6,6,7,7,3,1,16.0,86.0,87.0,66.0,89.0,100.0,100.0,51.0,0.0,38.0,2,2,1,1,1,1,1,2,1,1,2,2,2,2,2,1,1,1,2,2,2,2,2,1,1,1,2,1,1,1,1,1,1,2,1,1,1,2,1,1,,,,1.0,250,,9.0,,,,,,,,,,,,84.0,5.0,4.0,4.0,4.0,1.0,,3.0,3.0,2.0,,,,
1652,1,2,2,3,5,1,4,4,5,5,9.0,,1.0,5.0,2.0,7.0,,,2.0,700,1.0,4.0,6.0,15,2.0,,,4.0,1.0,1.0,1.0,2.0,1.0,1.0,7,2,5,2,1,5,3,4,1,1,0.0,0.0,0.0,66.0,85.0,0.0,94.0,84.0,100.0,87.0,2,2,2,1,1,2,2,2,2,1,2,2,1,2,2,2,2,2,1,2,1,2,1,1,1,1,2,2,1,2,1,2,2,2,2,2,2,1,2,1,,1.0,20,,,,10.0,,,,,,,,,,,,,2.0,,,,,2.0,,,,,,,
1653,3,1,2,1,2,1,1,3,5,3,,,,,,6.0,,,2.0,900,5.0,1.0,1.0,,,,1.0,,1.0,1.0,1.0,1.0,1.0,1.0,3,1,6,6,2,7,5,5,1,1,48.0,43.0,40.0,57.0,58.0,32.0,48.0,61.0,62.0,47.0,2,2,2,2,2,2,2,2,2,1,2,2,2,2,2,2,2,2,2,1,2,2,2,2,2,2,2,2,1,2,2,2,2,2,2,2,1,2,1,2,,2.0,5,,,20,,4.0,,,,,,,,,,,70.0,2.0,,,,2.0,,2.0,2.0,2.0,,,,5.0
1654,4,4,4,4,5,3,4,4,2,4,,,,,,5.0,2.0,50,,,,,,15,1.0,3.0,1.0,,,,,,,,6,2,5,7,5,6,5,5,3,2,60.0,45.0,60.0,70.0,80.0,50.0,80.0,60.0,55.0,80.0,1,2,2,2,1,2,1,1,1,2,1,1,2,1,2,1,2,1,2,1,1,1,1,1,2,1,2,1,1,1,1,2,1,1,1,1,2,2,1,2,,,,1.0,150,,,5.0,1.0,1.0,1.0,1.0,1.0,1.0,1.0,1.0,1.0,1.0,90.0,2.0,,,,,,4.0,3.0,2.0,4.0,5.0,6.0,
1655,4,4,2,4,4,4,4,4,4,4,70.0,,4.0,2.0,4.0,,2.0,50,,,,,,15,,,1.0,,,,,,,,5,1,4,3,2,6,5,5,3,1,70.0,75.0,65.0,85.0,85.0,70.0,85.0,85.0,70.0,85.0,1,1,2,1,2,1,1,1,1,1,1,1,1,1,1,1,2,1,1,1,1,1,1,2,1,1,1,1,2,1,2,1,1,1,1,1,2,1,1,1,4.0,,,1.0,100,,10.0,4.0,1.0,1.0,1.0,1.0,1.0,2.0,2.0,2.0,2.0,2.0,,4.0,,,,1.0,,,,,2.0,5.0,5.0,
1656,2,4,4,5,5,2,5,2,4,4,,,4.0,2.0,3.0,6.0,,,2.0,600,,,,,1.0,,,5.0,1.0,1.0,2.0,1.0,1.0,2.0,6,2,2,1,5,6,7,7,2,2,60.0,70.0,45.0,80.0,80.0,20.0,95.0,50.0,75.0,90.0,2,1,2,1,1,2,1,1,1,2,2,1,2,2,2,2,2,1,1,1,1,2,2,1,2,2,2,1,1,1,2,1,1,1,1,1,1,2,2,2,,1.0,35,,,4,,,,,,,,,,,,,65.0,3.0,,,,,2.0,,,,5.0,4.0,3.0,4.0
1657,5,4,5,5,4,5,5,5,3,4,30.0,3.0,4.0,5.0,2.0,5.0,2.0,22,2.0,655,,,,19,2.0,,,4.0,1.0,2.0,1.0,1.0,2.0,1.0,7,3,3,4,3,5,6,6,3,2,74.0,58.0,62.0,74.0,55.0,45.0,79.0,80.0,65.0,51.0,1,1,1,2,2,2,2,1,1,1,2,1,2,2,1,1,2,1,1,1,2,2,1,2,2,1,2,2,1,1,2,2,1,2,2,2,1,1,2,1,,,,,,,9.0,,,,,,,,,,,,,,,,,,1.0,,,,5.0,5.0,6.0,
1658,4,3,5,5,4,5,5,4,1,2,,,,,,5.0,2.0,45,,,,,,12,1.0,,1.0,,,,,,,,5,2,4,4,2,5,5,5,2,1,42.0,36.0,43.0,59.0,60.0,45.0,46.0,43.0,38.0,52.0,1,2,2,1,2,2,2,1,2,2,1,1,2,2,2,1,2,1,2,2,2,2,2,2,2,2,2,2,2,2,2,1,2,2,2,2,1,2,2,2,,,,1.0,155,,,4.0,1.0,1.0,1.0,2.0,2.0,1.0,1.0,1.0,2.0,1.0,55.0,2.0,3.0,4.0,4.0,,,3.0,3.0,2.0,,,,3.0
1659,4,4,2,3,4,4,3,4,1,3,,4.0,,,,5.0,2.0,50,1.0,1200,,,,10,1.0,,,3.0,,,,,,,6,2,5,6,2,6,5,6,3,2,75.0,67.0,37.0,78.0,68.0,59.0,68.0,65.0,22.0,59.0,1,1,2,2,1,2,1,1,2,1,2,1,2,2,2,2,1,1,2,1,2,2,1,2,1,2,1,2,1,2,2,2,2,1,2,2,2,2,1,2,,,,,,,,,1.0,1.0,2.0,2.0,1.0,1.0,2.0,1.0,1.0,1.0,35.0,,5.0,4.0,6.0,,2.0,3.0,4.0,2.0,,,,4.0
1660,3,4,5,5,5,5,5,5,5,5,,6.0,4.0,1.0,5.0,7.0,,,2.0,40,,,,,,2.0,1.0,6.0,,,,,,,7,1,1,1,1,7,7,7,1,1,21.0,64.0,61.0,94.0,88.0,53.0,67.0,53.0,45.0,56.0,1,2,1,1,2,2,2,1,1,1,1,2,1,1,1,1,1,1,2,2,2,1,2,2,2,1,1,1,1,2,1,1,2,1,1,1,1,2,1,2,,1.0,35,,,15,,,2.0,2.0,2.0,1.0,2.0,1.0,2.0,2.0,1.0,2.0,1.0,,,,,1.0,,,,,5.0,5.0,6.0,
1661,4,5,5,5,5,5,5,5,1,4,50.0,4.0,3.0,3.0,3.0,,,,,,,,,,,,1.0,6.0,1.0,1.0,1.0,1.0,2.0,2.0,7,5,5,5,3,6,6,6,3,2,48.0,33.0,34.0,49.0,51.0,37.0,52.0,34.0,39.0,51.0,2,1,2,2,2,1,1,2,2,1,1,1,2,2,2,2,2,1,1,1,2,2,2,2,2,2,2,2,2,2,1,1,2,1,2,2,2,2,2,2,3.0,2.0,6,1.0,110,10,6.0,,,,,,,,,,,,,,,,,1.0,,,,,4.0,5.0,5.0,
1662,2,4,3,4,4,3,3,4,3,4,100.0,3.0,3.0,2.0,2.0,3.0,,,2.0,800,4.0,3.0,4.0,18,2.0,,,4.0,,,,,,,7,4,4,4,4,5,5,5,2,1,18.0,44.0,34.0,41.0,65.0,35.0,45.0,77.0,45.0,56.0,2,2,2,2,2,1,1,1,2,2,2,2,2,1,2,2,2,2,2,2,2,1,1,1,1,2,2,1,2,1,2,2,2,2,2,1,1,1,1,2,,1.0,15,,,,,,2.0,1.0,1.0,1.0,1.0,2.0,1.0,1.0,1.0,2.0,,,,,,,1.0,,,,,,,1.0
1663,5,3,5,5,4,5,5,5,2,4,30.0,,4.0,4.0,4.0,6.0,,,2.0,500,1.0,4.0,2.0,,,,2.0,6.0,1.0,1.0,1.0,1.0,1.0,1.0,7,2,4,5,3,6,6,5,3,1,60.0,50.0,40.0,60.0,40.0,60.0,70.0,80.0,30.0,40.0,2,1,2,2,2,1,2,2,2,2,2,2,2,1,2,2,1,2,2,2,1,1,2,2,2,2,2,2,2,2,1,2,2,1,2,1,2,1,2,2,,2.0,10,,,0,,,,,,,,,,,,,,3.0,,,,2.0,,,,,,,,2.0
1664,3,3,5,4,4,5,5,4,3,5,50.0,4.0,,,,,,,2.0,380,,,,,,2.0,1.0,,1.0,1.0,1.0,2.0,2.0,1.0,6,1,1,1,2,7,7,7,3,2,46.0,37.0,89.0,74.0,84.0,71.0,68.0,52.0,90.0,69.0,1,1,1,1,2,1,1,2,1,1,1,2,2,2,1,2,1,2,2,1,1,1,1,1,2,2,2,1,1,1,1,1,2,1,1,2,2,1,1,1,6.0,1.0,23,,,10,,4.0,,,,,,,,,,,,,,,,1.0,,3.0,2.0,3.0,2.0,5.0,5.0,
1665,5,4,5,5,5,5,4,5,1,1,87.0,,4.0,3.0,2.0,,1.0,100,,,1.0,4.0,6.0,18,,2.0,1.0,6.0,,,,,,,7,1,1,2,5,6,7,6,3,1,65.0,55.0,67.0,60.0,55.0,52.0,62.0,65.0,27.0,10.0,2,1,1,2,2,2,1,2,2,2,2,2,2,1,2,2,1,1,2,2,2,2,2,2,1,1,2,1,2,2,2,2,2,1,2,1,2,2,1,2,6.0,,,1.0,200,,,,1.0,1.0,1.0,1.0,1.0,1.0,1.0,1.0,1.0,1.0,,2.0,,,,2.0,,,,,,,,
1666,5,4,5,5,5,5,5,3,1,5,,,3.0,3.0,3.0,6.0,2.0,63,,,,,,,2.0,,2.0,,1.0,1.0,1.0,1.0,1.0,1.0,7,2,4,4,4,7,5,5,4,1,38.0,24.0,40.0,39.0,15.0,30.0,52.0,42.0,39.0,30.0,2,2,2,2,2,2,2,2,2,2,2,2,2,1,2,2,2,2,2,2,1,2,2,1,1,2,2,2,2,1,2,2,2,2,2,2,2,2,2,2,,,,1.0,253,0,6.0,6.0,,,,,,,,,,,79.0,5.0,5.0,5.0,1.0,,,,,,,,,
1667,5,3,4,4,5,5,5,5,2,4,,,,,,7.0,,,1.0,1600,,,,,1.0,2.0,2.0,5.0,2.0,1.0,1.0,2.0,1.0,2.0,6,3,5,5,5,6,6,5,3,2,51.0,20.0,30.0,53.0,65.0,45.0,85.0,52.0,41.0,66.0,2,2,1,2,1,2,2,2,2,1,1,2,1,2,2,1,2,2,2,2,2,1,2,1,2,2,2,1,2,1,1,1,2,1,1,1,1,2,1,2,,1.0,25,,,14,,,,,,,,,,,,,85.0,2.0,4.0,5.0,4.0,,,4.0,5.0,2.0,,,,
1668,2,2,4,1,5,1,4,4,5,5,,,3.0,3.0,3.0,6.0,2.0,35,2.0,300,,,,16,2.0,2.0,2.0,3.0,1.0,1.0,1.0,1.0,1.0,1.0,5,7,6,6,2,3,4,4,2,1,40.0,35.0,35.0,45.0,70.0,40.0,65.0,75.0,70.0,75.0,2,1,1,2,1,1,1,2,2,2,2,2,1,1,2,1,1,2,2,1,1,2,1,1,1,1,2,2,1,2,1,1,2,1,1,2,2,1,2,1,,,,,,,,,,,,,,,,,,,70.0,2.0,5.0,5.0,4.0,,,,,,,,,
1669,4,4,5,4,5,4,4,4,3,4,,,3.0,4.0,4.0,,,,2.0,395,1.0,4.0,6.0,,,3.0,,,,,,,,,5,2,2,2,1,5,7,7,3,1,23.0,22.0,75.0,60.0,75.0,35.0,46.0,40.0,36.0,80.0,2,1,1,2,2,2,2,2,1,2,1,2,2,2,2,2,2,2,2,2,2,2,1,1,1,1,1,2,2,1,2,2,1,1,2,2,1,2,2,2,2.0,2.0,9,,,20,,4.0,1.0,1.0,1.0,1.0,1.0,1.0,1.0,2.0,2.0,2.0,70.0,3.0,,,,1.0,1.0,,,,,,,
1670,3,4,4,5,5,5,5,5,1,3,60.0,,,,,,2.0,20,,,2.0,5.0,4.0,,1.0,,,,1.0,1.0,1.0,2.0,2.0,1.0,6,1,1,5,1,5,5,5,3,1,40.0,46.0,50.0,70.0,77.0,60.0,75.0,28.0,50.0,43.0,1,1,2,2,1,2,2,2,1,2,2,1,2,2,2,1,2,2,2,2,2,2,2,1,2,1,2,2,2,2,2,1,2,2,1,2,2,2,2,2,2.0,,,1.0,130,0,,4.0,,,,,,,,,,,,1.0,,,,,1.0,4.0,3.0,2.0,,,,3.0
1671,4,4,4,2,1,3,2,2,4,1,80.0,1.0,,,,,,,2.0,900,,,,20,,,,3.0,,,,,,,7,1,1,1,4,7,7,7,1,2,20.0,10.0,10.0,10.0,10.0,10.0,10.0,50.0,50.0,10.0,2,1,1,2,2,2,2,2,2,2,2,2,1,2,1,2,2,2,2,2,2,1,2,2,2,2,2,2,1,2,2,2,2,2,1,1,2,1,2,1,6.0,2.0,11,,,,,,2.0,2.0,1.0,2.0,1.0,2.0,1.0,2.0,1.0,2.0,,,,,,2.0,1.0,4.0,4.0,2.0,3.0,4.0,5.0,1.0
1672,2,3,1,2,3,2,1,1,5,3,30.0,6.0,,,,,2.0,30,,,,,,,,,2.0,,1.0,2.0,1.0,1.0,2.0,1.0,7,3,6,5,3,7,7,7,1,1,60.0,50.0,45.0,50.0,60.0,45.0,55.0,64.0,65.0,50.0,2,2,1,2,2,2,1,2,2,2,2,2,2,2,1,2,2,1,2,2,2,2,2,2,1,1,2,2,2,2,1,2,2,2,2,2,2,2,2,2,4.0,,,1.0,200,10,,2.0,,,,,,,,,,,,,1.0,1.0,1.0,1.0,,3.0,4.0,2.0,,,,1.0
1673,4,3,5,5,3,4,5,4,2,3,,,3.0,4.0,3.0,,,,,,,,,,2.0,2.0,,5.0,1.0,1.0,1.0,1.0,2.0,2.0,6,4,7,6,3,5,4,5,4,1,45.0,35.0,49.0,47.0,40.0,50.0,60.0,65.0,40.0,20.0,1,1,2,2,2,2,1,1,2,2,2,1,1,2,1,2,2,2,1,2,2,2,1,1,1,2,1,2,2,1,1,2,2,2,2,1,1,2,2,2,4.0,1.0,60,1.0,210,5,,,,,,,,,,,,,80.0,3.0,,,,,2.0,,,,5.0,4.0,6.0,
1674,4,3,3,5,5,3,3,5,4,3,,,,,,6.0,1.0,95,,,,,,13,,,1.0,6.0,1.0,1.0,2.0,1.0,1.0,2.0,7,2,7,5,2,5,7,7,2,1,18.0,8.0,22.0,67.0,79.0,16.0,15.0,42.0,79.0,36.0,2,1,2,2,1,2,2,1,2,2,1,2,1,2,2,2,1,2,1,2,1,1,2,2,2,1,2,1,1,2,2,1,2,1,1,2,1,2,2,2,,,,1.0,180,,,,,,,,,,,,,,70.0,3.0,,,,2.0,,4.0,5.0,3.0,4.0,4.0,4.0,3.0
1675,5,3,3,4,4,5,5,5,2,3,,2.0,5.0,4.0,5.0,5.0,,,,,2.0,5.0,6.0,20,,4.0,1.0,,1.0,1.0,1.0,1.0,1.0,1.0,7,3,6,6,5,7,6,6,3,2,72.0,21.0,19.0,10.0,16.0,26.0,74.0,23.0,55.0,29.0,2,1,1,1,1,2,2,1,1,1,2,2,2,1,1,1,1,1,2,1,1,2,2,2,1,1,1,2,1,2,1,1,1,1,2,2,1,2,1,2,,1.0,13,1.0,86,,,6.0,,,,,,,,,,,80.0,,,,,1.0,,,,,,,,
1676,3,2,2,3,5,3,5,5,3,5,76.0,,4.0,4.0,4.0,,2.0,50,,,,,,7,2.0,,2.0,,1.0,2.0,2.0,1.0,1.0,1.0,5,2,4,4,5,6,7,4,3,1,21.0,22.0,23.0,43.0,53.0,25.0,84.0,56.0,28.0,30.0,2,1,1,1,2,1,2,1,1,2,2,1,2,1,2,2,2,1,2,1,2,1,2,2,1,1,2,1,2,2,1,2,1,2,2,2,1,2,2,1,6.0,,,1.0,100,,,3.0,,,,,,,,,,,,2.0,4.0,5.0,5.0,,,,,,,,,2.0
1677,5,4,4,5,5,5,5,5,1,5,34.0,5.0,,,,6.0,,,,,,,,8,1.0,,,,1.0,1.0,1.0,1.0,1.0,1.0,7,1,1,6,1,1,7,7,4,1,80.0,63.0,40.0,32.0,63.0,23.0,88.0,91.0,45.0,77.0,1,2,1,2,2,1,2,1,1,2,2,1,2,2,2,1,2,2,1,2,1,1,2,1,2,1,1,1,1,2,1,2,2,1,2,1,1,1,2,1,,1.0,52,1.0,325,,6.0,5.0,,,,,,,,,,,,,,,,,2.0,5.0,6.0,2.0,5.0,4.0,6.0,
1678,4,3,4,4,4,4,3,4,2,3,30.0,4.0,,,,6.0,,,1.0,2500,,,,13,1.0,,2.0,4.0,1.0,1.0,1.0,2.0,1.0,1.0,6,3,5,6,6,5,7,5,3,2,40.0,27.0,55.0,55.0,20.0,40.0,30.0,45.0,35.0,20.0,1,1,1,2,2,2,1,1,1,1,2,1,1,2,1,1,2,2,1,1,2,2,1,1,2,2,2,2,2,2,2,1,2,2,2,1,1,1,2,2,,2.0,0,,,,10.0,,,,,,,,,,,,,,,,,,,3.0,4.0,1.0,4.0,4.0,5.0,
1679,2,3,3,4,4,2,2,4,4,3,,,3.0,5.0,5.0,5.0,,,,,,,,20,,,2.0,4.0,1.0,1.0,2.0,2.0,1.0,1.0,5,6,2,2,3,2,5,5,2,1,38.0,33.0,45.0,41.0,41.0,52.0,33.0,75.0,50.0,38.0,1,1,2,1,2,1,1,1,1,1,1,1,2,2,2,1,2,2,1,2,2,2,2,2,1,1,1,2,1,1,1,1,2,2,2,2,2,1,1,2,,1.0,35,1.0,300,,6.0,,,,,,,,,,,,70.0,3.0,2.0,4.0,4.0,1.0,,,,,,,,
1680,5,5,5,5,4,5,5,5,4,5,,5.0,4.0,5.0,4.0,6.0,2.0,50,2.0,400,,,,15,,3.0,1.0,5.0,1.0,1.0,2.0,1.0,1.0,2.0,6,2,5,5,5,6,7,6,3,1,60.0,40.0,55.0,80.0,70.0,80.0,90.0,85.0,55.0,75.0,1,2,2,1,1,2,1,1,1,2,1,2,2,2,1,1,2,2,1,2,1,2,2,2,1,2,1,2,1,1,1,1,1,2,2,2,2,1,2,1,,,,,,,,,,,,,,,,,,,70.0,,4.0,5.0,5.0,1.0,,,,,,,,
1681,3,3,3,5,5,5,5,3,1,2,37.0,5.0,,,,,,,,,,,,,,2.0,,,,,,,,,7,1,1,4,4,6,7,5,4,2,34.0,49.0,47.0,48.0,48.0,68.0,70.0,51.0,33.0,49.0,1,2,1,2,1,2,1,2,1,2,1,2,2,2,1,2,1,2,2,1,2,1,1,2,1,1,1,2,2,1,1,2,2,2,2,2,2,2,1,2,4.0,1.0,40,1.0,120,8,,4.0,1.0,2.0,1.0,2.0,1.0,2.0,2.0,1.0,2.0,2.0,,,3.0,3.0,4.0,1.0,1.0,3.0,3.0,4.0,,,,
1682,2,5,5,4,4,5,5,5,4,3,,,,,,5.0,2.0,50,,,1.0,4.0,4.0,,,2.0,2.0,,,,,,,,7,6,7,7,5,5,7,7,2,1,25.0,70.0,55.0,65.0,65.0,80.0,75.0,60.0,70.0,35.0,1,1,2,1,2,2,2,2,2,1,2,2,2,1,2,2,2,1,1,2,1,1,1,2,1,2,1,2,2,2,2,2,1,2,1,2,2,2,1,2,,,,1.0,100,18,,4.0,1.0,1.0,1.0,1.0,1.0,1.0,1.0,1.0,1.0,1.0,50.0,4.0,,,,1.0,,5.0,5.0,5.0,,,,
1683,2,5,2,3,4,3,2,5,3,5,10.0,,3.0,2.0,3.0,,2.0,0,,,,,,15,2.0,,,,,,,,,,3,1,1,1,1,7,7,7,1,2,18.0,30.0,5.0,40.0,37.0,20.0,40.0,33.0,45.0,59.0,2,1,2,2,2,2,2,2,2,1,2,2,2,2,2,2,2,2,2,2,2,2,2,2,2,2,2,2,1,2,2,2,2,2,2,2,1,2,2,2,1.0,,,1.0,300,,,2.0,1.0,1.0,1.0,2.0,1.0,2.0,1.0,1.0,1.0,2.0,,6.0,4.0,5.0,6.0,,2.0,,,,,,,2.0
1684,3,4,4,4,5,3,2,2,3,3,40.0,,3.0,4.0,4.0,6.0,2.0,30,,,,,,16,2.0,4.0,,,1.0,2.0,1.0,1.0,1.0,2.0,5,3,5,6,2,5,4,4,3,1,34.0,27.0,40.0,47.0,65.0,43.0,35.0,59.0,55.0,48.0,2,2,2,2,1,1,1,1,2,2,2,1,2,2,1,2,2,1,1,2,2,1,2,2,2,2,2,1,2,2,2,1,1,1,2,1,1,2,1,1,,,,1.0,150,,,4.0,,,,,,,,,,,,2.0,5.0,5.0,6.0,,2.0,,,,,,,
1685,4,4,4,4,5,4,4,4,4,5,,,,,,,1.0,90,,,2.0,4.0,4.0,18,1.0,,,3.0,1.0,1.0,2.0,1.0,2.0,1.0,5,2,3,3,2,3,5,5,3,2,79.0,80.0,85.0,50.0,70.0,50.0,77.0,77.0,80.0,85.0,2,2,2,2,2,2,1,2,1,2,1,2,2,2,1,2,2,2,2,2,1,2,1,2,2,2,2,2,1,1,2,1,1,2,2,2,2,2,1,2,6.0,,,1.0,115,,,,,,,,,,,,,,30.0,3.0,,,,,1.0,4.0,3.0,3.0,,,,3.0
1686,1,1,1,4,4,2,4,2,3,2,90.0,4.0,,,,,2.0,10,2.0,400,2.0,4.0,3.0,10,2.0,,2.0,4.0,1.0,1.0,1.0,1.0,2.0,1.0,6,1,1,1,1,5,7,7,2,1,0.0,17.0,8.0,85.0,100.0,0.0,100.0,3.0,100.0,100.0,1,1,1,2,2,1,2,2,2,1,1,2,2,2,1,1,1,1,1,1,1,1,1,2,2,1,1,2,1,1,1,2,1,2,1,1,1,1,1,1,6.0,,,,,,,,,,,,,,,,,,,,,,,,,5.0,6.0,6.0,,,,2.0
1687,4,4,5,5,5,5,5,5,1,4,,,,,,,,,2.0,200,,,,,,2.0,,,,,,,,,7,2,1,2,2,5,7,6,2,1,67.0,45.0,60.0,70.0,77.0,49.0,89.0,85.0,37.0,80.0,2,2,2,2,2,2,2,1,2,2,1,1,1,1,1,2,2,1,1,1,1,1,2,2,2,2,1,2,2,1,2,2,2,1,2,2,2,1,1,2,6.0,1.0,30,,,14,,5.0,1.0,1.0,2.0,1.0,1.0,1.0,2.0,1.0,2.0,1.0,60.0,5.0,,,,1.0,2.0,6.0,4.0,2.0,4.0,5.0,6.0,
1688,1,4,1,3,3,2,5,1,5,3,,4.0,,,,,,,2.0,300,1.0,3.0,1.0,,,,,,,,,,,,6,1,6,6,2,7,4,4,3,2,50.0,50.0,50.0,50.0,50.0,50.0,50.0,50.0,80.0,50.0,1,2,1,1,1,1,1,1,2,2,2,2,1,2,2,2,1,1,2,2,1,1,2,2,1,1,2,2,2,2,1,2,2,1,2,2,2,1,2,1,6.0,1.0,20,,,2,10.0,1.0,1.0,1.0,1.0,1.0,1.0,1.0,1.0,1.0,1.0,1.0,75.0,,,,,1.0,2.0,4.0,4.0,4.0,,,,
1689,4,4,4,4,4,4,4,4,3,4,50.0,,,,,,,,2.0,200,4.0,4.0,3.0,10,2.0,,1.0,4.0,1.0,2.0,1.0,2.0,1.0,1.0,5,1,1,1,4,5,6,6,1,2,63.0,85.0,52.0,86.0,72.0,73.0,75.0,14.0,24.0,73.0,1,2,1,2,1,1,1,1,2,2,1,2,2,1,1,2,2,1,1,2,1,1,1,1,2,2,2,1,1,1,2,1,2,1,2,2,1,1,1,1,4.0,1.0,45,,,,4.0,,,,,,,,,,,,,2.0,,,,,,3.0,3.0,3.0,,,,
1690,5,3,4,4,4,1,2,2,5,4,30.0,,4.0,3.0,3.0,6.0,,,,,,,,18,,,,,,,,,,,6,2,2,2,2,7,6,6,2,2,70.0,45.0,25.0,25.0,50.0,20.0,30.0,40.0,80.0,50.0,2,1,2,2,1,2,2,2,2,2,2,2,2,2,1,2,2,2,2,2,1,2,1,2,2,1,2,2,2,2,2,2,1,2,2,2,2,1,2,1,,2.0,8,1.0,100,,,2.0,1.0,1.0,1.0,1.0,1.0,1.0,1.0,1.0,1.0,1.0,,5.0,4.0,4.0,2.0,2.0,1.0,,,,,,,2.0
1691,3,4,4,5,5,4,5,5,4,5,,,1.0,1.0,5.0,,,,,,,,,20,,,1.0,,1.0,1.0,1.0,1.0,1.0,1.0,6,4,4,4,3,5,7,7,2,1,27.0,26.0,44.0,97.0,93.0,78.0,86.0,81.0,59.0,78.0,1,2,1,2,1,1,2,2,1,1,1,1,2,2,2,2,1,2,2,1,2,2,1,1,1,2,1,2,1,1,1,1,1,1,1,2,2,1,1,1,5.0,2.0,10,1.0,100,,,4.0,,,,,,,,,,,40.0,2.0,,,,2.0,,,,,4.0,4.0,5.0,3.0
1692,5,5,5,4,4,5,5,5,2,4,,,,,,6.0,1.0,70,,,,,,11,2.0,,,4.0,1.0,1.0,1.0,2.0,1.0,2.0,7,2,3,3,3,5,7,6,4,1,51.0,39.0,46.0,44.0,38.0,46.0,68.0,60.0,31.0,43.0,2,1,1,2,2,2,1,1,2,2,2,2,1,2,2,2,1,1,2,1,2,2,2,1,1,2,1,2,1,1,2,2,1,2,2,2,1,2,1,2,,,,1.0,100,,10.0,,,,,,,,,,,,70.0,3.0,,,,,1.0,4.0,4.0,3.0,2.0,5.0,6.0,
1693,5,5,5,5,5,5,5,5,3,5,30.0,4.0,4.0,4.0,4.0,4.0,2.0,55,,,,,,,2.0,,1.0,6.0,,,,,,,7,2,3,3,5,6,6,6,3,1,49.0,45.0,45.0,70.0,65.0,60.0,70.0,75.0,50.0,85.0,2,1,2,1,2,2,2,2,1,2,2,2,1,2,2,2,2,1,1,2,1,2,2,2,1,1,2,1,2,2,1,2,2,2,2,1,1,2,1,2,,,,1.0,100,18,4.0,,1.0,1.0,1.0,1.0,1.0,1.0,1.0,1.0,1.0,1.0,,,4.0,5.0,6.0,,,,,,,,,
1694,3,3,4,4,4,4,3,3,1,4,,,,,,2.0,1.0,75,1.0,1550,,,,,2.0,,1.0,2.0,,,,,,,6,2,3,3,4,6,5,5,2,2,40.0,44.0,57.0,74.0,86.0,59.0,73.0,38.0,76.0,66.0,1,1,1,1,1,2,2,1,1,1,1,1,1,1,2,2,1,2,1,2,1,2,1,1,1,1,2,1,2,2,2,2,1,1,1,2,1,1,2,1,,,,,,10,,,2.0,2.0,2.0,2.0,2.0,2.0,2.0,2.0,2.0,2.0,70.0,3.0,2.0,4.0,4.0,,,3.0,3.0,3.0,,,,3.0
1695,5,3,4,5,5,5,4,5,2,5,,4.0,,,,,2.0,45,,,,,,16,,2.0,1.0,2.0,,,,,,,6,1,3,5,5,5,5,5,2,2,75.0,20.0,40.0,55.0,85.0,70.0,65.0,65.0,70.0,75.0,2,2,1,2,2,1,1,2,2,2,1,2,1,2,2,2,1,1,2,2,1,2,1,2,1,1,2,1,2,2,2,2,1,2,2,2,1,2,2,2,3.0,,,1.0,250,,,,1.0,1.0,1.0,1.0,2.0,2.0,2.0,1.0,1.0,1.0,70.0,,1.0,5.0,5.0,1.0,,3.0,4.0,2.0,,,,
1696,3,5,4,5,5,5,5,4,1,5,30.0,3.0,,,,6.0,2.0,50,2.0,300,,,,,1.0,2.0,2.0,5.0,1.0,1.0,2.0,1.0,1.0,2.0,6,2,4,2,4,5,6,6,3,1,45.0,70.0,75.0,95.0,55.0,60.0,90.0,45.0,25.0,95.0,2,1,2,2,2,1,1,1,1,2,2,2,2,2,1,2,1,2,1,2,1,1,2,1,1,1,2,2,2,1,1,2,1,1,2,2,1,1,2,1,,,,,,20,,,,,,,,,,,,,,,2.0,4.0,5.0,,,4.0,3.0,3.0,,,,
1697,4,4,4,4,5,2,5,5,5,1,82.0,1.0,1.0,4.0,3.0,7.0,,,,,,,,10,,,2.0,,,,,,,,5,2,2,5,5,7,5,5,3,1,30.0,40.0,49.0,30.0,0.0,30.0,61.0,81.0,81.0,0.0,2,2,2,2,2,1,2,2,1,1,2,1,1,1,1,2,1,2,2,1,1,1,2,2,1,2,1,1,1,1,1,1,2,2,1,2,2,2,1,1,,2.0,8,1.0,144,,,5.0,1.0,1.0,1.0,1.0,1.0,1.0,1.0,1.0,1.0,1.0,,,,,,1.0,,,,,4.0,5.0,5.0,1.0
1698,5,5,5,5,5,5,5,3,1,4,33.0,,,,,5.0,2.0,45,1.0,1010,,,,,,4.0,,2.0,1.0,2.0,1.0,2.0,1.0,1.0,6,4,4,5,2,4,6,5,3,1,50.0,60.0,80.0,85.0,75.0,80.0,85.0,75.0,30.0,75.0,1,2,1,1,1,2,2,1,2,2,2,1,1,2,1,1,1,2,1,1,1,2,1,1,2,1,2,1,1,1,1,2,2,2,1,1,2,1,2,2,,,,,,5,,,,,,,,,,,,,,3.0,,,,1.0,1.0,2.0,3.0,2.0,2.0,5.0,5.0,
1699,4,3,5,5,4,4,5,5,5,3,50.0,3.0,3.0,3.0,3.0,,,,1.0,1200,,,,5,,,1.0,4.0,,,,,,,6,2,5,5,3,6,6,6,4,1,70.0,50.0,60.0,60.0,90.0,60.0,70.0,80.0,50.0,60.0,1,2,2,2,2,1,1,2,2,2,2,2,2,2,2,2,2,1,2,2,2,2,2,2,2,2,2,2,2,2,2,2,2,2,2,2,2,1,2,2,6.0,2.0,4,,,,,,1.0,1.0,1.0,2.0,1.0,1.0,2.0,1.0,2.0,1.0,,,3.0,4.0,4.0,1.0,,,,,,,,3.0
1700,5,5,5,5,3,3,5,5,1,3,,4.0,3.0,3.0,3.0,4.0,2.0,30,,,1.0,3.0,4.0,,,,,,,,,,,,7,1,4,4,5,7,7,7,3,1,45.0,50.0,30.0,50.0,50.0,35.0,80.0,50.0,50.0,50.0,2,1,1,2,2,1,2,2,1,2,2,1,1,1,2,1,1,1,1,2,1,1,1,1,2,1,1,1,2,1,1,1,1,1,1,2,2,1,2,1,,,,1.0,100,5,,3.0,2.0,2.0,2.0,1.0,1.0,1.0,1.0,1.0,1.0,1.0,70.0,,,,,1.0,2.0,,,,,,,3.0
1701,4,3,3,4,4,3,3,3,3,4,,,4.0,4.0,4.0,,2.0,54,2.0,379.7,,,,5,,,,5.0,,,,,,,5,3,4,4,4,5,6,5,3,2,64.0,47.0,51.0,58.0,79.0,62.0,63.0,66.0,60.0,65.0,1,2,2,1,1,2,1,1,1,2,1,1,2,2,1,2,1,1,1,1,1,1,1,1,1,2,1,2,1,1,2,1,1,2,1,1,1,2,1,2,5.0,,,,,,1.0,,1.0,1.0,1.0,1.0,1.0,2.0,2.0,2.0,2.0,2.0,62.0,3.0,2.0,3.0,3.0,1.0,1.0,,,,,,,
1702,1,3,4,4,3,4,4,5,3,3,,3.0,3.0,3.0,3.0,,2.0,55,2.0,300,,,,20,2.0,2.0,,5.0,,,,,,,6,1,2,2,5,7,7,7,1,2,30.0,79.0,64.0,50.0,51.0,68.0,66.0,89.0,67.0,57.0,1,1,1,2,2,2,2,2,1,1,1,1,2,2,1,2,1,1,2,2,1,1,2,2,1,1,2,1,2,2,2,1,2,2,1,2,1,1,2,2,3.0,,,,,,,,1.0,1.0,1.0,1.0,1.0,1.0,1.0,1.0,1.0,1.0,70.0,,,,,,2.0,,,,4.0,4.0,5.0,
1703,3,4,3,5,4,5,5,5,1,4,81.0,,3.0,4.0,5.0,,2.0,50,,,,,,18,,,1.0,,,,,,,,7,1,3,2,3,5,7,7,1,2,24.0,9.0,20.0,65.0,39.0,38.0,68.0,81.0,12.0,34.0,1,2,2,2,1,2,1,2,2,2,1,2,2,2,2,2,2,1,1,2,2,2,2,2,2,1,2,2,2,2,1,2,2,2,2,2,2,2,1,2,6.0,,,1.0,200,,9.0,4.0,1.0,2.0,1.0,1.0,2.0,1.0,1.0,2.0,1.0,2.0,,4.0,,,,2.0,,,,,3.0,4.0,2.0,
1704,3,5,5,5,5,5,5,5,2,3,33.0,,,,,,,,,,,,,19,,,2.0,,1.0,1.0,1.0,1.0,1.0,1.0,6,3,4,5,2,4,6,6,3,1,45.0,55.0,40.0,70.0,75.0,50.0,65.0,60.0,45.0,55.0,2,2,1,2,1,1,1,1,1,1,1,2,2,2,1,1,2,1,2,2,2,1,2,1,1,1,1,2,1,2,2,2,2,1,2,1,1,2,1,1,4.0,1.0,20,1.0,400,,9.0,4.0,,,,,,,,,,,,5.0,5.0,2.0,3.0,1.0,,3.0,3.0,3.0,,,,
1705,5,4,5,5,5,4,5,5,3,4,30.0,,4.0,4.0,4.0,,2.0,45,1.0,3000,,,,10,1.0,3.0,,6.0,1.0,1.0,1.0,1.0,1.0,1.0,7,2,6,5,3,5,5,5,3,2,59.0,43.0,70.0,65.0,57.0,41.0,55.0,72.0,76.0,39.0,1,2,2,1,2,2,2,1,2,1,2,1,1,2,2,2,1,1,2,2,1,1,1,1,1,1,2,2,1,2,2,1,2,1,2,2,1,1,1,1,3.0,,,,,,,,,,,,,,,,,,,3.0,,,,,1.0,,,,3.0,5.0,6.0,
1706,2,3,3,4,5,2,5,5,5,4,62.0,,,,,6.0,2.0,53,,,4.0,4.0,5.0,15,2.0,,,4.0,,,,,,,5,1,2,4,2,7,6,5,1,1,22.0,37.0,25.0,82.0,50.0,29.0,96.0,69.0,84.0,73.0,2,1,2,1,1,2,2,1,1,1,2,2,1,1,1,1,1,2,2,1,1,1,2,1,2,1,1,2,1,1,1,2,1,2,1,1,2,2,1,2,,,,1.0,140,,10.0,,1.0,1.0,2.0,1.0,1.0,2.0,2.0,1.0,1.0,1.0,,3.0,,,,,2.0,5.0,2.0,1.0,,,,
1707,5,4,4,5,4,5,4,4,5,5,,5.0,,,,4.0,1.0,54,2.0,379,4.0,5.0,5.0,,,3.0,1.0,5.0,,,,,,,7,6,6,7,2,4,3,4,2,2,90.0,40.0,66.0,70.0,80.0,65.0,68.0,62.0,70.0,75.0,1,1,2,1,1,2,1,1,2,1,1,1,2,1,2,2,1,1,1,1,2,1,1,2,1,1,2,1,2,1,1,2,1,1,2,1,2,1,1,1,,,,,,14,,,1.0,1.0,1.0,1.0,1.0,1.0,1.0,2.0,2.0,2.0,70.0,,,,,1.0,,6.0,5.0,6.0,,,,
1708,4,2,2,5,5,1,5,3,3,5,,3.0,3.0,3.0,2.0,,,,,,,,,,,2.0,,6.0,,,,,,,6,1,4,5,2,6,6,6,1,2,18.0,19.0,27.0,100.0,100.0,10.0,100.0,83.0,2.0,100.0,2,1,1,2,1,2,2,2,1,2,1,2,2,2,2,1,2,1,2,1,2,1,1,1,2,1,2,2,1,1,2,2,2,2,2,2,1,2,1,2,3.0,1.0,62,1.0,110,10,,,2.0,2.0,2.0,2.0,2.0,2.0,2.0,2.0,2.0,2.0,68.0,,2.0,4.0,4.0,1.0,1.0,,,,,,,
1709,4,4,4,5,2,4,5,5,4,1,30.0,,,,,6.0,2.0,42,,,,,,15,2.0,3.0,,4.0,,,,,,,6,5,7,5,2,7,4,5,2,2,60.0,49.0,46.0,53.0,46.0,53.0,70.0,63.0,61.0,36.0,2,1,1,1,1,2,2,1,2,1,2,1,1,2,1,2,1,2,1,2,2,2,2,2,1,2,1,2,2,1,2,2,2,2,1,1,2,1,2,1,,,,1.0,300,,,,1.0,1.0,1.0,1.0,1.0,1.0,2.0,1.0,1.0,1.0,,3.0,,,,,2.0,4.0,4.0,3.0,1.0,5.0,2.0,
1710,4,2,3,4,3,4,2,3,4,2,,4.0,,,,4.0,2.0,25,,,,,,,,,1.0,,,,,,,,6,3,5,4,4,5,6,4,2,1,40.0,50.0,28.0,68.0,52.0,29.0,54.0,24.0,60.0,37.0,1,1,2,1,1,1,1,2,2,1,2,1,2,2,1,1,2,1,1,2,1,2,1,1,2,1,2,1,2,1,1,2,1,2,1,1,2,1,1,1,,,,2.0,67,10,3.0,4.0,1.0,1.0,2.0,1.0,2.0,1.0,1.0,1.0,2.0,1.0,37.0,,,,,1.0,,5.0,3.0,4.0,2.0,4.0,4.0,
1711,4,4,4,4,4,4,5,5,5,4,,,,,,,2.0,54,2.0,110,,,,15,1.0,,,4.0,1.0,2.0,1.0,2.0,1.0,2.0,6,1,5,5,2,6,4,5,3,2,45.0,40.0,40.0,40.0,40.0,40.0,40.0,40.0,40.0,40.0,1,1,1,1,1,1,1,1,1,1,1,1,1,1,1,1,1,1,1,1,1,1,1,1,1,1,1,1,1,1,1,1,1,1,1,1,1,2,1,1,6.0,,,,,,,,,,,,,,,,,,100.0,2.0,3.0,4.0,5.0,,2.0,1.0,1.0,1.0,,,,5.0
1712,4,3,4,2,2,5,5,5,1,1,49.0,4.0,3.0,3.0,3.0,5.0,,,2.0,500,1.0,4.0,5.0,,2.0,,,3.0,,,,,,,7,3,1,2,2,3,6,6,2,1,70.0,70.0,70.0,40.0,40.0,80.0,80.0,80.0,20.0,40.0,2,1,1,2,1,1,2,1,2,2,1,2,2,1,1,1,1,2,2,2,1,2,2,1,1,2,2,1,2,1,2,1,2,2,1,2,2,1,1,2,,1.0,30,,,5,,,1.0,1.0,1.0,2.0,2.0,2.0,1.0,2.0,1.0,2.0,,,,,,,1.0,,,,,,,2.0
1713,1,1,3,4,4,4,4,1,4,4,,,4.0,5.0,2.0,6.0,,,1.0,2000,2.0,4.0,5.0,2,,,2.0,,1.0,1.0,1.0,1.0,1.0,1.0,7,5,4,5,1,5,5,5,2,1,49.0,2.0,50.0,80.0,80.0,60.0,80.0,1.0,90.0,90.0,1,1,1,1,2,2,1,2,1,2,1,2,1,1,1,1,1,1,1,1,1,1,1,1,2,1,1,1,1,1,1,1,1,2,1,1,1,1,1,1,,1.0,100,,,,10.0,4.0,,,,,,,,,,,51.0,2.0,,,,1.0,,,,,,,,
1714,3,3,4,4,5,5,3,2,3,2,,5.0,1.0,4.0,3.0,,2.0,20,2.0,300,,,,20,2.0,,1.0,4.0,1.0,1.0,1.0,1.0,2.0,2.0,6,2,6,5,2,7,5,3,3,1,25.0,34.0,45.0,51.0,56.0,65.0,34.0,81.0,37.0,33.0,1,1,2,2,2,2,1,2,1,2,1,2,2,2,1,2,1,1,1,2,1,1,1,1,2,2,1,1,2,2,1,1,1,2,1,1,2,2,1,2,3.0,,,,,,6.0,,,,,,,,,,,,70.0,,,,,,,,,,2.0,5.0,5.0,
1715,5,4,3,4,4,4,4,5,5,4,69.0,4.0,,,,,2.0,54,2.0,390,,,,,,,,,1.0,1.0,1.0,2.0,2.0,1.0,6,2,4,4,2,5,6,5,3,2,71.0,64.0,75.0,66.0,61.0,56.0,67.0,98.0,93.0,79.0,1,1,1,2,1,1,1,2,2,1,2,1,1,1,1,1,1,2,2,2,1,1,1,2,1,1,2,2,1,2,1,1,1,2,2,2,2,1,2,1,6.0,,,,,20,10.0,3.0,,,,,,,,,,,,,,,,2.0,2.0,4.0,3.0,2.0,4.0,5.0,5.0,
1716,5,5,5,5,3,5,5,5,1,1,,2.0,3.0,3.0,6.0,6.0,2.0,54,2.0,370,1.0,5.0,6.0,,2.0,,,6.0,,,,,,,7,2,2,2,5,6,7,7,3,1,65.0,55.0,65.0,75.0,25.0,75.0,80.0,80.0,20.0,10.0,2,1,1,2,1,1,1,2,2,1,1,2,2,1,1,1,1,2,1,1,1,2,2,1,2,2,2,1,2,1,1,1,1,2,1,1,1,2,1,1,,,,,,5,,,1.0,2.0,1.0,1.0,1.0,2.0,1.0,1.0,1.0,1.0,70.0,,,,,,2.0,,,,,,,5.0
1717,4,3,3,2,5,2,2,4,4,4,,3.0,2.0,1.0,1.0,,,,,,,,,,2.0,4.0,,,,,,,,,7,1,6,6,2,7,5,5,3,1,40.0,40.0,30.0,44.0,52.0,44.0,43.0,60.0,49.0,35.0,1,2,2,1,1,2,2,2,2,1,2,1,2,1,1,2,2,2,2,2,2,2,1,2,1,1,2,2,2,2,1,2,2,2,2,1,2,2,2,2,6.0,1.0,35,1.0,1000,20,,5.0,1.0,1.0,1.0,1.0,1.0,1.0,1.0,1.0,1.0,1.0,70.0,,5.0,5.0,3.0,,2.0,,,,,,,
1718,1,1,1,5,5,3,3,5,4,1,,2.0,5.0,4.0,3.0,7.0,,,2.0,250,,,,20,2.0,,,4.0,1.0,1.0,1.0,1.0,2.0,2.0,7,2,5,5,1,6,3,5,3,2,30.0,5.0,5.0,75.0,66.0,40.0,21.0,80.0,33.0,8.0,1,2,2,1,2,2,1,1,1,1,2,1,2,2,1,2,1,2,2,1,1,1,1,2,2,2,2,2,1,1,2,1,1,1,1,2,1,2,2,2,,1.0,20,,,,9.0,,,,,,,,,,,,30.0,,,,,,1.0,,,,5.0,2.0,4.0,
1719,2,3,3,5,5,2,3,3,5,2,30.0,,,,,,2.0,30,,,2.0,3.0,4.0,18,1.0,,2.0,5.0,,,,,,,6,4,5,5,3,3,3,3,3,1,49.0,54.0,47.0,73.0,74.0,52.0,51.0,37.0,81.0,35.0,1,1,1,1,1,2,2,1,1,1,2,2,2,2,1,2,2,1,1,2,2,2,2,2,2,2,2,2,1,1,1,2,1,2,1,2,1,2,1,2,6.0,,,1.0,150,,,,1.0,1.0,1.0,1.0,1.0,1.0,1.0,2.0,2.0,2.0,,4.0,,,,,,3.0,3.0,3.0,,,,2.0
1720,2,5,4,5,5,5,5,3,5,5,,5.0,6.0,1.0,4.0,6.0,,,2.0,800,,,,,2.0,,,5.0,,,,,,,7,1,6,5,1,7,7,7,3,1,15.0,95.0,90.0,100.0,80.0,45.0,85.0,50.0,95.0,100.0,2,2,1,2,1,1,2,2,2,1,2,1,2,2,1,1,1,1,1,2,1,1,2,1,2,1,2,2,1,1,2,2,2,2,2,2,1,2,2,1,,1.0,58,,,0,,,1.0,1.0,1.0,1.0,1.0,2.0,2.0,2.0,2.0,2.0,55.0,,,,,,1.0,,,,1.0,5.0,6.0,6.0
1721,3,4,3,4,3,5,5,5,1,2,,3.0,2.0,2.0,3.0,,,,,,,,,10,1.0,,1.0,4.0,1.0,1.0,2.0,1.0,2.0,1.0,4,1,2,2,3,7,5,5,2,2,29.0,31.0,29.0,50.0,34.0,74.0,66.0,49.0,22.0,40.0,2,1,2,2,2,1,1,1,2,2,2,2,1,1,1,1,2,1,2,1,2,1,1,2,2,2,1,2,2,2,1,1,2,2,2,2,1,2,1,2,6.0,2.0,10,1.0,200,,,,,,,,,,,,,,70.0,,,,,,,,,,1.0,5.0,4.0,3.0
1722,5,4,4,5,4,5,5,5,2,3,,4.0,4.0,3.0,4.0,5.0,2.0,60,,,,,,18,2.0,,,5.0,1.0,1.0,1.0,1.0,1.0,1.0,7,2,4,5,5,6,6,5,2,1,60.0,40.0,40.0,60.0,60.0,60.0,70.0,80.0,40.0,60.0,1,2,1,1,2,1,2,2,2,2,1,2,2,2,2,2,1,1,2,2,2,1,1,2,1,1,1,1,2,2,2,1,1,2,2,1,2,1,2,2,,,,1.0,200,,9.0,,,,,,,,,,,,90.0,,,,,,2.0,,,,4.0,5.0,5.0,
1723,5,3,5,5,3,4,4,5,2,1,,4.0,,,,,,,,,,,,20,,,,1.0,1.0,1.0,2.0,1.0,2.0,1.0,6,1,5,5,3,6,5,5,3,1,30.0,70.0,40.0,60.0,60.0,20.0,40.0,70.0,50.0,40.0,2,1,1,2,1,2,1,2,2,1,1,2,2,1,2,2,2,2,1,1,2,2,2,1,2,2,2,2,1,2,2,1,1,2,1,2,1,1,1,2,6.0,1.0,50,1.0,160,,,,,,,,,,,,,,70.0,,,,,2.0,1.0,2.0,3.0,3.0,4.0,5.0,4.0,4.0
1724,3,4,3,5,3,3,5,5,2,5,,4.0,2.0,4.0,2.0,,2.0,30,,,,,,,2.0,,1.0,4.0,,,,,,,6,4,4,4,4,3,4,4,1,1,15.0,15.0,18.0,58.0,48.0,50.0,67.0,20.0,25.0,67.0,1,2,2,1,2,1,1,1,1,1,1,1,2,2,2,2,1,1,2,1,1,1,1,2,1,2,1,2,2,1,1,2,2,2,2,1,2,2,1,1,3.0,,,1.0,120,15,,,2.0,2.0,2.0,1.0,2.0,2.0,2.0,1.0,2.0,2.0,70.0,,4.0,4.0,2.0,,,,,,,,,4.0
1725,5,5,5,4,4,5,2,5,2,3,56.0,4.0,,,,6.0,2.0,28,,,,,,,1.0,,1.0,,1.0,1.0,2.0,1.0,2.0,1.0,7,4,3,3,2,5,6,6,3,2,75.0,48.0,64.0,48.0,41.0,50.0,71.0,80.0,50.0,48.0,1,1,2,2,1,1,1,2,1,2,2,2,1,1,2,1,2,1,2,1,1,1,2,2,1,1,1,1,1,2,2,1,1,2,1,2,2,1,2,2,,,,1.0,120,5,,5.0,,,,,,,,,,,,,,,,,,3.0,4.0,3.0,4.0,5.0,4.0,3.0
1726,2,4,3,3,5,5,3,5,1,3,,,,,,,,,,,,,,15,1.0,,1.0,,,,,,,,6,4,4,3,5,4,6,6,1,2,76.0,60.0,65.0,70.0,50.0,45.0,40.0,88.0,70.0,95.0,2,2,2,1,2,1,2,2,1,2,2,2,2,2,2,2,1,2,2,1,1,2,2,2,2,2,1,1,2,2,1,2,2,2,2,1,2,2,1,2,5.0,1.0,50,1.0,300,,,3.0,1.0,1.0,1.0,1.0,2.0,1.0,1.0,2.0,1.0,2.0,86.0,2.0,,,,,,4.0,5.0,2.0,2.0,4.0,3.0,2.0
1727,4,5,4,4,5,5,5,5,3,3,,5.0,4.0,3.0,3.0,6.0,2.0,50,1.0,1200,,,,,,,1.0,,,,,,,,7,2,3,2,2,6,6,7,1,2,63.0,39.0,44.0,58.0,60.0,45.0,42.0,75.0,58.0,46.0,2,2,1,1,2,1,2,2,2,1,1,2,1,1,1,1,1,1,2,2,1,1,1,2,1,2,1,2,1,1,1,1,1,1,1,1,1,1,1,1,,,,,,10,4.0,5.0,2.0,1.0,1.0,2.0,2.0,1.0,2.0,1.0,2.0,1.0,10.0,,1.0,5.0,5.0,1.0,,,,,,,,
1728,4,3,4,5,5,5,5,5,3,3,35.0,,3.0,3.0,3.0,,2.0,50,,,,,,,2.0,,1.0,6.0,,,,,,,6,1,5,5,5,7,5,6,1,1,40.0,50.0,55.0,60.0,50.0,50.0,65.0,70.0,55.0,50.0,1,2,2,1,2,1,2,2,2,1,2,2,2,2,1,2,1,2,2,2,2,2,1,2,2,1,2,2,2,2,1,2,2,1,2,1,2,1,2,2,5.0,,,1.0,300,12,10.0,,1.0,1.0,1.0,1.0,1.0,1.0,1.0,1.0,1.0,1.0,,3.0,,,,,,,,,5.0,5.0,6.0,
1729,5,5,5,5,5,3,5,5,5,5,,2.0,3.0,2.0,3.0,3.0,,,,,,,,12,,,1.0,,1.0,1.0,1.0,1.0,1.0,1.0,7,1,5,5,2,5,6,5,3,1,70.0,65.0,90.0,95.0,99.0,55.0,90.0,80.0,50.0,90.0,1,1,1,2,2,2,2,2,1,1,2,2,2,2,2,2,1,2,1,2,2,1,1,1,2,1,2,2,2,1,1,1,2,2,1,1,1,2,2,2,,1.0,50,1.0,100,,5.0,2.0,,,,,,,,,,,70.0,,,,,2.0,,,,,4.0,2.0,3.0,
1730,4,4,4,5,5,5,5,5,1,2,95.0,5.0,,,,,2.0,50,2.0,500,,,,,2.0,,2.0,,,,,,,,6,1,4,3,3,5,5,5,2,2,30.0,35.0,30.0,45.0,45.0,60.0,75.0,85.0,30.0,30.0,2,2,1,1,1,1,2,1,1,2,2,2,1,2,1,1,2,1,1,2,2,1,2,1,1,1,2,2,1,2,2,2,1,2,2,2,2,1,2,2,6.0,,,,,10,,6.0,1.0,1.0,1.0,1.0,1.0,1.0,1.0,1.0,1.0,1.0,,,2.0,5.0,5.0,,,3.0,3.0,1.0,,,,3.0
1731,4,4,5,4,2,4,2,4,2,4,3.0,2.0,5.0,3.0,4.0,5.0,,,,,,,,,2.0,,,,,,,,,,6,2,6,4,1,5,5,7,2,1,54.0,27.0,23.0,23.0,30.0,40.0,73.0,37.0,100.0,25.0,1,2,1,2,1,2,1,1,1,2,1,2,1,1,2,1,2,1,2,1,2,1,2,1,1,2,2,2,1,1,2,1,1,1,2,1,2,2,1,1,,1.0,20,1.0,200,10,10.0,1.0,1.0,2.0,1.0,2.0,1.0,2.0,2.0,1.0,1.0,1.0,,,5.0,4.0,2.0,,1.0,,,,,,,
1732,4,5,4,5,1,5,5,5,2,1,,4.0,,,,6.0,1.0,73,2.0,593,,,,10,2.0,,1.0,4.0,,,,,,,6,1,1,1,4,7,7,7,3,2,20.0,21.0,9.0,64.0,4.0,59.0,40.0,17.0,28.0,8.0,1,2,1,1,1,2,1,1,1,2,1,1,1,2,1,1,2,1,1,1,2,1,2,2,1,1,1,1,2,2,2,1,1,1,2,2,2,1,1,2,,,,,,,,,1.0,1.0,2.0,1.0,2.0,1.0,2.0,1.0,1.0,2.0,81.0,,,,,,,4.0,2.0,3.0,2.0,5.0,6.0,1.0
1733,4,3,3,4,3,2,3,4,4,3,90.0,,,,,,,,2.0,400,,,,,2.0,,1.0,5.0,,,,,,,6,1,6,5,5,7,5,5,2,2,40.0,21.0,30.0,50.0,60.0,20.0,60.0,70.0,80.0,60.0,2,2,2,2,1,2,1,2,1,2,1,2,2,2,2,2,2,1,2,2,1,1,2,1,2,2,2,1,2,1,2,2,2,2,2,1,1,2,2,2,4.0,1.0,60,,,0,,,1.0,1.0,1.0,2.0,1.0,2.0,1.0,1.0,2.0,1.0,,2.0,,,,,,2.0,5.0,4.0,4.0,4.0,3.0,1.0
1734,4,4,4,5,3,5,5,5,1,3,,4.0,,,,,2.0,35,1.0,1200,,,,15,1.0,,1.0,,1.0,1.0,1.0,2.0,2.0,1.0,6,2,1,1,5,6,7,7,4,2,70.0,70.0,50.0,70.0,50.0,60.0,75.0,100.0,50.0,50.0,2,1,2,2,2,1,2,1,2,1,2,2,2,1,2,2,2,1,1,1,1,1,2,2,1,1,1,2,2,2,1,1,1,2,1,2,2,1,2,1,6.0,,,,,,4.0,4.0,,,,,,,,,,,2.0,,4.0,5.0,6.0,,,2.0,4.0,2.0,,,,
1735,4,4,4,5,2,4,5,5,4,2,30.0,5.0,4.0,4.0,4.0,6.0,2.0,50,,,3.0,5.0,5.0,,1.0,2.0,1.0,4.0,,,,,,,6,2,2,2,2,6,5,6,3,2,40.0,35.0,19.0,70.0,49.0,30.0,85.0,63.0,54.0,51.0,2,2,2,1,2,2,1,2,1,2,2,2,2,1,2,2,1,2,2,2,2,1,2,1,2,2,2,2,2,2,1,2,2,2,2,2,2,2,2,1,,,,1.0,300,10,,,1.0,1.0,1.0,1.0,1.0,1.0,1.0,1.0,1.0,1.0,,,,,,,,,,,,,,
1736,4,3,2,4,4,5,4,4,4,4,70.0,4.0,3.0,3.0,4.0,4.0,,,2.0,300,,,,,2.0,,,,,,,,,,6,2,5,6,2,6,6,6,2,1,50.0,50.0,45.0,35.0,75.0,75.0,60.0,90.0,50.0,80.0,1,1,2,1,2,2,2,2,1,1,2,2,2,2,1,1,2,2,2,2,2,2,2,1,2,2,2,1,2,2,1,2,2,2,2,2,2,2,2,2,,1.0,14,,,19,,5.0,1.0,1.0,1.0,1.0,1.0,1.0,1.0,1.0,1.0,1.0,,,4.0,4.0,5.0,,2.0,,,,,,,2.0
1737,4,5,4,5,5,5,4,5,4,1,30.0,3.0,,,,,2.0,37,,,1.0,4.0,5.0,20,,3.0,2.0,5.0,,,,,,,5,1,3,3,5,7,3,3,4,1,60.0,54.0,46.0,56.0,74.0,67.0,76.0,77.0,52.0,20.0,1,1,2,2,2,2,2,2,2,2,2,2,2,1,2,2,2,2,2,2,2,1,2,2,2,2,2,1,2,2,2,2,2,2,1,2,1,2,2,1,6.0,,,1.0,200,,,,1.0,1.0,1.0,2.0,1.0,1.0,2.0,1.0,1.0,2.0,,,,,,2.0,,3.0,2.0,4.0,,,,
1738,5,2,4,3,5,5,3,4,2,2,40.0,,,,,,2.0,50,2.0,800,,,,,2.0,,,4.0,,,,,,,6,1,6,6,2,6,5,5,2,1,50.0,40.0,40.0,20.0,60.0,40.0,50.0,30.0,60.0,50.0,2,2,2,1,2,2,2,2,2,2,2,2,2,2,2,2,2,2,2,2,2,1,2,2,2,2,2,2,2,2,2,2,2,2,2,2,2,2,2,2,3.0,,,,,10,,,1.0,1.0,1.0,1.0,1.0,1.0,1.0,1.0,1.0,1.0,,2.0,4.0,2.0,3.0,,2.0,2.0,3.0,3.0,,,,2.0
1739,4,2,2,2,4,4,5,5,3,4,70.0,,3.0,2.0,4.0,6.0,,,2.0,800,,,,,2.0,,,2.0,,,,,,,6,3,5,6,2,6,5,6,3,1,40.0,50.0,25.0,60.0,65.0,30.0,75.0,90.0,45.0,25.0,1,1,1,1,2,2,1,1,2,1,2,1,2,1,1,1,1,2,1,1,2,2,2,1,2,1,1,2,1,2,1,1,1,2,2,2,2,2,1,1,,2.0,10,,,5,,,2.0,2.0,2.0,2.0,2.0,2.0,2.0,2.0,2.0,2.0,,3.0,,,,,2.0,,,,4.0,4.0,6.0,2.0
1740,4,3,3,4,4,2,5,5,4,4,,5.0,,,,6.0,,,2.0,400,1.0,4.0,6.0,15,2.0,1.0,,,,,,,,,7,1,5,4,3,7,5,6,1,2,71.0,47.0,59.0,66.0,89.0,45.0,95.0,95.0,74.0,85.0,2,2,1,2,2,2,1,1,1,1,2,2,2,1,1,1,2,2,1,2,2,2,1,2,1,1,2,2,2,1,1,2,1,1,1,2,2,1,2,2,,1.0,50,,,,,5.0,1.0,1.0,2.0,1.0,1.0,2.0,1.0,1.0,1.0,2.0,70.0,,,,,,2.0,4.0,2.0,3.0,,,,
1741,4,4,4,4,4,4,4,4,4,4,,,,,,7.0,2.0,50,2.0,350,,,,,,,1.0,4.0,2.0,2.0,2.0,1.0,1.0,2.0,6,1,4,5,3,7,7,4,3,2,84.0,68.0,83.0,91.0,79.0,73.0,90.0,77.0,84.0,87.0,1,2,1,2,1,2,2,2,1,1,1,1,2,2,2,2,1,2,2,1,1,2,1,1,2,2,1,1,1,1,1,2,2,1,2,1,1,2,1,1,,,,,,15,3.0,,,,,,,,,,,,82.0,2.0,2.0,4.0,5.0,2.0,,5.0,2.0,2.0,,,,
1742,2,5,3,5,5,4,5,5,4,5,,4.0,,,,6.0,,,,,2.0,4.0,3.0,,1.0,,,4.0,1.0,1.0,2.0,1.0,2.0,1.0,7,1,2,5,1,7,5,6,3,2,30.0,30.0,30.0,50.0,50.0,25.0,100.0,65.0,55.0,100.0,1,2,2,2,2,2,1,2,1,1,1,1,1,1,1,2,1,1,1,2,1,1,2,1,1,1,2,1,1,2,1,2,1,1,1,1,1,1,1,1,,1.0,30,1.0,100,5,3.0,,,,,,,,,,,,30.0,,,,,,1.0,5.0,2.0,2.0,,,,
1743,3,3,3,5,5,3,3,5,3,3,30.0,5.0,,,,4.0,2.0,50,,,,,,15,,1.0,,4.0,1.0,1.0,1.0,1.0,2.0,2.0,6,3,4,5,2,5,5,5,1,1,49.0,42.0,38.0,55.0,55.0,46.0,40.0,57.0,52.0,40.0,2,2,2,2,1,2,2,2,2,2,2,2,2,2,1,1,2,2,2,2,2,2,2,2,2,2,2,2,2,2,2,1,2,2,2,2,1,2,2,2,,,,1.0,200,,,,,,,,,,,,,,,,5.0,3.0,4.0,1.0,2.0,3.0,4.0,3.0,,,,
1744,4,5,4,5,5,5,5,5,1,1,,,4.0,5.0,4.0,,,,,,,,,,2.0,,,5.0,1.0,1.0,1.0,1.0,1.0,1.0,7,2,3,3,2,6,7,7,3,1,41.0,40.0,46.0,55.0,49.0,49.0,66.0,55.0,62.0,45.0,2,2,2,2,2,2,1,2,1,2,2,2,2,2,1,2,2,2,1,2,2,2,2,2,1,2,2,2,2,1,1,2,2,2,2,2,2,2,2,2,5.0,1.0,80,1.0,200,10,8.0,,,,,,,,,,,,90.0,4.0,,,,,2.0,,,,5.0,4.0,4.0,
1745,4,4,3,5,4,4,4,4,2,4,,3.0,,,,6.0,1.0,100,2.0,65,,,,15,,,1.0,,1.0,1.0,1.0,2.0,2.0,2.0,6,1,1,1,2,6,7,7,1,2,57.0,58.0,40.0,81.0,79.0,47.0,69.0,89.0,48.0,72.0,2,2,2,2,2,1,2,2,1,1,1,2,2,2,1,2,2,1,2,1,2,2,1,2,2,2,2,2,2,1,2,2,2,2,2,2,1,2,2,2,,,,,,,10.0,4.0,,,,,,,,,,,81.0,,,,,1.0,,3.0,5.0,1.0,2.0,5.0,4.0,
1746,1,1,5,1,1,1,5,5,5,5,,,,,,,2.0,54,,,1.0,5.0,6.0,,,1.0,1.0,,1.0,1.0,1.0,1.0,2.0,2.0,7,1,1,1,7,7,7,7,1,1,6.0,50.0,100.0,11.0,17.0,5.0,100.0,100.0,100.0,100.0,1,2,2,2,1,2,1,1,2,2,2,2,1,2,1,1,2,1,2,2,1,2,2,2,2,2,2,2,2,2,2,1,1,2,1,2,2,1,2,2,3.0,,,1.0,350,0,,6.0,,,,,,,,,,,100.0,1.0,,,,2.0,,6.0,6.0,6.0,,,,
1747,2,1,1,4,4,1,2,2,5,2,30.0,4.0,3.0,2.0,2.0,6.0,,,,,1.0,2.0,5.0,,2.0,,1.0,,1.0,1.0,1.0,1.0,1.0,1.0,6,2,6,6,1,5,3,3,2,1,40.0,45.0,54.0,53.0,54.0,26.0,62.0,62.0,59.0,29.0,2,2,2,1,2,2,2,2,2,1,2,1,1,2,2,1,1,2,2,2,2,1,1,2,2,2,2,1,2,2,2,2,2,2,1,2,2,2,2,2,,1.0,45,1.0,200,20,10.0,2.0,,,,,,,,,,,,,,,,,,,,,,,,
1748,2,4,1,5,5,4,4,5,2,1,3.0,3.0,3.0,3.0,3.0,,,,,,2.0,2.0,3.0,,2.0,2.0,1.0,5.0,,,,,,,6,2,7,6,1,3,4,3,2,2,43.0,40.0,51.0,60.0,55.0,45.0,40.0,60.0,67.0,13.0,1,1,2,2,2,2,1,2,1,2,1,2,2,2,2,2,1,2,2,1,1,2,1,2,2,1,2,2,2,2,2,2,1,2,2,2,2,1,2,2,6.0,1.0,50,1.0,450,5,,,2.0,1.0,1.0,2.0,1.0,1.0,2.0,1.0,1.0,1.0,,,,,,,,,,,,,,
1749,4,5,4,4,5,4,4,5,5,4,91.0,,2.0,1.0,5.0,7.0,2.0,54,2.0,379.7,,,,16,,,1.0,5.0,,,,,,,5,2,2,5,5,6,7,5,1,2,62.0,82.0,66.0,79.0,70.0,78.0,74.0,72.0,96.0,100.0,1,1,2,1,1,1,1,1,2,1,1,1,2,1,1,1,2,1,1,1,1,1,2,1,1,1,1,1,1,1,1,1,1,2,1,1,1,1,2,1,,,,,,,8.0,,1.0,1.0,2.0,1.0,1.0,2.0,2.0,1.0,1.0,2.0,,2.0,2.0,4.0,4.0,1.0,,,,,,,,
1750,4,5,4,5,4,5,4,5,1,1,,5.0,,,,5.0,,,,,,,,,2.0,,,,1.0,1.0,1.0,1.0,1.0,1.0,6,2,5,4,2,5,6,5,3,1,34.0,28.0,32.0,55.0,61.0,53.0,46.0,54.0,40.0,34.0,2,2,2,2,2,2,2,1,1,2,2,1,1,2,1,2,1,1,2,2,2,2,2,2,2,2,2,1,2,2,2,2,2,1,2,1,1,2,2,2,,1.0,18,1.0,185,15,10.0,6.0,,,,,,,,,,,95.0,,,,,,1.0,4.0,3.0,2.0,5.0,4.0,4.0,
1751,3,4,4,4,4,5,4,5,3,4,,,2.0,4.0,3.0,,,,,,,,,,1.0,3.0,1.0,4.0,1.0,1.0,2.0,1.0,2.0,1.0,6,1,4,5,5,6,6,6,3,2,30.0,42.0,25.0,28.0,33.0,34.0,54.0,36.0,42.0,61.0,1,1,2,2,2,2,2,2,2,1,2,2,2,2,2,2,2,2,1,1,2,2,1,2,1,1,2,2,1,1,1,1,2,2,2,1,2,2,1,2,5.0,2.0,8,1.0,115,15,,,,,,,,,,,,,77.0,3.0,2.0,5.0,6.0,,,,,,,,,
1752,1,1,1,1,1,1,3,1,5,3,,5.0,3.0,5.0,2.0,4.0,,,,,,,,,1.0,,1.0,,2.0,2.0,2.0,1.0,1.0,1.0,4,1,1,1,4,7,7,7,1,1,5.0,5.0,5.0,13.0,10.0,7.0,79.0,28.0,78.0,37.0,1,2,2,2,1,2,2,2,2,2,2,1,2,1,2,2,1,2,2,1,2,1,2,1,1,1,1,1,1,2,1,1,2,2,2,1,2,2,1,2,,1.0,20,1.0,150,0,10.0,2.0,,,,,,,,,,,68.0,,1.0,1.0,3.0,,,,,,,,,
1753,3,3,3,4,4,4,5,5,5,5,,,,,,,2.0,50,,,,,,13,,1.0,,6.0,1.0,1.0,1.0,2.0,1.0,2.0,7,4,6,5,1,3,5,6,1,1,71.0,13.0,57.0,84.0,100.0,51.0,100.0,44.0,50.0,100.0,1,2,2,1,2,1,1,1,2,2,1,2,1,2,1,1,1,2,1,2,2,2,1,1,1,2,1,2,2,2,2,1,1,2,1,2,1,2,2,2,5.0,,,1.0,120,,,,,,,,,,,,,,60.0,4.0,,,,2.0,2.0,5.0,2.0,1.0,5.0,5.0,6.0,
1754,4,3,4,3,4,3,5,5,4,4,,2.0,,,,,,,1.0,1200,,,,15,,,1.0,,1.0,1.0,2.0,1.0,2.0,1.0,7,2,2,6,5,6,5,5,4,1,61.0,40.0,58.0,36.0,67.0,41.0,100.0,81.0,37.0,72.0,2,1,1,2,1,1,2,2,1,2,2,1,1,2,1,1,1,2,2,2,1,1,2,1,2,1,1,2,1,2,2,2,1,1,1,2,1,2,2,1,5.0,1.0,15,,,,,4.0,,,,,,,,,,,71.0,,,,,1.0,,3.0,4.0,4.0,4.0,5.0,5.0,3.0
1755,4,4,3,4,4,2,4,5,5,3,,6.0,4.0,4.0,1.0,4.0,2.0,50,2.0,298,,,,20,,,,5.0,,,,,,,6,1,1,5,2,7,7,5,3,2,43.0,58.0,35.0,55.0,75.0,30.0,48.0,92.0,65.0,46.0,2,1,1,1,1,2,1,1,2,1,2,1,1,1,2,1,2,1,1,2,2,2,1,1,1,2,2,2,2,1,2,2,1,1,1,1,2,2,1,2,,,,,,,,,1.0,1.0,1.0,1.0,2.0,2.0,1.0,1.0,1.0,2.0,20.0,,4.0,4.0,4.0,2.0,1.0,,,,,,,1.0
1756,1,2,2,2,4,1,3,2,5,4,40.0,,,,,,,,1.0,1200,2.0,3.0,4.0,,2.0,,1.0,,,,,,,,6,3,6,6,5,6,7,6,2,2,40.0,25.0,30.0,20.0,50.0,20.0,60.0,45.0,70.0,50.0,2,2,2,1,1,1,2,2,1,1,2,2,1,1,1,2,1,1,2,1,2,1,1,2,1,2,2,1,2,1,1,2,2,2,1,2,1,1,2,2,6.0,1.0,25,,,10,8.0,4.0,1.0,1.0,2.0,1.0,2.0,1.0,1.0,2.0,1.0,1.0,,4.0,,,,,,4.0,4.0,2.0,,,,
1757,1,3,2,3,4,4,4,4,4,4,,4.0,,,,,,,,,,,,15,1.0,,,,1.0,1.0,2.0,2.0,1.0,1.0,5,2,6,3,3,3,3,5,2,2,23.0,29.0,14.0,19.0,82.0,61.0,92.0,77.0,52.0,51.0,1,1,2,2,1,2,2,1,2,1,1,2,2,2,2,1,1,2,2,1,2,1,2,2,1,2,2,2,2,2,2,1,1,2,1,2,2,2,1,2,4.0,1.0,54,1.0,250,,7.0,3.0,,,,,,,,,,,70.0,,,,,,1.0,3.0,3.0,2.0,3.0,2.0,4.0,
1758,1,3,4,5,4,4,3,1,3,3,34.0,,,,,7.0,2.0,50,,,1.0,5.0,6.0,,2.0,,,4.0,,,,,,,7,4,5,5,1,5,6,6,1,1,51.0,48.0,57.0,78.0,58.0,49.0,64.0,21.0,70.0,63.0,1,2,2,2,1,1,1,1,1,1,1,1,2,2,1,2,1,1,1,1,1,1,1,1,1,2,1,2,2,1,2,1,2,2,1,1,2,1,1,2,,,,1.0,100,7,,,1.0,1.0,1.0,1.0,1.0,2.0,2.0,2.0,2.0,2.0,,3.0,,,,,2.0,4.0,3.0,2.0,,,,2.0
1759,5,5,5,5,5,5,5,5,3,5,30.0,,3.0,5.0,3.0,6.0,,,,,,,,,2.0,4.0,1.0,,,,,,,,6,1,2,3,2,6,7,6,3,1,70.0,66.0,65.0,62.0,62.0,61.0,61.0,62.0,31.0,63.0,1,1,1,1,1,1,1,1,2,2,1,1,2,2,2,1,1,1,2,2,1,1,1,2,1,1,2,1,2,1,1,1,1,1,2,1,2,2,1,2,,1.0,54,1.0,379,15,,4.0,1.0,1.0,1.0,1.0,1.0,1.0,1.0,1.0,1.0,1.0,,3.0,,,,,,,,,3.0,4.0,5.0,
1760,4,3,3,4,3,4,3,3,3,3,,3.0,5.0,3.0,5.0,7.0,2.0,54,2.0,379.1,,,,,2.0,,,,1.0,1.0,2.0,2.0,1.0,2.0,4,5,6,5,6,6,6,6,2,2,64.0,52.0,63.0,54.0,56.0,50.0,50.0,55.0,50.0,53.0,1,1,2,1,2,1,1,1,1,1,1,2,1,2,1,1,2,1,2,1,1,1,2,1,1,1,1,1,2,1,1,1,1,2,1,1,1,1,1,1,,,,,,2,2.0,3.0,,,,,,,,,,,70.0,,3.0,4.0,5.0,,1.0,,,,,,,
1761,4,1,1,2,5,1,5,1,5,3,,,3.0,3.0,3.0,,,,2.0,368,5.0,1.0,1.0,,,,,3.0,1.0,1.0,1.0,1.0,1.0,1.0,5,4,5,5,2,6,5,5,1,1,56.0,29.0,34.0,45.0,58.0,34.0,56.0,53.0,46.0,56.0,2,2,1,2,2,1,2,2,2,2,2,2,1,2,2,1,2,2,2,2,2,1,2,2,2,2,2,1,1,2,1,2,2,1,1,1,1,2,1,1,4.0,1.0,55,,,18,,,,,,,,,,,,,70.0,3.0,,,,2.0,2.0,,,,,,,1.0
1762,3,2,4,3,4,4,4,4,3,2,30.0,,,,,,2.0,48,2.0,200,1.0,5.0,6.0,20,2.0,2.0,2.0,,1.0,1.0,1.0,1.0,1.0,1.0,5,1,3,3,1,3,5,5,1,2,20.0,49.0,82.0,35.0,49.0,47.0,38.0,31.0,26.0,32.0,1,2,1,1,1,1,2,2,2,1,2,1,1,2,2,2,1,1,1,1,1,2,1,1,1,1,1,1,1,1,1,1,1,2,1,1,2,2,2,1,6.0,,,,,,,3.0,,,,,,,,,,,,1.0,,,,,,5.0,5.0,1.0,,,,
1763,4,5,4,4,5,2,5,4,2,2,53.0,,,,,,,,2.0,382,2.0,5.0,6.0,5,,,,4.0,1.0,1.0,1.0,2.0,1.0,2.0,5,6,3,5,2,3,6,5,1,1,80.0,63.0,73.0,59.0,73.0,36.0,54.0,66.0,76.0,52.0,1,1,1,2,1,1,1,1,2,1,1,1,2,1,2,2,2,2,2,2,2,2,2,2,2,1,1,2,2,2,2,2,1,2,2,1,1,2,2,1,5.0,1.0,54,,,,8.0,,,,,,,,,,,,,2.0,,,,1.0,2.0,6.0,4.0,3.0,,,,
1764,5,5,5,5,5,5,5,5,1,1,70.0,5.0,5.0,4.0,3.0,,2.0,50,,,1.0,5.0,4.0,,,,,,,,,,,,7,1,5,5,5,7,6,6,4,1,42.0,26.0,50.0,80.0,80.0,92.0,81.0,83.0,47.0,33.0,2,2,1,1,1,1,1,1,1,2,1,2,1,1,1,1,1,1,2,2,2,2,2,1,1,1,1,1,2,2,1,2,2,1,2,1,2,1,1,2,5.0,,,1.0,110,15,8.0,6.0,2.0,1.0,1.0,2.0,2.0,2.0,1.0,1.0,2.0,2.0,,,,,,2.0,2.0,,,,,,,
1765,3,4,3,5,5,3,4,5,4,4,,4.0,3.0,4.0,3.0,,2.0,50,,,1.0,3.0,1.0,15,2.0,,,4.0,1.0,1.0,1.0,1.0,1.0,1.0,7,5,6,6,3,5,5,6,2,1,35.0,58.0,30.0,62.0,70.0,58.0,62.0,90.0,70.0,72.0,1,2,2,2,2,2,2,1,1,1,2,1,2,2,2,2,1,1,1,2,2,1,1,2,2,2,2,1,1,2,2,1,2,2,2,2,1,1,1,2,6.0,,,1.0,300,,,,,,,,,,,,,,88.0,,,,,,2.0,,,,,,,2.0
1766,5,4,5,5,5,5,5,5,2,2,,4.0,,,,,2.0,55,2.0,350,2.0,4.0,5.0,,,2.0,,5.0,1.0,2.0,1.0,1.0,2.0,1.0,6,1,4,2,5,6,7,7,3,2,72.0,34.0,66.0,80.0,76.0,68.0,68.0,90.0,83.0,68.0,1,1,2,1,1,2,2,1,2,1,1,1,1,1,1,1,1,1,1,1,1,2,1,2,2,1,2,1,1,1,2,1,1,1,1,1,1,2,2,1,3.0,,,,,2,,,,,,,,,,,,,61.0,,,,,2.0,1.0,4.0,5.0,2.0,,,,
1767,3,5,5,3,5,4,5,5,4,3,30.0,6.0,4.0,3.0,5.0,,2.0,54,2.0,200,,,,,1.0,2.0,2.0,6.0,,,,,,,6,1,5,5,5,6,5,5,2,2,30.0,40.0,50.0,25.0,60.0,33.0,66.0,80.0,20.0,30.0,2,1,2,2,1,1,1,2,1,2,2,1,2,2,1,2,2,1,2,2,2,2,2,2,2,1,1,2,1,2,1,2,2,2,1,2,1,1,2,2,3.0,,,,,15,,,1.0,1.0,1.0,1.0,1.0,1.0,1.0,1.0,1.0,1.0,,,5.0,4.0,5.0,,,,,,,,,
1768,5,5,5,5,4,4,5,4,4,5,50.0,,1.0,1.0,3.0,,,,,,,,,,,,1.0,4.0,1.0,1.0,1.0,1.0,2.0,2.0,6,5,6,6,2,3,5,5,4,2,68.0,70.0,87.0,93.0,93.0,50.0,98.0,77.0,56.0,87.0,1,1,1,1,1,1,1,1,1,1,1,1,1,1,1,1,1,1,1,1,1,2,1,2,2,1,1,1,2,1,1,1,1,1,1,1,1,1,1,1,6.0,1.0,50,1.0,350,10,,,,,,,,,,,,,,2.0,,,,1.0,,,,,2.0,5.0,6.0,3.0
1769,5,5,5,5,5,5,5,5,1,5,,2.0,,,,5.0,1.0,68,2.0,100,,,,,,,2.0,,1.0,1.0,1.0,1.0,1.0,1.0,6,2,6,7,2,5,3,3,4,1,46.0,60.0,61.0,48.0,74.0,44.0,89.0,95.0,52.0,72.0,1,2,2,1,2,2,2,2,2,2,2,1,1,1,2,2,1,2,1,2,2,2,1,2,1,2,1,2,2,1,2,1,2,2,2,2,1,1,1,2,,,,,,0,4.0,5.0,,,,,,,,,,,80.0,,,,,1.0,,3.0,5.0,2.0,5.0,4.0,1.0,
1770,4,4,5,5,5,5,5,5,1,4,30.0,3.0,,,,,2.0,50,,,,,,,,,1.0,5.0,1.0,1.0,1.0,1.0,2.0,2.0,6,1,5,5,5,6,6,6,3,2,55.0,30.0,37.0,60.0,60.0,42.0,56.0,55.0,52.0,42.0,2,2,1,2,2,2,1,1,2,1,2,2,2,2,2,2,2,1,1,2,2,2,2,2,2,2,2,2,2,2,2,2,2,1,1,2,2,2,1,2,6.0,,,1.0,200,5,,,,,,,,,,,,,,,,,,1.0,,3.0,4.0,3.0,1.0,5.0,6.0,4.0
1771,5,5,5,5,3,1,5,5,5,5,30.0,3.0,,,,,2.0,40,,,,,,15,2.0,,,,,,,,,,7,1,1,4,5,6,6,5,1,2,100.0,85.0,97.0,93.0,49.0,0.0,100.0,100.0,100.0,100.0,2,1,1,1,1,1,2,1,2,1,1,1,1,1,2,1,1,2,2,1,1,2,1,1,2,2,1,1,2,2,1,2,1,1,2,2,2,2,1,1,6.0,,,2.0,82,,,4.0,1.0,1.0,2.0,1.0,1.0,1.0,2.0,2.0,1.0,2.0,,,,,,,2.0,4.0,1.0,2.0,4.0,4.0,3.0,3.0
1772,5,4,4,5,4,4,4,5,3,3,65.0,3.0,,,,5.0,,,2.0,100,2.0,4.0,4.0,,,,,4.0,1.0,1.0,1.0,1.0,1.0,1.0,7,2,5,5,2,3,3,3,3,1,40.0,10.0,20.0,20.0,30.0,17.0,40.0,55.0,47.0,43.0,2,2,2,2,1,1,2,2,2,2,2,2,1,2,2,2,1,1,2,1,2,1,1,2,2,1,2,2,2,1,2,2,2,2,1,2,1,2,1,2,,1.0,20,,,10,9.0,,,,,,,,,,,,,,,,,1.0,1.0,2.0,3.0,2.0,,,,
1773,3,4,5,4,4,4,5,5,4,3,95.0,,,,,,2.0,14,2.0,985,4.0,3.0,5.0,,,,,2.0,,,,,,,7,1,6,6,3,7,5,5,3,1,40.0,71.0,100.0,68.0,65.0,40.0,89.0,57.0,72.0,51.0,1,2,2,2,1,1,1,2,2,2,2,2,1,2,1,2,2,2,1,1,1,2,1,2,1,2,2,1,2,2,1,1,1,1,2,2,2,1,1,2,5.0,,,,,18,,,1.0,2.0,1.0,1.0,1.0,2.0,1.0,2.0,1.0,1.0,,1.0,,,,2.0,1.0,5.0,3.0,2.0,,,,4.0
1774,5,5,5,5,5,5,5,5,1,4,,5.0,,,,,,,,,,,,,,,,,,,,,,,7,4,4,5,2,5,5,5,3,1,65.0,45.0,60.0,80.0,85.0,55.0,60.0,85.0,60.0,50.0,1,2,2,1,2,2,1,2,2,2,2,1,2,2,2,2,2,1,1,2,1,1,2,2,2,1,2,1,1,2,1,1,2,2,2,2,1,2,2,2,5.0,1.0,26,1.0,300,10,,4.0,1.0,1.0,1.0,1.0,1.0,1.0,1.0,1.0,1.0,1.0,70.0,,,,,1.0,1.0,4.0,4.0,1.0,1.0,5.0,6.0,6.0
1775,5,5,5,5,5,5,3,5,2,5,81.0,5.0,,,,,2.0,50,,,,,,,1.0,2.0,,,,,,,,,7,2,2,6,2,6,5,3,1,1,26.0,48.0,35.0,42.0,51.0,41.0,65.0,76.0,51.0,25.0,2,1,1,1,2,2,1,1,1,1,1,1,1,1,2,2,1,2,1,1,1,2,1,1,1,2,2,2,2,1,1,1,1,1,1,2,2,2,1,1,7.0,,,1.0,330,2,,6.0,1.0,2.0,1.0,1.0,1.0,2.0,1.0,1.0,1.0,2.0,,,,,,,1.0,6.0,5.0,3.0,1.0,5.0,6.0,
1776,5,5,5,4,5,5,5,5,1,5,70.0,5.0,3.0,5.0,4.0,6.0,,,,,1.0,4.0,4.0,,2.0,2.0,2.0,,1.0,1.0,2.0,1.0,1.0,2.0,7,2,2,2,5,6,6,6,2,2,60.0,65.0,40.0,40.0,70.0,50.0,75.0,60.0,40.0,60.0,1,2,2,1,2,2,1,2,2,1,2,2,2,2,2,2,2,2,1,1,1,1,1,1,2,2,1,1,2,2,1,2,2,2,2,2,2,2,2,2,,2.0,4,1.0,185,5,,4.0,,,,,,,,,,,,,,,,,,,,,,,,
1777,4,3,5,4,4,5,5,3,5,3,30.0,,,,,,2.0,54,2.0,600,,,,,,,,,,,,,,,7,1,3,3,5,7,7,7,4,2,60.0,20.0,60.0,60.0,60.0,60.0,60.0,20.0,80.0,50.0,2,2,2,1,1,1,1,2,1,1,2,2,2,1,2,1,2,2,2,2,2,2,2,1,1,1,2,2,1,2,2,1,1,2,1,2,2,1,2,1,6.0,,,,,5,9.0,4.0,1.0,1.0,1.0,1.0,1.0,1.0,1.0,1.0,1.0,1.0,,1.0,2.0,2.0,6.0,2.0,1.0,3.0,3.0,3.0,,,,
1778,2,3,3,4,5,2,3,4,4,1,,2.0,,,,6.0,2.0,48,1.0,4000,,,,10,2.0,,,,,,,,,,6,2,5,4,5,5,6,6,2,1,20.0,24.0,56.0,40.0,77.0,56.0,51.0,76.0,55.0,20.0,2,1,2,2,2,2,1,1,2,2,1,2,2,2,2,1,2,1,2,2,2,2,2,2,2,2,1,2,2,2,1,1,1,2,1,2,1,2,2,2,,,,,,,,4.0,1.0,1.0,1.0,2.0,1.0,1.0,1.0,1.0,1.0,1.0,81.0,,2.0,5.0,6.0,,2.0,4.0,5.0,3.0,,,,4.0
1779,4,5,4,5,4,4,5,5,4,5,30.0,5.0,,,,,,,1.0,1001,,,,10,,,,,1.0,1.0,1.0,1.0,1.0,1.0,6,4,4,4,6,5,6,6,2,2,52.0,71.0,55.0,70.0,60.0,40.0,40.0,85.0,55.0,70.0,1,1,1,2,1,2,2,2,2,1,2,1,2,1,2,2,1,2,2,1,2,1,1,1,1,1,1,2,1,2,1,2,1,1,2,2,1,2,1,1,6.0,1.0,46,,,,7.0,5.0,,,,,,,,,,,,,4.0,5.0,6.0,2.0,1.0,4.0,3.0,3.0,,,,
1780,5,4,5,3,5,5,5,1,2,1,,,4.0,4.0,4.0,,,,2.0,800,,,,,2.0,,2.0,,,,,,,,7,2,6,6,5,7,5,6,3,1,55.0,40.0,50.0,33.0,49.0,45.0,49.0,29.0,40.0,44.0,2,2,2,1,2,2,1,2,2,1,1,1,1,1,1,2,2,2,2,2,2,2,2,2,2,1,2,2,1,2,2,1,1,2,2,1,1,1,1,1,5.0,1.0,54,,,1,,5.0,1.0,1.0,1.0,1.0,1.0,1.0,1.0,1.0,1.0,1.0,76.0,2.0,4.0,4.0,6.0,,,,,,,,,9.0
1781,5,4,5,4,5,5,3,5,2,3,,,5.0,4.0,4.0,6.0,1.0,72,1.0,1500,,,,,2.0,2.0,1.0,4.0,,,,,,,5,1,1,6,2,6,7,6,3,2,85.0,80.0,90.0,85.0,100.0,85.0,15.0,100.0,10.0,85.0,2,1,2,1,1,1,2,2,1,1,2,2,2,1,1,1,2,1,2,1,2,2,1,2,1,2,1,1,1,1,1,2,2,1,1,1,2,1,2,2,,,,,,15,,,1.0,1.0,1.0,2.0,1.0,2.0,1.0,2.0,1.0,1.0,70.0,3.0,4.0,2.0,1.0,,,,,,,,,
1782,5,5,5,5,4,5,5,5,3,4,80.0,,,,,6.0,1.0,115,,,,,,20,,1.0,1.0,4.0,1.0,2.0,1.0,1.0,1.0,2.0,7,2,2,2,5,5,5,6,2,2,48.0,50.0,51.0,46.0,48.0,58.0,76.0,66.0,46.0,78.0,1,1,1,1,2,2,2,2,1,1,1,1,1,1,2,1,2,1,2,2,2,1,1,1,2,2,2,1,2,1,2,1,2,2,2,2,1,2,1,2,,,,1.0,150,,,,,,,,,,,,,,,3.0,2.0,5.0,5.0,1.0,,3.0,4.0,3.0,,,,
1783,1,1,1,3,4,3,3,4,5,5,82.0,3.0,4.0,3.0,5.0,,,,,,,,,,,,1.0,,,,,,,,6,4,6,4,2,5,3,6,2,1,8.0,8.0,10.0,64.0,80.0,52.0,65.0,76.0,87.0,94.0,2,2,2,2,2,1,2,2,2,1,1,1,1,2,2,2,1,1,2,2,2,1,2,2,2,2,2,2,2,2,2,2,1,2,2,2,1,2,2,2,6.0,2.0,11,1.0,280,13,10.0,4.0,1.0,1.0,1.0,1.0,2.0,1.0,1.0,1.0,1.0,2.0,,,,,,1.0,,,,,2.0,4.0,5.0,
1784,5,5,3,5,5,5,5,5,3,1,100.0,1.0,6.0,5.0,5.0,,2.0,30,,,,,,,,,2.0,,2.0,1.0,1.0,1.0,2.0,1.0,7,1,5,5,2,7,7,7,4,1,40.0,25.0,0.0,44.0,46.0,50.0,95.0,95.0,50.0,45.0,1,1,1,2,2,2,2,2,2,2,1,1,1,2,1,1,2,2,2,2,1,1,2,2,2,1,2,2,1,1,1,2,1,2,2,1,2,1,1,1,6.0,,,1.0,120,12,6.0,6.0,,,,,,,,,,,,,,,,1.0,,,,,5.0,5.0,6.0,
1785,4,5,5,1,1,5,2,1,4,1,80.0,5.0,1.0,6.0,1.0,,2.0,40,2.0,400,1.0,5.0,6.0,,1.0,,,,,,,,,,6,3,5,5,3,5,5,5,4,1,40.0,40.0,40.0,40.0,20.0,40.0,40.0,40.0,60.0,50.0,2,1,2,1,1,2,2,2,2,2,2,1,1,2,1,1,2,2,2,2,1,2,2,2,2,2,2,2,1,1,2,2,2,2,1,2,1,1,2,2,6.0,,,,,0,1.0,6.0,1.0,1.0,1.0,1.0,1.0,1.0,1.0,1.0,1.0,1.0,,,,,,,1.0,,,,,,,
1786,4,4,4,5,5,5,4,5,1,5,,,3.0,3.0,3.0,,2.0,50,2.0,400,1.0,2.0,6.0,,,,1.0,,1.0,1.0,1.0,1.0,2.0,2.0,7,2,5,2,2,5,7,7,3,1,20.0,20.0,20.0,30.0,40.0,30.0,30.0,60.0,50.0,30.0,2,1,2,2,2,1,2,2,1,2,2,1,2,2,2,1,2,1,2,2,2,2,1,2,2,2,1,1,2,2,2,2,2,2,2,2,1,1,2,1,6.0,,,,,15,,3.0,,,,,,,,,,,70.0,3.0,,,,1.0,,,,,,,,1.0
1787,1,4,4,2,5,3,4,5,3,5,10.0,3.0,,,,4.0,,,,,,,,,1.0,,1.0,1.0,,,,,,,7,5,4,1,1,5,5,5,2,1,0.0,0.0,0.0,37.0,24.0,10.0,3.0,6.0,2.0,0.0,1,1,2,2,1,1,1,1,1,1,1,1,2,2,2,1,2,2,2,2,2,1,1,1,2,2,1,1,2,2,2,1,1,2,2,1,1,1,1,2,,2.0,50,2.0,83,15,10.0,,2.0,2.0,1.0,2.0,1.0,2.0,1.0,2.0,1.0,2.0,,,,,,,,5.0,1.0,1.0,3.0,3.0,4.0,
1788,4,3,5,3,4,4,5,5,2,3,85.0,4.0,,,,2.0,2.0,30,,,,,,,1.0,,,6.0,1.0,1.0,1.0,1.0,1.0,1.0,7,1,2,2,5,5,6,6,2,1,50.0,37.0,68.0,45.0,72.0,69.0,95.0,96.0,27.0,35.0,2,2,2,2,1,2,2,2,2,1,2,1,2,2,2,2,2,2,2,1,2,2,2,2,2,1,2,1,2,2,1,2,2,2,2,2,2,2,2,2,,,,1.0,120,10,,,,,,,,,,,,,,,1.0,5.0,6.0,,2.0,5.0,5.0,2.0,,,,4.0
1789,4,3,4,5,4,4,4,2,3,2,,,,,,7.0,2.0,50,,,2.0,4.0,3.0,,2.0,,1.0,4.0,,,,,,,6,2,3,3,2,5,5,6,2,1,55.0,55.0,45.0,60.0,65.0,50.0,55.0,33.0,60.0,25.0,1,2,2,1,1,2,1,2,1,1,2,1,1,1,1,2,2,2,2,2,1,1,2,2,2,1,2,2,1,2,2,1,1,1,1,1,2,2,2,1,,,,1.0,240,20,,,1.0,1.0,1.0,1.0,1.0,1.0,1.0,1.0,1.0,1.0,90.0,4.0,,,,,,3.0,4.0,3.0,,,,1.0
1790,5,5,5,5,3,5,5,5,5,1,30.0,,3.0,4.0,3.0,,2.0,50,,,,,,,2.0,2.0,,6.0,,,,,,,6,2,4,5,1,6,7,5,3,1,40.0,56.0,33.0,70.0,53.0,80.0,96.0,65.0,32.0,1.0,1,2,1,2,2,2,1,1,2,2,1,2,2,2,2,2,2,2,2,1,2,2,2,1,2,1,1,1,2,2,2,2,2,2,2,1,2,2,2,1,6.0,,,1.0,100,0,,,1.0,1.0,1.0,2.0,1.0,1.0,2.0,1.0,2.0,1.0,,1.0,1.0,5.0,4.0,,1.0,,,,,,,
1791,2,1,3,3,3,3,2,4,5,3,,3.0,4.0,3.0,4.0,,,,2.0,380,,,,,1.0,2.0,1.0,,,,,,,,4,4,4,4,5,5,5,5,4,1,50.0,50.0,48.0,33.0,50.0,49.0,68.0,52.0,76.0,54.0,2,1,2,1,2,2,2,1,1,2,2,1,2,1,1,2,2,2,2,1,2,2,2,1,1,1,2,2,1,2,2,2,1,1,2,1,1,2,2,2,5.0,1.0,54,,,17,,2.0,1.0,1.0,1.0,1.0,1.0,1.0,1.0,2.0,2.0,2.0,70.0,,,,,,,,,,4.0,3.0,5.0,
1792,5,4,5,5,5,5,5,5,1,4,75.0,,3.0,3.0,3.0,,,,2.0,350,1.0,2.0,3.0,,2.0,1.0,2.0,,1.0,1.0,2.0,1.0,2.0,1.0,7,3,5,3,3,5,6,5,2,1,70.0,40.0,60.0,75.0,85.0,60.0,75.0,98.0,44.0,70.0,1,2,2,2,2,2,1,2,2,2,2,2,2,1,2,2,2,1,2,2,2,2,2,2,2,2,2,2,2,2,2,1,1,2,2,2,1,2,1,2,6.0,1.0,50,,,19,,4.0,,,,,,,,,,,,3.0,,,,,,,,,,,,
1793,3,4,3,5,5,3,3,3,3,3,71.0,,4.0,2.0,5.0,7.0,,,2.0,380,,,,0,,,1.0,4.0,1.0,1.0,1.0,1.0,1.0,1.0,6,4,4,4,4,3,3,3,3,2,50.0,38.0,27.0,75.0,75.0,45.0,47.0,54.0,3.0,50.0,2,1,2,2,1,1,1,2,2,2,2,2,2,2,1,1,1,2,2,2,2,2,2,2,2,2,2,1,2,2,2,2,2,2,1,1,2,1,2,2,,1.0,54,,,,1.0,,,,,,,,,,,,,3.0,,,,1.0,,,,,4.0,3.0,3.0,
1794,3,3,4,4,4,5,1,3,4,4,30.0,6.0,3.0,3.0,3.0,,2.0,48,,,,,,,2.0,,,,,,,,,,6,1,4,2,5,7,6,7,3,1,48.0,29.0,56.0,60.0,71.0,46.0,65.0,81.0,71.0,92.0,2,1,1,2,2,1,2,2,2,2,2,1,2,1,1,2,1,1,2,2,2,2,2,1,2,1,2,1,1,2,1,2,2,2,1,1,1,1,1,1,6.0,,,1.0,367,10,,6.0,1.0,1.0,1.0,1.0,1.0,1.0,1.0,1.0,1.0,1.0,,,3.0,5.0,6.0,,2.0,,,,,,,10.0
1795,5,5,5,5,3,5,5,5,1,3,90.0,,5.0,5.0,5.0,6.0,,,2.0,300,,,,,,1.0,1.0,,,,,,,,7,1,2,2,5,7,7,7,3,1,70.0,60.0,70.0,80.0,30.0,60.0,80.0,80.0,40.0,20.0,2,2,2,2,2,2,1,2,1,2,1,1,1,2,2,1,2,2,2,2,2,2,2,1,2,1,1,2,2,1,1,1,2,2,1,2,1,1,2,2,,1.0,40,,,0,,6.0,1.0,1.0,1.0,1.0,1.0,1.0,1.0,1.0,1.0,1.0,,3.0,2.0,5.0,6.0,1.0,,,,,,,,
1796,1,3,3,2,4,1,1,5,5,3,,1.0,,,,,,,,,1.0,1.0,2.0,,,1.0,2.0,,1.0,1.0,1.0,1.0,1.0,1.0,7,2,4,3,4,5,6,7,2,1,50.0,42.0,51.0,23.0,82.0,25.0,25.0,75.0,62.0,50.0,2,1,2,1,2,2,2,2,1,1,2,2,2,1,2,2,2,2,2,1,1,2,1,1,1,2,2,1,2,2,1,2,2,2,1,1,2,2,1,2,7.0,2.0,10,1.0,250,10,,5.0,,,,,,,,,,,92.0,,,,,1.0,,3.0,5.0,2.0,,,,
1797,2,4,3,4,4,4,5,5,1,3,,5.0,,,,4.0,2.0,30,,,,,,,,,1.0,5.0,,,,,,,5,5,5,5,5,5,6,6,4,1,36.0,56.0,28.0,40.0,27.0,44.0,34.0,92.0,60.0,39.0,2,1,2,2,2,1,1,2,2,2,2,2,1,1,1,2,2,2,2,2,2,1,1,1,2,2,1,2,1,2,2,1,2,2,2,2,1,2,2,1,,,,1.0,300,0,,,1.0,1.0,1.0,1.0,1.0,1.0,1.0,1.0,1.0,1.0,70.0,,2.0,5.0,5.0,1.0,,3.0,3.0,3.0,,,,1.0
1798,5,2,5,1,1,1,2,4,5,4,,,,,,,1.0,85,1.0,1500,,,,,,2.0,2.0,,1.0,2.0,1.0,2.0,1.0,1.0,7,2,4,4,2,6,7,7,1,1,80.0,15.0,70.0,50.0,60.0,20.0,60.0,75.0,90.0,65.0,2,1,2,2,2,2,2,2,2,2,1,2,2,2,2,2,1,1,2,1,2,1,2,2,2,2,2,2,2,1,2,2,1,2,2,1,2,1,2,2,6.0,,,,,20,,1.0,,,,,,,,,,,70.0,1.0,4.0,1.0,1.0,1.0,,2.0,2.0,2.0,,,,
1799,4,3,4,3,4,3,4,3,4,3,30.0,,,,,,,,,,2.0,5.0,6.0,,1.0,,,,,,,,,,5,6,3,5,1,7,7,7,3,1,84.0,72.0,65.0,55.0,57.0,52.0,74.0,50.0,60.0,50.0,2,1,1,2,1,1,1,1,2,1,2,1,1,1,2,1,2,1,2,1,1,2,1,1,1,1,1,2,1,2,1,2,1,2,1,1,1,1,1,1,3.0,1.0,54,1.0,380,20,5.0,5.0,1.0,1.0,1.0,1.0,1.0,1.0,2.0,1.0,1.0,1.0,,3.0,,,,,2.0,5.0,4.0,5.0,,,,
1800,4,4,5,4,4,4,5,5,3,3,,,,,,6.0,,,,,,,,,2.0,2.0,2.0,,,,,,,,7,2,4,4,4,5,5,6,3,1,70.0,61.0,62.0,70.0,60.0,51.0,87.0,90.0,59.0,57.0,2,1,2,1,2,1,2,2,1,2,2,2,1,2,2,1,1,1,2,1,2,2,2,1,2,2,2,1,2,2,1,1,2,2,2,2,1,1,1,1,,2.0,8,1.0,200,10,,4.0,1.0,1.0,1.0,1.0,1.0,1.0,1.0,1.0,1.0,1.0,70.0,3.0,,,,,,1.0,4.0,3.0,2.0,5.0,5.0,
1801,1,2,1,1,2,2,1,1,1,3,60.0,,,,,,,,,,,,,18,2.0,,,,1.0,1.0,1.0,1.0,1.0,1.0,5,4,4,5,2,5,5,5,3,1,55.0,45.0,55.0,40.0,45.0,55.0,55.0,30.0,70.0,40.0,2,1,2,1,2,2,2,2,2,1,2,2,2,2,2,2,2,2,2,2,2,2,1,2,2,1,2,2,2,2,2,2,2,1,2,1,2,2,2,2,4.0,1.0,48,1.0,350,,,2.0,,,,,,,,,,,,4.0,5.0,2.0,5.0,,2.0,3.0,3.0,3.0,,,,3.0
1802,5,4,5,5,3,4,4,5,3,3,60.0,4.0,,,,7.0,2.0,45,2.0,300,,,,15,,,1.0,5.0,1.0,1.0,1.0,1.0,1.0,1.0,7,2,4,2,2,6,7,7,1,1,80.0,55.0,80.0,75.0,48.0,52.0,54.0,74.0,49.0,50.0,1,2,2,2,2,2,2,1,2,1,2,2,1,2,2,2,2,2,2,2,2,2,2,1,2,2,2,2,2,1,2,2,1,2,2,2,2,1,2,2,,,,,,,,,,,,,,,,,,,,,,,,1.0,,3.0,3.0,2.0,4.0,5.0,5.0,1.0
1803,4,5,5,5,4,5,5,5,3,1,,,1.0,6.0,2.0,7.0,2.0,50,2.0,300,,,,,,,1.0,6.0,1.0,1.0,1.0,1.0,2.0,2.0,7,2,6,6,3,6,6,6,4,2,50.0,50.0,50.0,60.0,80.0,40.0,50.0,75.0,20.0,10.0,1,2,1,1,1,1,1,1,2,1,2,2,2,2,2,1,1,2,2,2,1,2,2,1,1,2,2,1,1,2,2,2,2,1,2,1,2,2,2,1,,,,,,5,,,,,,,,,,,,,95.0,3.0,,,,1.0,,,,,3.0,5.0,6.0,6.0
1804,4,4,3,4,5,2,5,4,5,5,,4.0,3.0,4.0,5.0,6.0,,,1.0,2500,,,,6,,,1.0,3.0,,,,,,,7,2,4,2,2,5,5,6,2,2,50.0,40.0,45.0,55.0,55.0,40.0,75.0,45.0,75.0,85.0,1,2,2,1,2,1,2,1,2,1,2,2,2,2,2,1,1,2,1,2,2,2,2,2,1,1,2,2,1,2,2,2,2,2,2,1,2,1,2,2,,1.0,20,,,,10.0,,1.0,1.0,2.0,1.0,1.0,2.0,2.0,1.0,1.0,1.0,91.0,,,,,1.0,,,,,2.0,4.0,6.0,
1805,1,1,1,1,1,3,5,3,5,3,,1.0,4.0,4.0,4.0,,,,2.0,273,,,,,,,,6.0,1.0,2.0,1.0,2.0,1.0,2.0,6,2,4,4,5,7,7,7,1,1,0.0,0.0,0.0,10.0,37.0,25.0,100.0,7.0,100.0,49.0,2,1,1,2,2,1,2,2,1,2,1,1,2,2,1,2,2,2,2,1,2,1,2,2,2,2,2,2,2,2,2,1,1,2,2,2,1,1,2,2,6.0,2.0,8,,,20,,,,,,,,,,,,,70.0,,,,,1.0,1.0,,,,4.0,5.0,6.0,2.0
1806,5,4,5,3,3,3,5,4,4,3,30.0,1.0,,,,6.0,,,1.0,350,,,,,,,1.0,,1.0,1.0,1.0,1.0,1.0,1.0,5,3,4,6,2,3,5,5,3,1,63.0,31.0,42.0,67.0,54.0,32.0,63.0,29.0,21.0,41.0,2,1,1,1,1,2,1,1,2,1,1,1,2,2,1,2,1,2,1,1,2,1,2,1,2,1,2,1,1,1,1,2,2,2,1,1,1,2,1,2,,1.0,54,,,15,5.0,5.0,,,,,,,,,,,,,2.0,4.0,5.0,2.0,,4.0,3.0,2.0,,,,
1807,3,3,3,5,5,3,5,3,4,5,,5.0,4.0,4.0,4.0,6.0,2.0,50,2.0,350,,,,14,,3.0,2.0,6.0,1.0,1.0,1.0,1.0,1.0,1.0,7,5,4,6,5,6,6,6,3,1,40.0,35.0,40.0,55.0,58.0,37.0,45.0,40.0,50.0,58.0,2,1,2,2,1,1,1,1,2,1,1,2,2,2,2,2,1,1,2,1,1,1,2,1,1,1,2,2,1,1,2,2,2,2,2,1,2,1,1,1,,,,,,,,,,,,,,,,,,,70.0,,4.0,5.0,6.0,1.0,,,,,,,,
1808,4,4,4,5,2,4,5,4,2,2,30.0,,3.0,3.0,4.0,,,,2.0,600,,,,12,,,1.0,,1.0,1.0,2.0,1.0,2.0,1.0,6,4,4,4,5,6,5,6,4,2,40.0,40.0,40.0,50.0,30.0,35.0,75.0,50.0,35.0,20.0,1,1,2,2,2,2,1,1,1,2,1,2,2,1,1,1,1,2,2,2,2,1,1,1,2,1,2,2,2,2,1,1,1,1,2,2,2,2,2,1,4.0,2.0,10,,,,6.0,4.0,,,,,,,,,,,,4.0,5.0,5.0,4.0,1.0,,,,,,,,
1809,5,4,5,5,3,3,2,5,4,3,,,4.0,5.0,2.0,,,,,,,,,12,,,1.0,,1.0,1.0,2.0,2.0,1.0,1.0,7,1,3,2,2,7,7,7,2,2,53.0,50.0,60.0,63.0,45.0,51.0,40.0,51.0,66.0,36.0,2,2,2,2,2,2,2,2,1,2,1,2,2,2,2,2,2,2,2,2,1,2,2,1,1,2,1,2,2,2,1,2,2,1,1,2,2,2,2,2,5.0,1.0,53,1.0,200,,,5.0,,,,,,,,,,,70.0,3.0,4.0,4.0,4.0,1.0,,,,,,,,3.0
1810,3,5,3,5,5,5,5,5,2,3,5.0,,,,,,,,2.0,825,2.0,4.0,4.0,15,,,,6.0,1.0,1.0,2.0,1.0,2.0,1.0,5,1,2,4,2,6,5,5,2,2,70.0,51.0,70.0,100.0,78.0,100.0,100.0,100.0,30.0,70.0,1,2,2,1,1,1,1,1,1,2,1,2,1,1,2,1,2,1,1,2,2,1,2,1,2,2,1,1,1,1,1,1,2,1,2,1,1,1,2,1,5.0,1.0,50,,,,,,,,,,,,,,,,,4.0,,,,2.0,2.0,3.0,3.0,3.0,,,,2.0
1811,5,4,5,5,4,5,5,4,1,4,58.0,5.0,,,,,2.0,3,,,,,,15,,,,,1.0,1.0,2.0,1.0,2.0,1.0,5,3,5,5,3,5,5,5,2,2,59.0,40.0,47.0,62.0,39.0,70.0,60.0,45.0,32.0,42.0,2,2,2,2,2,1,2,1,2,2,2,1,2,2,2,2,2,1,1,1,1,2,2,2,2,2,2,2,2,2,2,1,2,1,2,2,1,2,1,2,6.0,,,1.0,120,,8.0,3.0,,,,,,,,,,,,,2.0,4.0,2.0,2.0,1.0,3.0,4.0,2.0,,,,
1812,3,4,4,5,5,5,5,4,2,3,,4.0,3.0,3.0,3.0,6.0,,,,,,,,,1.0,2.0,1.0,4.0,1.0,1.0,2.0,1.0,2.0,1.0,6,2,6,6,6,5,6,5,3,1,40.0,30.0,35.0,50.0,50.0,35.0,75.0,50.0,45.0,57.0,1,2,2,1,2,2,1,2,1,1,2,1,1,1,1,1,2,2,2,2,1,1,1,1,1,1,1,2,1,2,1,2,2,1,1,1,2,2,1,1,,2.0,7,1.0,350,7,,,,,,,,,,,,,70.0,,3.0,4.0,5.0,,,,,,,,,
1813,5,1,5,5,5,5,5,5,5,1,,,,,,,2.0,20,,,4.0,4.0,6.0,18,2.0,,1.0,,1.0,1.0,1.0,1.0,1.0,1.0,6,6,6,6,3,5,5,3,4,1,36.0,20.0,39.0,34.0,75.0,45.0,58.0,46.0,38.0,36.0,2,2,2,1,2,2,2,1,2,2,1,1,2,2,2,1,2,2,2,2,2,2,1,2,1,1,2,2,1,1,1,2,1,2,2,2,2,1,1,2,6.0,,,1.0,120,,6.0,6.0,,,,,,,,,,,86.0,1.0,,,,,,4.0,4.0,4.0,,,,
1814,3,3,3,3,3,3,3,3,3,3,30.0,,4.0,4.0,4.0,,,,,,,,,2,1.0,,,,2.0,1.0,2.0,1.0,1.0,2.0,6,6,6,6,5,6,7,7,2,1,44.0,55.0,54.0,45.0,47.0,56.0,38.0,50.0,51.0,65.0,1,2,1,2,1,2,2,2,1,1,1,1,2,1,1,2,2,1,1,2,1,1,2,2,2,1,2,1,1,2,2,1,1,2,2,1,2,1,2,1,4.0,1.0,20,1.0,200,,10.0,4.0,,,,,,,,,,,,4.0,,,,,2.0,,,,4.0,4.0,5.0,
1815,4,5,5,4,5,5,5,5,2,4,75.0,4.0,,,,,2.0,45,1.0,1100,,,,,,,,5.0,1.0,1.0,1.0,1.0,1.0,1.0,7,2,3,3,2,5,5,5,2,1,72.0,40.0,61.0,61.0,80.0,70.0,71.0,90.0,40.0,75.0,2,2,2,2,2,2,2,2,2,2,1,2,2,2,1,2,2,2,2,2,2,2,2,2,2,1,2,2,2,2,2,2,2,2,2,2,2,1,2,2,6.0,,,,,5,10.0,,,,,,,,,,,,,,,,,1.0,2.0,4.0,3.0,2.0,1.0,5.0,6.0,
1816,3,4,3,4,4,5,4,3,2,3,30.0,3.0,,,,,2.0,54,,,,,,,,,1.0,,,,,,,,7,1,3,3,3,6,6,6,3,2,20.0,50.0,33.0,46.0,66.0,36.0,77.0,11.0,32.0,54.0,2,1,1,1,1,2,1,2,2,2,2,1,2,1,1,2,1,1,2,2,2,2,1,2,1,2,2,1,1,2,1,2,2,2,2,2,2,2,1,1,6.0,,,1.0,104,15,,5.0,1.0,1.0,2.0,1.0,2.0,1.0,1.0,2.0,1.0,1.0,,,,,,1.0,,3.0,4.0,3.0,2.0,5.0,6.0,3.0
1817,4,3,3,4,4,4,5,5,4,4,,4.0,3.0,4.0,4.0,7.0,,,2.0,250,,,,,,,1.0,5.0,,,,,,,7,2,4,4,2,6,7,6,1,2,75.0,20.0,60.0,35.0,60.0,45.0,70.0,70.0,75.0,50.0,2,2,2,2,1,2,1,1,2,1,2,1,1,2,2,1,2,2,2,1,2,2,2,2,2,1,1,2,2,2,1,1,2,2,2,2,1,2,2,1,,1.0,45,,,12,,,1.0,2.0,1.0,1.0,1.0,2.0,1.0,1.0,1.0,2.0,70.0,,,,,1.0,,,,,1.0,5.0,6.0,2.0
1818,4,4,5,5,4,4,5,5,2,1,,3.0,5.0,2.0,3.0,6.0,2.0,50,1.0,1200,,,,7,,,,,,,,,,,7,2,5,3,3,6,6,7,3,1,55.0,30.0,20.0,51.0,40.0,10.0,49.0,96.0,45.0,50.0,1,2,2,1,2,1,2,2,2,2,2,1,2,2,1,2,2,2,2,2,2,2,2,2,2,1,2,1,2,1,1,2,1,2,1,1,2,1,1,1,,,,,,,9.0,5.0,1.0,1.0,1.0,2.0,1.0,2.0,1.0,1.0,1.0,1.0,65.0,,,,,1.0,2.0,,,,1.0,4.0,5.0,
1819,4,2,4,4,4,4,4,4,4,4,30.0,,2.0,5.0,2.0,,,,,,,,,17,,,2.0,3.0,,,,,,,6,3,5,5,3,5,6,5,3,1,60.0,50.0,55.0,45.0,45.0,45.0,50.0,75.0,52.0,55.0,1,2,1,2,2,2,1,2,2,1,2,2,1,1,2,2,2,1,2,2,1,2,1,2,1,1,2,1,2,1,2,1,2,2,2,1,2,2,2,1,6.0,2.0,3,1.0,120,,9.0,,1.0,1.0,1.0,1.0,1.0,1.0,1.0,1.0,1.0,1.0,,4.0,,,,1.0,,,,,5.0,2.0,4.0,
1820,4,5,4,5,4,4,5,5,1,4,,,5.0,3.0,4.0,,,,,,,,,18,,,,,1.0,1.0,1.0,1.0,1.0,1.0,6,2,3,3,2,5,5,5,4,2,71.0,60.0,80.0,50.0,48.0,39.0,75.0,66.0,60.0,48.0,2,1,1,2,1,1,1,1,2,2,1,2,1,2,1,1,2,2,2,1,1,2,1,1,2,1,1,1,1,1,1,1,1,2,2,1,1,2,2,2,6.0,2.0,8,1.0,150,,,5.0,,,,,,,,,,,80.0,2.0,,,,1.0,1.0,,,,1.0,5.0,6.0,5.0
1821,5,5,5,5,5,5,5,5,2,3,76.0,6.0,3.0,3.0,4.0,,2.0,50,,,2.0,5.0,6.0,15,,,2.0,6.0,1.0,1.0,1.0,1.0,1.0,1.0,3,5,6,6,2,5,2,3,4,2,50.0,50.0,50.0,68.0,51.0,51.0,75.0,62.0,50.0,50.0,2,2,1,2,1,2,2,2,1,2,1,2,1,2,2,2,1,1,1,2,2,2,2,1,1,2,2,1,2,2,2,1,2,1,1,1,2,2,1,2,7.0,,,2.0,75,,8.0,,,,,,,,,,,,,,,,,2.0,,,,,,,,
1822,5,3,4,5,5,5,5,5,2,5,,3.0,,,,5.0,2.0,8,2.0,650,,,,,2.0,3.0,,4.0,1.0,1.0,1.0,1.0,2.0,2.0,6,2,4,4,2,3,5,5,2,1,47.0,32.0,34.0,58.0,69.0,36.0,32.0,60.0,55.0,64.0,2,1,2,2,2,2,2,2,1,2,2,1,1,2,1,2,2,2,2,2,2,1,1,2,2,1,2,1,2,1,2,2,2,2,2,2,2,1,1,2,,,,,,5,,,,,,,,,,,,,70.0,,,,,,1.0,4.0,3.0,3.0,1.0,5.0,4.0,
1823,3,2,2,4,4,4,4,4,4,4,30.0,,3.0,3.0,3.0,2.0,2.0,20,1.0,1100,,,,7,2.0,,1.0,,,,,,,,6,2,5,5,2,6,6,5,3,1,55.0,40.0,35.0,55.0,60.0,50.0,60.0,70.0,40.0,50.0,1,2,2,1,2,1,2,1,2,2,1,1,2,2,1,1,1,2,1,2,2,1,2,2,2,1,2,2,2,1,2,2,1,2,2,2,2,2,2,1,,,,,,,3.0,2.0,1.0,1.0,1.0,1.0,1.0,1.0,1.0,1.0,1.0,1.0,,3.0,,,,,,,,,4.0,2.0,4.0,
1824,2,4,2,3,3,3,3,3,3,3,30.0,4.0,,,,6.0,2.0,25,2.0,500,,,,,2.0,,,2.0,,,,,,,6,2,4,3,4,5,6,5,2,2,38.0,22.0,46.0,56.0,25.0,14.0,20.0,16.0,42.0,14.0,2,2,1,2,1,2,1,2,2,2,2,2,2,2,2,2,1,2,2,2,2,2,2,2,1,1,2,2,1,2,2,1,1,2,2,2,1,2,2,2,,,,,,8,10.0,,1.0,1.0,1.0,2.0,2.0,1.0,2.0,1.0,2.0,1.0,,,4.0,4.0,3.0,,1.0,3.0,2.0,2.0,,,,
1825,3,4,4,4,4,5,5,5,1,3,82.0,5.0,3.0,4.0,4.0,,1.0,87,,,1.0,4.0,2.0,11,2.0,,,4.0,1.0,1.0,1.0,1.0,1.0,2.0,7,1,1,2,4,6,6,5,1,2,38.0,73.0,58.0,24.0,18.0,45.0,33.0,34.0,73.0,32.0,1,1,1,2,2,1,1,2,1,1,1,1,1,1,1,2,1,1,1,1,1,1,1,1,1,1,1,2,1,1,2,1,1,1,1,1,2,2,1,2,5.0,,,1.0,150,,9.0,,,,,,,,,,,,,,,,,,1.0,,,,,,,
1826,3,4,3,4,4,5,5,5,4,4,,,,,,5.0,,,2.0,300,,,,18,2.0,,,,,,,,,,5,2,5,3,5,6,6,6,2,2,65.0,40.0,40.0,60.0,75.0,70.0,70.0,85.0,75.0,80.0,2,2,2,1,1,1,1,1,1,1,2,1,2,1,2,1,2,1,2,1,2,1,2,1,1,1,1,2,1,1,2,1,1,1,1,2,1,1,1,1,,1.0,50,,,,,4.0,1.0,1.0,1.0,1.0,1.0,1.0,1.0,1.0,1.0,1.0,70.0,3.0,3.0,4.0,6.0,,2.0,4.0,4.0,3.0,,,,3.0
1827,4,4,4,4,4,4,4,4,4,5,70.0,,3.0,3.0,3.0,5.0,,,1.0,2000,,,,,1.0,2.0,1.0,,1.0,1.0,1.0,1.0,1.0,1.0,6,2,5,5,1,6,6,4,3,2,84.0,85.0,82.0,85.0,86.0,83.0,84.0,77.0,85.0,82.0,1,1,2,1,2,1,2,2,2,1,1,1,2,1,2,2,1,2,1,2,2,2,2,1,2,1,2,1,2,2,1,2,2,2,2,2,2,2,1,1,,1.0,20,,,15,,5.0,,,,,,,,,,,,5.0,,,,,,,,,4.0,4.0,5.0,
1828,4,4,5,5,5,5,4,5,3,4,79.0,,,,,,,,,,,,,15,2.0,,,,1.0,1.0,2.0,1.0,1.0,1.0,6,3,5,5,3,5,5,5,3,1,50.0,35.0,61.0,51.0,71.0,74.0,49.0,80.0,32.0,49.0,2,2,2,2,1,1,1,2,1,2,1,2,2,2,1,2,2,1,2,2,1,2,2,1,2,2,1,1,1,1,1,1,1,2,2,1,2,1,1,2,5.0,1.0,20,1.0,200,,10.0,4.0,,,,,,,,,,,,4.0,,,,,1.0,3.0,5.0,2.0,1.0,4.0,5.0,
1829,5,5,5,5,5,5,5,5,1,5,30.0,3.0,,,,,,,2.0,400,1.0,4.0,4.0,15,,2.0,,5.0,,,,,,,7,1,4,4,2,7,6,6,3,2,51.0,61.0,47.0,72.0,68.0,48.0,70.0,66.0,62.0,68.0,1,2,2,1,2,2,1,2,2,2,2,1,2,1,1,1,2,1,1,2,2,1,1,1,1,1,2,1,2,1,1,2,2,1,2,1,2,1,2,1,6.0,1.0,50,,,,,,1.0,1.0,2.0,2.0,2.0,2.0,2.0,2.0,2.0,2.0,,,,,,1.0,1.0,3.0,5.0,4.0,,,,
1830,4,4,4,5,4,3,3,3,3,3,80.0,5.0,,,,,2.0,50,2.0,250,2.0,4.0,5.0,,,,1.0,,1.0,1.0,1.0,1.0,2.0,2.0,3,1,3,2,2,6,5,5,1,2,65.0,70.0,70.0,75.0,60.0,50.0,50.0,60.0,50.0,45.0,2,2,2,2,1,1,1,2,2,1,2,1,1,1,2,2,1,1,2,1,2,1,2,2,2,1,1,1,1,2,2,2,2,1,1,1,2,2,2,1,4.0,,,,,5,5.0,4.0,,,,,,,,,,,,,,,,1.0,,2.0,2.0,2.0,,,,
1831,5,2,5,4,5,4,4,4,4,4,30.0,4.0,4.0,5.0,4.0,5.0,,,1.0,2000,,,,15,2.0,,1.0,,1.0,1.0,1.0,1.0,1.0,1.0,7,2,3,3,5,7,5,7,3,2,50.0,25.0,40.0,45.0,85.0,40.0,70.0,60.0,50.0,50.0,2,2,2,1,2,2,2,2,2,2,2,2,1,2,1,2,2,2,2,2,1,2,1,1,2,2,2,1,2,2,2,2,2,2,2,2,1,1,2,2,,2.0,1,,,,9.0,6.0,,,,,,,,,,,,,4.0,5.0,6.0,,,,,,,,,
1832,2,2,2,3,3,5,4,3,4,3,,3.0,,,,5.0,,,,,3.0,2.0,4.0,20,2.0,,2.0,,1.0,1.0,1.0,1.0,1.0,1.0,6,1,4,4,5,6,5,5,2,2,30.0,30.0,20.0,30.0,20.0,60.0,55.0,70.0,70.0,50.0,2,1,2,2,2,2,2,2,1,2,2,2,1,1,2,2,2,2,2,1,1,2,2,2,1,2,1,1,2,2,2,2,2,2,1,1,2,2,2,2,,1.0,50,1.0,120,,,3.0,,,,,,,,,,,70.0,,,,,,,3.0,3.0,3.0,,,,3.0
1833,5,3,5,5,4,5,5,5,2,4,30.0,,,,,6.0,2.0,53,,,1.0,5.0,5.0,15,,2.0,1.0,,,,,,,,6,1,1,2,2,7,7,6,4,1,60.0,46.0,51.0,40.0,47.0,49.0,51.0,50.0,43.0,48.0,2,2,2,2,1,2,1,1,2,1,1,1,2,1,1,1,1,1,1,2,1,2,2,1,2,2,1,2,1,1,2,2,2,2,1,1,2,2,1,1,,,,1.0,300,,,5.0,1.0,1.0,1.0,2.0,1.0,1.0,2.0,2.0,1.0,1.0,,2.0,,,,1.0,,3.0,4.0,2.0,,,,
1834,5,3,5,4,5,5,5,5,4,4,60.0,,3.0,4.0,4.0,,2.0,38,,,,,,,,,,,,,,,,,7,2,6,5,5,5,5,5,3,1,20.0,20.0,85.0,30.0,80.0,40.0,90.0,95.0,70.0,75.0,2,2,2,1,2,2,1,2,2,2,1,2,2,2,2,2,2,1,2,2,2,2,1,2,2,2,2,1,2,1,1,2,1,2,2,1,1,2,1,2,6.0,,,1.0,150,10,,4.0,1.0,1.0,1.0,1.0,1.0,1.0,1.0,2.0,2.0,2.0,,2.0,2.0,5.0,5.0,1.0,2.0,,,,,,,2.0
1835,2,3,2,5,3,5,5,2,5,3,,,2.0,3.0,3.0,6.0,,,2.0,650,,,,,,,,5.0,,,,,,,7,3,4,2,2,5,5,6,1,1,60.0,65.0,11.0,95.0,34.0,80.0,97.0,64.0,40.0,26.0,1,2,1,2,2,1,2,1,2,1,2,2,1,2,2,2,1,1,1,2,1,1,2,1,1,1,2,2,2,1,2,1,2,2,2,2,2,2,2,1,,1.0,22,,,20,10.0,,2.0,2.0,2.0,2.0,2.0,2.0,2.0,2.0,2.0,2.0,3.0,3.0,,,,2.0,2.0,,,,5.0,5.0,2.0,
1836,4,4,4,5,4,4,4,5,4,4,70.0,,2.0,2.0,3.0,5.0,2.0,25,1.0,15000,,,,15,1.0,2.0,,5.0,1.0,1.0,1.0,1.0,1.0,1.0,6,3,6,6,2,5,4,4,3,2,83.0,79.0,79.0,78.0,75.0,81.0,79.0,85.0,81.0,87.0,2,2,1,1,2,2,1,2,2,2,2,2,2,2,1,2,2,1,2,2,2,1,2,2,1,1,1,2,2,2,1,1,1,2,2,2,2,2,1,1,,,,,,,,,,,,,,,,,,,,5.0,,,,,2.0,,,,4.0,4.0,5.0,
1837,4,3,4,3,3,4,5,4,3,3,70.0,,4.0,3.0,3.0,,2.0,50,,,,,,15,,,,,1.0,1.0,2.0,1.0,2.0,1.0,5,4,6,2,3,5,6,6,3,2,70.0,50.0,51.0,47.0,39.0,29.0,82.0,49.0,41.0,21.0,1,1,1,1,1,2,1,2,2,2,1,2,1,2,1,1,1,2,1,1,2,1,1,1,2,2,1,2,1,2,2,2,2,1,2,1,1,1,1,2,6.0,,,1.0,100,,,4.0,,,,,,,,,,,,4.0,,,,1.0,2.0,,,,5.0,5.0,6.0,4.0
1838,4,3,4,4,4,5,4,5,2,3,30.0,,,,,,,,1.0,1225,,,,,,2.0,2.0,,1.0,1.0,1.0,1.0,1.0,1.0,5,1,5,5,2,5,6,5,2,1,55.0,45.0,40.0,60.0,65.0,47.0,55.0,75.0,48.0,30.0,2,1,1,1,1,2,1,2,2,1,1,1,1,2,1,2,1,1,2,2,2,1,1,1,2,1,1,1,2,2,1,1,1,2,1,2,1,2,2,2,5.0,2.0,7,,,2,,5.0,,,,,,,,,,,,3.0,,,,1.0,,3.0,3.0,3.0,4.0,4.0,6.0,
1839,4,5,4,5,4,5,5,5,2,1,30.0,4.0,3.0,3.0,4.0,,,,,,2.0,4.0,5.0,19,2.0,,1.0,,1.0,1.0,1.0,1.0,1.0,1.0,6,2,4,5,2,6,5,5,2,1,35.0,40.0,35.0,50.0,55.0,50.0,75.0,55.0,50.0,25.0,2,1,1,1,2,2,1,2,1,2,2,1,2,2,2,2,2,1,2,2,2,2,1,2,2,1,1,2,2,2,1,1,2,2,1,2,2,1,2,2,6.0,1.0,55,1.0,350,,8.0,4.0,,,,,,,,,,,,,,,,,,,,,,,,
1840,3,3,3,4,5,4,5,5,3,5,,3.0,4.0,4.0,2.0,6.0,2.0,50,1.0,1500,4.0,5.0,6.0,15,,,,,1.0,1.0,1.0,1.0,2.0,1.0,2,1,1,1,1,4,7,7,3,2,80.0,60.0,60.0,85.0,85.0,75.0,80.0,75.0,60.0,85.0,2,2,2,1,1,1,1,1,1,2,2,1,2,2,1,1,1,1,1,1,1,1,1,2,2,1,2,2,2,1,2,1,1,1,1,1,1,2,2,2,,,,,,,9.0,4.0,,,,,,,,,,,80.0,,,,,1.0,1.0,,,,,,,
1841,4,5,5,5,4,5,5,4,1,1,85.0,4.0,,,,6.0,,,,,,,,,2.0,,,,1.0,1.0,1.0,2.0,1.0,2.0,7,2,3,3,2,6,7,7,3,1,55.0,67.0,51.0,65.0,75.0,53.0,85.0,75.0,35.0,5.0,2,1,1,2,2,2,2,1,1,1,2,1,2,1,2,1,1,2,1,1,1,1,2,2,1,1,1,2,1,2,1,1,2,2,2,1,2,1,1,1,,2.0,11,1.0,120,15,7.0,5.0,,,,,,,,,,,,,,,,,2.0,3.0,5.0,2.0,5.0,5.0,6.0,
1842,1,1,1,5,5,3,5,1,5,5,,1.0,3.0,1.0,1.0,7.0,1.0,200,,,,,,,2.0,,1.0,,,,,,,,7,5,7,7,5,6,7,6,1,2,1.0,0.0,1.0,100.0,100.0,10.0,100.0,0.0,100.0,100.0,1,2,2,1,2,1,2,1,2,2,1,2,1,1,1,1,1,1,1,1,1,2,2,1,1,2,2,1,1,2,1,1,1,2,2,1,2,1,2,1,,,,1.0,200,10,6.0,6.0,2.0,2.0,1.0,2.0,2.0,1.0,1.0,2.0,1.0,1.0,61.0,,2.0,5.0,6.0,,,,,,,,,
1843,1,5,4,4,4,2,5,3,5,5,72.0,1.0,,,,,,,1.0,1500,1.0,5.0,6.0,20,2.0,,,6.0,,,,,,,7,2,2,1,2,7,6,7,1,2,20.0,87.0,52.0,45.0,73.0,6.0,100.0,31.0,83.0,82.0,2,2,2,1,1,1,1,1,2,2,2,1,2,1,2,2,2,2,2,2,2,1,1,2,2,1,1,2,2,1,1,2,2,1,2,1,1,2,1,2,1.0,1.0,16,,,,,,1.0,1.0,1.0,2.0,2.0,1.0,2.0,2.0,1.0,1.0,,,,,,,1.0,3.0,3.0,2.0,,,,1.0
1844,4,3,5,5,5,4,5,5,5,5,30.0,4.0,,,,,2.0,50,2.0,850,,,,,2.0,,2.0,,1.0,1.0,1.0,1.0,1.0,1.0,6,4,6,5,3,5,5,5,3,1,35.0,30.0,56.0,35.0,55.0,42.0,70.0,40.0,55.0,56.0,2,2,2,1,2,2,2,1,1,1,2,2,2,2,2,2,2,2,2,2,2,2,1,1,1,1,1,2,1,1,2,2,1,1,2,1,2,1,2,1,6.0,,,,,15,5.0,4.0,,,,,,,,,,,,,5.0,4.0,6.0,,,3.0,4.0,2.0,,,,
1845,5,5,5,5,5,5,5,5,2,5,,6.0,3.0,3.0,3.0,,,,,,,,,,,,,,,,,,,,7,2,2,3,3,6,6,6,4,1,50.0,50.0,50.0,50.0,50.0,50.0,50.0,50.0,50.0,50.0,2,2,2,2,2,2,1,2,2,2,2,2,1,2,2,2,2,2,2,2,1,1,1,1,1,2,2,1,1,2,2,1,2,1,2,2,2,2,2,2,5.0,1.0,14,1.0,200,20,6.0,4.0,1.0,1.0,1.0,1.0,1.0,1.0,1.0,1.0,1.0,1.0,1.0,,1.0,5.0,6.0,1.0,1.0,,,,,,,
1846,5,5,5,5,2,5,5,5,3,2,,5.0,,,,7.0,,,2.0,700,1.0,5.0,5.0,18,,,,,,,,,,,7,1,6,6,5,6,6,6,3,1,54.0,57.0,46.0,75.0,35.0,59.0,72.0,38.0,45.0,43.0,1,1,1,1,2,2,1,2,1,1,1,2,2,1,1,1,2,2,1,2,2,2,2,2,1,1,1,1,1,1,1,2,2,2,2,2,2,2,2,2,,2.0,6,,,,,1.0,1.0,1.0,1.0,2.0,1.0,1.0,2.0,1.0,1.0,2.0,70.0,,,,,1.0,1.0,4.0,4.0,4.0,,,,3.0
1847,4,2,3,4,5,2,4,5,4,4,86.0,4.0,,,,,2.0,20,,,,,,18,1.0,2.0,,4.0,,,,,,,7,5,6,6,5,5,6,6,2,1,59.0,60.0,40.0,54.0,54.0,37.0,52.0,52.0,49.0,50.0,1,1,2,1,2,1,2,2,2,2,1,1,1,1,2,2,2,1,2,2,1,2,1,2,2,1,1,1,1,1,1,2,1,1,2,2,1,1,2,2,6.0,,,1.0,102,,,,1.0,1.0,2.0,2.0,2.0,1.0,1.0,1.0,1.0,2.0,,,1.0,4.0,5.0,,2.0,3.0,4.0,3.0,,,,
1848,1,4,3,5,5,5,3,5,3,5,100.0,6.0,,,,7.0,,,,,1.0,5.0,6.0,,1.0,,1.0,6.0,1.0,1.0,1.0,2.0,2.0,1.0,7,1,4,4,1,5,7,7,4,2,40.0,25.0,33.0,100.0,82.0,31.0,31.0,47.0,46.0,61.0,1,1,1,2,2,1,2,2,1,1,1,2,1,1,1,1,2,2,2,1,1,1,1,1,1,2,1,1,1,1,1,1,1,1,2,1,2,1,1,2,,1.0,54,1.0,100,20,,,,,,,,,,,,,,,,,,,,1.0,1.0,1.0,,,,10.0
1849,4,4,3,3,3,3,3,3,3,3,,4.0,3.0,3.0,2.0,,,,,,3.0,4.0,4.0,20,1.0,,2.0,,1.0,1.0,1.0,2.0,2.0,1.0,7,2,3,3,5,7,6,7,2,2,90.0,63.0,75.0,77.0,70.0,62.0,54.0,78.0,0.0,69.0,2,1,1,1,2,1,1,2,2,2,2,2,2,2,1,2,2,2,1,1,2,1,2,1,2,2,2,2,2,2,2,1,1,2,2,2,2,1,1,2,4.0,2.0,10,1.0,100,,,4.0,,,,,,,,,,,64.0,,,,,,,,,,,,,3.0
1850,2,3,2,1,2,2,3,3,2,2,31.0,2.0,3.0,5.0,4.0,4.0,2.0,50,1.0,1050,,,,12,1.0,,,,,,,,,,5,4,4,5,5,5,4,4,2,1,34.0,41.0,36.0,24.0,27.0,36.0,56.0,35.0,22.0,43.0,2,2,2,2,1,2,1,1,1,1,2,2,2,1,2,1,2,2,1,2,1,1,2,2,1,1,2,2,1,2,2,1,2,1,2,1,1,1,2,2,,,,,,,,3.0,1.0,1.0,1.0,1.0,1.0,1.0,2.0,2.0,2.0,2.0,,,,,,,2.0,,,,3.0,3.0,4.0,1.0
1851,5,5,5,5,4,5,5,5,2,1,,,4.0,5.0,3.0,,,,,,2.0,5.0,6.0,,2.0,,,5.0,,,,,,,7,3,5,6,2,5,6,6,4,1,62.0,30.0,30.0,49.0,73.0,17.0,73.0,82.0,73.0,62.0,2,1,1,2,2,2,2,2,1,2,1,2,2,1,1,2,2,2,1,2,2,1,2,1,2,2,1,2,1,2,2,2,1,2,2,1,2,2,2,1,6.0,1.0,50,1.0,130,10,,,1.0,1.0,1.0,1.0,1.0,1.0,1.0,1.0,1.0,1.0,70.0,2.0,,,,,1.0,,,,,,,4.0
1852,4,4,4,5,4,4,4,4,4,4,,5.0,3.0,2.0,2.0,,2.0,30,1.0,1500,,,,15,1.0,,,,1.0,1.0,1.0,1.0,1.0,1.0,6,4,6,6,1,5,4,4,3,2,83.0,83.0,82.0,87.0,81.0,85.0,84.0,82.0,82.0,82.0,2,2,1,1,2,1,2,2,2,1,2,2,2,1,2,2,1,1,2,1,1,2,2,2,2,2,2,2,2,1,2,2,2,2,1,1,2,1,2,2,5.0,,,,,,,5.0,,,,,,,,,,,70.0,,5.0,4.0,5.0,,1.0,,,,,,,2.0
1853,4,3,5,4,4,3,2,3,5,4,80.0,6.0,,,,4.0,2.0,12,,,,,,6,,,2.0,,1.0,1.0,2.0,1.0,1.0,1.0,6,4,2,2,1,6,5,7,1,1,65.0,30.0,50.0,25.0,45.0,35.0,80.0,60.0,70.0,90.0,2,2,2,1,2,2,1,1,2,1,1,1,2,2,1,1,1,1,2,2,1,1,2,1,2,2,1,1,2,1,1,1,2,2,1,2,1,1,2,1,,,,1.0,125,,,5.0,,,,,,,,,,,,,5.0,3.0,2.0,2.0,,1.0,4.0,1.0,,,,3.0
1854,4,5,5,5,5,5,5,5,5,2,,6.0,,,,,,,,,,,,18,,,1.0,,,,,,,,7,7,5,5,2,1,7,7,3,2,40.0,57.0,84.0,100.0,100.0,72.0,98.0,99.0,49.0,35.0,1,1,2,1,1,2,2,1,1,2,1,1,1,1,2,1,1,2,1,1,1,2,2,1,1,2,2,2,2,1,1,1,2,2,1,2,1,1,2,1,6.0,1.0,23,1.0,245,,10.0,5.0,1.0,1.0,2.0,1.0,1.0,1.0,2.0,2.0,1.0,1.0,95.0,,1.0,5.0,6.0,1.0,,4.0,4.0,4.0,,,,
1855,2,4,2,2,4,5,5,4,5,4,,,4.0,4.0,4.0,,,,1.0,1368,,,,15,1.0,3.0,1.0,,1.0,1.0,1.0,1.0,1.0,1.0,6,5,5,5,2,5,6,6,2,1,60.0,50.0,58.0,76.0,66.0,83.0,81.0,66.0,42.0,56.0,1,2,2,2,2,2,2,2,1,2,2,1,2,2,2,2,2,2,2,2,1,2,1,1,1,2,1,2,2,2,2,2,1,1,1,1,1,1,2,2,5.0,2.0,3,,,,,5.0,,,,,,,,,,,70.0,3.0,,,,,,,,,4.0,4.0,5.0,
1856,3,3,3,3,3,3,3,3,3,3,30.0,4.0,3.0,3.0,3.0,,,,,,,,,,,,,4.0,,,,,,,5,2,4,4,4,4,4,4,2,1,50.0,50.0,50.0,50.0,50.0,50.0,50.0,50.0,50.0,50.0,2,2,2,2,2,2,2,2,2,1,2,2,1,2,2,2,2,2,2,2,2,2,2,1,2,1,2,1,2,1,1,2,2,2,2,2,2,2,2,1,4.0,1.0,15,1.0,450,0,10.0,,1.0,1.0,2.0,1.0,1.0,2.0,1.0,2.0,1.0,1.0,,,,,,2.0,2.0,,,,2.0,5.0,6.0,
1857,4,4,5,4,4,4,4,4,5,4,,5.0,,,,5.0,,,,,4.0,4.0,5.0,,1.0,,,,,,,,,,6,4,6,6,2,4,3,3,3,2,84.0,78.0,78.0,84.0,77.0,78.0,81.0,72.0,76.0,80.0,2,2,1,2,2,2,2,2,2,2,2,1,1,1,2,2,2,2,2,2,1,1,1,2,2,2,2,1,1,2,1,1,1,2,1,2,1,2,1,2,,1.0,25,1.0,1000,15,2.0,5.0,1.0,1.0,1.0,1.0,1.0,1.0,1.0,1.0,1.0,1.0,80.0,,,,,,1.0,3.0,3.0,3.0,,,,
1858,2,2,2,2,3,1,4,2,5,3,,,,,,7.0,,,,,1.0,5.0,6.0,,,,1.0,5.0,,,,,,,6,1,4,4,1,5,5,5,2,2,42.0,38.0,44.0,38.0,66.0,34.0,83.0,31.0,74.0,69.0,2,1,1,1,1,1,1,1,2,2,1,2,1,1,2,2,1,2,1,2,2,2,2,1,1,1,2,1,2,2,1,2,1,2,1,2,2,1,1,1,,1.0,40,1.0,150,10,5.0,,1.0,2.0,1.0,1.0,1.0,1.0,2.0,1.0,2.0,1.0,62.0,3.0,,,,1.0,,4.0,3.0,2.0,,,,
1859,1,1,1,4,1,1,1,2,5,3,81.0,,1.0,1.0,1.0,,,,2.0,536,,,,,2.0,,1.0,,2.0,1.0,2.0,1.0,1.0,1.0,7,5,5,4,4,4,4,4,3,1,2.0,1.0,15.0,35.0,10.0,1.0,1.0,7.0,99.0,13.0,2,1,2,1,2,1,1,1,2,1,1,1,1,2,2,2,1,2,2,2,1,1,1,2,2,2,2,2,1,1,2,1,2,2,2,2,2,2,2,2,4.0,1.0,20,,,20,,2.0,,,,,,,,,,,,6.0,,,,,,,,,5.0,1.0,1.0,10.0
1860,4,3,5,5,4,5,3,5,1,2,30.0,,2.0,6.0,3.0,,,,2.0,900,,,,,1.0,1.0,1.0,4.0,1.0,1.0,1.0,1.0,2.0,2.0,7,4,4,4,5,5,6,6,1,1,15.0,20.0,25.0,40.0,60.0,30.0,90.0,75.0,55.0,94.0,2,2,2,2,2,2,2,2,2,2,2,2,2,2,2,2,2,1,2,2,2,1,2,2,1,2,2,2,2,2,2,2,2,2,2,2,1,2,2,2,7.0,1.0,18,,,15,,,,,,,,,,,,,,3.0,2.0,4.0,5.0,,,,,,,,,
1861,5,4,5,5,4,5,5,5,2,4,,,,,,6.0,2.0,40,2.0,300,1.0,3.0,5.0,,2.0,,1.0,,,,,,,,7,3,7,7,5,6,5,4,3,1,65.0,45.0,60.0,75.0,80.0,35.0,85.0,90.0,45.0,60.0,1,1,1,1,1,1,1,1,1,1,1,1,2,1,1,2,1,2,1,2,1,1,1,1,2,1,1,1,1,2,1,1,2,1,1,2,1,1,2,1,,,,,,8,,4.0,1.0,1.0,1.0,1.0,1.0,1.0,1.0,1.0,2.0,2.0,75.0,3.0,,,,,,4.0,4.0,2.0,,,,3.0
1862,4,4,5,5,4,5,5,5,3,1,30.0,4.0,,,,6.0,,,,,5.0,5.0,4.0,,2.0,,2.0,,1.0,1.0,1.0,1.0,1.0,1.0,6,4,6,6,3,5,6,5,3,1,27.0,26.0,30.0,29.0,19.0,31.0,51.0,17.0,29.0,8.0,2,1,2,1,1,2,1,2,2,1,1,1,2,2,1,2,1,1,1,2,1,1,2,2,1,2,1,2,2,1,2,1,2,1,2,2,1,2,2,1,,1.0,38,1.0,110,15,10.0,4.0,,,,,,,,,,,,,,,,,,3.0,3.0,2.0,,,,
1863,4,4,4,4,4,3,4,5,3,3,30.0,4.0,3.0,3.0,3.0,5.0,,,2.0,500,3.0,5.0,6.0,17,,4.0,2.0,,1.0,1.0,1.0,1.0,2.0,2.0,6,2,4,5,5,6,5,6,3,2,45.0,30.0,41.0,59.0,65.0,31.0,60.0,77.0,65.0,56.0,2,2,2,1,1,1,1,2,1,1,2,2,2,2,1,2,1,2,1,2,2,1,2,2,1,2,2,2,1,2,2,1,2,2,1,2,1,2,2,2,,2.0,3,,,,,5.0,,,,,,,,,,,,,,,,1.0,,,,,,,,
1864,4,4,4,4,4,4,3,3,4,4,,,5.0,2.0,3.0,6.0,1.0,70,2.0,300,,,,,,,,,,,,,,,6,5,6,5,2,5,7,6,3,2,70.0,45.0,65.0,80.0,70.0,85.0,55.0,35.0,95.0,75.0,2,1,1,1,1,1,1,1,1,1,1,1,1,1,1,1,1,1,1,1,1,1,1,1,1,1,1,1,1,1,1,2,1,1,1,1,2,1,1,1,,,,,,12,,4.0,1.0,1.0,1.0,2.0,1.0,1.0,2.0,1.0,2.0,1.0,70.0,4.0,,,,1.0,2.0,,,,5.0,5.0,5.0,6.0
1865,1,3,2,2,3,1,4,1,5,3,81.0,,3.0,3.0,4.0,6.0,,,,,1.0,1.0,4.0,,,,1.0,1.0,1.0,1.0,1.0,1.0,1.0,1.0,6,3,3,3,2,5,5,5,1,1,21.0,18.0,35.0,37.0,50.0,26.0,75.0,18.0,68.0,55.0,1,1,2,1,2,2,1,1,2,2,2,2,2,1,1,1,1,2,1,2,2,2,2,2,1,2,1,2,2,1,1,2,2,1,1,2,2,1,2,2,,2.0,0,1.0,200,0,,,,,,,,,,,,,,1.0,,,,1.0,,,,,,,,2.0
1866,3,2,2,4,4,4,4,4,2,3,60.0,,3.0,3.0,3.0,,1.0,78,2.0,800,1.0,4.0,5.0,15,,,,,1.0,1.0,1.0,1.0,1.0,1.0,4,2,5,5,2,5,6,6,3,1,69.0,64.0,28.0,96.0,93.0,61.0,69.0,72.0,38.0,58.0,1,2,2,2,1,2,2,2,2,2,1,1,2,2,1,1,2,1,1,1,2,2,1,2,2,2,2,1,2,2,2,2,1,2,2,2,2,2,1,1,5.0,,,,,,8.0,6.0,,,,,,,,,,,,3.0,,,,2.0,2.0,,,,,,,
1867,3,4,3,2,3,1,4,4,5,3,45.0,,1.0,6.0,6.0,4.0,,,1.0,120,,,,10,,,,6.0,1.0,2.0,1.0,2.0,2.0,2.0,4,1,1,4,4,7,7,7,4,1,72.0,44.0,7.0,3.0,5.0,3.0,100.0,100.0,100.0,3.0,1,2,2,2,2,2,2,2,2,2,2,2,2,2,1,2,1,2,2,2,2,2,1,2,1,2,2,1,2,2,2,2,1,2,1,1,2,2,2,2,,1.0,20,,,,8.0,,,,,,,,,,,,,2.0,5.0,3.0,6.0,1.0,2.0,,,,,,,
1868,3,3,2,1,4,2,5,4,5,5,40.0,,,,,7.0,2.0,45,,,3.0,4.0,5.0,,1.0,,,,,,,,,,6,3,2,2,1,3,6,6,2,1,60.0,50.0,30.0,45.0,75.0,78.0,85.0,65.0,60.0,84.0,2,1,2,2,2,2,1,1,2,2,1,2,1,1,1,2,2,2,1,1,1,2,2,1,2,1,1,2,2,2,2,2,2,2,1,2,2,2,2,1,,,,1.0,350,7,,4.0,1.0,1.0,1.0,2.0,1.0,1.0,1.0,2.0,1.0,1.0,,3.0,,,,,2.0,5.0,4.0,4.0,,,,5.0
1869,5,5,5,5,5,5,5,5,1,1,55.0,,3.0,3.0,2.0,6.0,,,,,1.0,5.0,6.0,20,,2.0,1.0,6.0,,,,,,,7,2,5,5,3,5,6,5,3,1,60.0,40.0,70.0,55.0,70.0,60.0,75.0,55.0,45.0,40.0,2,2,1,1,1,2,1,2,2,2,1,2,2,1,2,2,1,2,1,1,2,1,2,2,2,1,2,2,2,1,1,1,1,2,1,1,1,2,2,2,,1.0,50,1.0,370,,,,1.0,1.0,1.0,1.0,1.0,1.0,1.0,1.0,1.0,1.0,,2.0,,,,2.0,,,,,,,,
1870,3,4,3,3,4,4,3,2,2,4,,3.0,3.0,3.0,3.0,,1.0,90,1.0,1300,3.0,4.0,4.0,17,2.0,,,,,,,,,,5,2,3,3,5,6,6,5,2,1,50.0,50.0,50.0,50.0,50.0,71.0,51.0,26.0,0.0,50.0,1,2,2,1,1,2,2,1,1,1,2,2,2,2,2,1,1,2,1,1,1,1,1,2,1,1,1,1,2,1,1,2,1,2,1,1,1,2,2,1,4.0,,,,,,,3.0,1.0,2.0,1.0,1.0,1.0,1.0,2.0,1.0,2.0,1.0,70.0,,,,,,2.0,,,,,,,3.0
1871,5,4,5,5,3,5,5,5,2,1,30.0,,,,,,,,,,,,,20,2.0,3.0,,6.0,,,,,,,5,2,5,3,7,7,6,5,4,1,30.0,20.0,40.0,55.0,70.0,45.0,28.0,37.0,50.0,40.0,1,2,2,2,1,1,2,1,1,1,2,1,1,1,2,2,1,2,1,2,2,2,2,2,2,2,2,2,1,2,1,1,2,2,1,2,1,1,2,2,5.0,1.0,17,1.0,300,,,,1.0,1.0,1.0,1.0,1.0,1.0,1.0,1.0,1.0,1.0,,2.0,,,,,1.0,4.0,4.0,3.0,2.0,5.0,6.0,
1872,1,1,1,1,3,1,5,5,5,5,100.0,,6.0,4.0,3.0,7.0,2.0,55,1.0,350,,,,,2.0,,1.0,3.0,1.0,1.0,1.0,1.0,1.0,1.0,6,2,7,3,2,5,2,7,1,1,68.0,53.0,70.0,80.0,89.0,55.0,95.0,97.0,70.0,96.0,1,1,2,2,1,1,2,2,1,1,1,1,1,1,2,2,2,1,2,1,1,1,1,2,1,1,1,2,2,1,2,1,2,2,2,1,1,1,1,2,,,,,,20,,,,,,,,,,,,,,6.0,,,,,,,,,5.0,1.0,1.0,2.0
1873,4,3,5,3,5,5,5,5,3,5,30.0,,,,,6.0,,,2.0,500,,,,,,,2.0,,,,,,,,7,1,5,5,4,6,7,5,3,1,62.0,10.0,29.0,65.0,84.0,13.0,94.0,91.0,34.0,86.0,2,2,2,1,2,2,2,2,2,1,1,2,2,2,2,2,2,2,1,2,2,2,1,1,1,2,1,1,1,1,1,1,2,2,2,1,1,2,1,2,,1.0,16,,,18,,4.0,1.0,1.0,1.0,1.0,1.0,1.0,1.0,1.0,1.0,1.0,,3.0,1.0,4.0,5.0,2.0,,5.0,4.0,2.0,,,,4.0
1874,3,3,4,3,3,4,5,5,2,3,,5.0,,,,5.0,,,,,,,,20,2.0,,,6.0,1.0,1.0,1.0,1.0,2.0,2.0,6,3,4,5,2,3,4,4,1,2,50.0,39.0,59.0,37.0,50.0,72.0,70.0,80.0,30.0,41.0,2,1,2,2,1,1,1,1,1,2,2,1,2,1,1,1,1,1,2,1,1,2,1,1,1,2,1,2,1,1,1,2,1,1,1,1,2,1,1,2,,1.0,20,1.0,100,,10.0,,,,,,,,,,,,95.0,,,,,,1.0,2.0,4.0,4.0,4.0,4.0,4.0,
1875,5,5,5,4,4,4,5,5,2,4,,,4.0,5.0,4.0,,2.0,12,,,1.0,5.0,6.0,15,,,,6.0,1.0,2.0,1.0,2.0,1.0,2.0,7,2,2,3,5,7,7,6,3,1,40.0,50.0,30.0,80.0,90.0,15.0,85.0,45.0,90.0,75.0,1,2,2,2,2,1,1,1,1,1,1,1,1,2,1,2,2,1,1,2,2,2,1,1,1,1,1,2,2,1,1,2,2,2,1,1,1,2,2,1,3.0,,,1.0,115,,,,,,,,,,,,,,70.0,2.0,,,,2.0,1.0,,,,,,,3.0
1876,5,3,5,5,5,5,5,1,5,5,95.0,,3.0,4.0,2.0,,,,,,,,,20,2.0,,1.0,,1.0,1.0,1.0,1.0,1.0,1.0,7,4,3,3,1,4,6,7,1,2,100.0,100.0,100.0,100.0,100.0,100.0,100.0,0.0,100.0,100.0,2,2,2,1,2,2,2,2,2,1,2,2,2,1,2,1,2,2,2,2,2,2,1,2,2,2,2,2,2,2,2,2,2,2,1,1,2,2,2,1,6.0,1.0,158,1.0,300,,,6.0,,,,,,,,,,,,2.0,,,,,,,,,3.0,5.0,6.0,4.0
1877,5,5,5,5,5,5,5,5,2,1,,,3.0,3.0,2.0,,2.0,35,2.0,200,,,,,,,,4.0,,,,,,,6,1,1,2,1,6,6,6,3,1,45.0,40.0,45.0,65.0,75.0,40.0,45.0,62.0,48.0,33.0,2,1,2,1,1,1,2,2,2,1,2,1,2,1,1,2,1,1,1,1,1,2,1,2,2,1,2,2,1,1,1,2,2,1,2,2,1,2,1,1,5.0,,,,,10,,,1.0,1.0,1.0,1.0,1.0,1.0,1.0,2.0,2.0,2.0,70.0,2.0,4.0,5.0,6.0,1.0,2.0,,,,,,,3.0
1878,2,3,1,2,2,2,3,3,5,4,76.0,,,,,,2.0,23,1.0,180,,,,,,,,4.0,1.0,1.0,1.0,2.0,2.0,1.0,6,2,4,1,2,6,7,7,2,2,30.0,50.0,25.0,10.0,25.0,5.0,80.0,60.0,90.0,70.0,1,2,1,2,1,2,2,2,1,1,1,2,1,1,1,2,1,1,2,1,2,1,1,1,2,1,2,1,2,2,1,2,1,1,1,2,2,1,1,1,1.0,,,,,14,6.0,,,,,,,,,,,,,4.0,2.0,5.0,5.0,1.0,2.0,2.0,1.0,4.0,,,,
1879,1,1,1,1,5,1,1,1,5,5,,,,,,7.0,,,2.0,250,3.0,3.0,1.0,,,,2.0,1.0,1.0,1.0,1.0,1.0,2.0,2.0,4,4,4,4,2,2,2,2,1,1,19.0,45.0,19.0,53.0,93.0,34.0,90.0,54.0,80.0,95.0,2,1,1,1,2,1,1,2,1,1,2,2,2,1,2,1,2,2,1,1,2,1,1,2,2,2,1,2,2,1,1,1,2,2,1,2,2,1,2,2,,1.0,50,,,20,,,,,,,,,,,,,50.0,3.0,,,,1.0,,3.0,3.0,3.0,,,,1.0
1880,4,4,2,5,4,5,5,4,1,4,30.0,,2.0,1.0,1.0,5.0,,,,,,,,15,,,,,1.0,1.0,1.0,1.0,1.0,1.0,6,5,5,5,3,5,5,5,4,1,39.0,35.0,25.0,60.0,68.0,66.0,67.0,34.0,55.0,70.0,2,1,2,2,1,2,2,1,1,1,2,1,2,1,2,1,2,2,1,2,1,2,1,2,2,2,1,1,2,2,2,1,1,2,1,2,1,2,2,1,,1.0,30,1.0,400,,,5.0,,,,,,,,,,,,4.0,,,,1.0,2.0,,,,5.0,5.0,5.0,4.0
1881,2,3,3,5,4,4,5,4,5,4,40.0,3.0,,,,6.0,2.0,45,,,,,,14,2.0,,,,,,,,,,6,4,5,5,5,6,5,6,3,2,40.0,11.0,27.0,69.0,45.0,60.0,92.0,39.0,92.0,66.0,1,2,2,2,1,2,1,2,1,2,2,1,2,1,2,1,1,2,1,2,2,2,2,1,2,1,2,2,2,1,2,1,1,2,2,2,2,2,2,2,,,,1.0,100,,,4.0,1.0,1.0,1.0,1.0,1.0,2.0,1.0,2.0,1.0,1.0,,,1.0,4.0,3.0,,2.0,2.0,2.0,2.0,,,,2.0
1882,1,1,2,5,4,1,1,3,5,2,30.0,3.0,,,,,,,,,3.0,2.0,5.0,20,,,2.0,,1.0,1.0,1.0,1.0,1.0,1.0,7,3,3,4,2,5,7,6,2,1,22.0,25.0,50.0,65.0,50.0,17.0,56.0,58.0,87.0,59.0,1,2,1,1,2,1,1,2,1,1,2,2,2,1,2,1,1,1,2,1,1,1,1,1,1,1,2,2,1,1,1,2,1,2,1,1,2,1,2,2,6.0,1.0,42,1.0,110,,6.0,4.0,,,,,,,,,,,,,,,,2.0,,2.0,1.0,1.0,,,,
1883,4,5,5,5,4,3,5,5,3,3,39.0,,,,,6.0,,,1.0,1250,,,,,1.0,,2.0,,1.0,1.0,2.0,1.0,2.0,1.0,5,1,3,3,2,7,6,5,3,1,67.0,75.0,93.0,82.0,66.0,63.0,91.0,82.0,42.0,66.0,2,1,2,1,2,1,1,2,1,2,2,1,1,1,2,1,1,2,2,1,2,2,2,2,1,1,2,2,1,2,1,2,2,2,1,2,1,1,2,1,,1.0,22,,,20,9.0,5.0,,,,,,,,,,,,4.0,4.0,5.0,5.0,,,1.0,2.0,1.0,,,,
1884,3,2,1,2,4,1,2,2,5,5,,5.0,,,,,,,2.0,500,,,,20,,,,5.0,,,,,,,7,4,5,3,5,6,7,7,1,1,61.0,50.0,51.0,61.0,70.0,39.0,58.0,70.0,60.0,75.0,2,2,2,1,2,1,2,2,2,2,1,2,2,1,2,1,1,1,2,2,1,1,2,2,2,2,1,2,2,2,2,1,2,2,2,2,2,2,2,2,6.0,2.0,10,,,,,,1.0,1.0,1.0,1.0,1.0,1.0,1.0,1.0,1.0,1.0,70.0,,4.0,5.0,5.0,1.0,2.0,5.0,3.0,2.0,,,,3.0
1885,4,5,5,5,4,5,5,5,1,1,,,,,,,,,,,,,,19,2.0,,1.0,,,,,,,,7,5,5,5,3,5,5,5,4,1,10.0,10.0,15.0,20.0,20.0,25.0,33.0,5.0,85.0,10.0,2,2,1,2,2,1,1,2,2,1,2,2,2,1,2,2,2,2,1,2,2,2,1,2,2,1,1,2,2,2,2,1,2,2,2,2,2,2,2,2,7.0,1.0,60,1.0,325,,2.0,5.0,1.0,1.0,1.0,1.0,1.0,1.0,1.0,1.0,1.0,1.0,85.0,2.0,,,,,,6.0,6.0,3.0,1.0,5.0,6.0,
1886,4,2,5,2,5,4,5,5,2,4,,,,,,,2.0,40,2.0,500,2.0,5.0,5.0,,2.0,,2.0,,,,,,,,7,3,6,5,2,5,5,6,2,1,40.0,23.0,50.0,45.0,50.0,50.0,65.0,58.0,60.0,65.0,2,1,2,2,1,1,1,1,2,2,1,1,1,2,1,2,2,1,2,1,1,1,1,1,2,1,2,1,1,2,1,2,2,2,1,1,1,2,1,2,6.0,,,,,15,6.0,6.0,1.0,1.0,1.0,1.0,1.0,1.0,1.0,2.0,2.0,2.0,70.0,3.0,,,,,,4.0,3.0,1.0,,,,
1887,4,5,5,5,5,5,5,5,2,3,,,3.0,3.0,3.0,7.0,,,1.0,3000,,,,20,2.0,3.0,1.0,6.0,,,,,,,6,2,7,5,2,5,5,6,2,1,55.0,35.0,80.0,75.0,70.0,35.0,80.0,30.0,70.0,80.0,2,1,1,2,2,2,2,1,1,1,2,2,2,2,2,2,2,2,1,2,2,2,1,1,2,2,1,1,2,1,2,2,2,2,2,2,2,2,2,2,,1.0,15,,,,,,1.0,1.0,1.0,1.0,1.0,1.0,1.0,1.0,1.0,1.0,70.0,4.0,,,,,,,,,5.0,5.0,6.0,
1888,4,5,4,4,4,4,5,5,4,4,92.0,3.0,4.0,3.0,2.0,6.0,,,2.0,360,1.0,2.0,5.0,20,2.0,,1.0,,1.0,1.0,2.0,1.0,1.0,2.0,6,1,7,4,5,6,3,5,1,2,72.0,21.0,53.0,70.0,80.0,60.0,90.0,69.0,75.0,72.0,2,1,2,2,2,1,2,2,1,2,1,2,1,1,1,2,1,1,1,1,1,2,1,2,2,2,1,2,1,2,1,2,2,2,1,1,1,1,2,2,,1.0,54,,,,,5.0,,,,,,,,,,,,,,,,,,,,,,,,3.0
1889,5,2,5,4,4,4,3,5,5,3,,6.0,3.0,3.0,3.0,4.0,,,2.0,700,4.0,5.0,6.0,20,,3.0,,,,,,,,,7,1,5,5,5,6,5,5,3,1,75.0,50.0,90.0,65.0,70.0,60.0,90.0,80.0,85.0,60.0,2,2,1,2,2,2,2,2,1,2,1,1,2,2,1,1,1,2,1,1,1,2,1,1,1,1,2,1,2,2,2,1,2,2,2,1,1,2,2,2,,1.0,200,,,,,6.0,1.0,1.0,1.0,1.0,1.0,1.0,1.0,1.0,1.0,1.0,70.0,,,,,2.0,2.0,,,,,,,
1890,3,3,2,1,4,1,2,3,5,4,80.0,4.0,4.0,3.0,4.0,7.0,2.0,45,,,2.0,5.0,5.0,12,,,2.0,4.0,1.0,1.0,2.0,1.0,1.0,2.0,6,4,5,6,2,3,6,5,3,1,60.0,45.0,35.0,40.0,65.0,45.0,70.0,75.0,30.0,55.0,1,1,1,1,1,1,1,2,1,1,1,1,1,2,2,2,2,2,1,1,1,1,2,2,2,2,1,1,2,1,2,2,1,2,1,2,1,2,1,2,,,,1.0,150,,,,,,,,,,,,,,,,,,,1.0,,,,,,,,3.0
1891,3,4,3,4,3,3,4,4,3,4,,4.0,3.0,2.0,4.0,4.0,,,2.0,400,2.0,4.0,4.0,,,,,,,,,,,,6,1,2,4,5,7,6,6,1,1,57.0,30.0,42.0,83.0,40.0,44.0,49.0,47.0,47.0,43.0,2,1,2,1,1,1,2,1,2,1,2,2,1,2,1,1,1,1,1,1,1,1,2,2,2,2,1,1,2,2,2,1,2,2,1,2,2,2,2,1,,1.0,45,,,8,10.0,4.0,1.0,1.0,2.0,2.0,1.0,1.0,1.0,1.0,2.0,1.0,85.0,,,,,1.0,1.0,,,,,,,
1892,2,4,4,4,5,3,5,5,1,3,30.0,6.0,,,,,2.0,40,,,,,,,,,1.0,,1.0,1.0,1.0,1.0,1.0,1.0,7,1,1,1,5,7,5,7,1,2,50.0,50.0,50.0,50.0,100.0,20.0,100.0,100.0,50.0,100.0,2,2,1,2,1,1,2,1,2,2,2,2,2,2,2,2,2,2,2,1,2,2,1,1,2,2,2,1,2,1,2,1,2,2,1,2,2,2,1,1,1.0,,,1.0,85,20,3.0,6.0,,,,,,,,,,,,,,,,1.0,,1.0,6.0,1.0,1.0,5.0,6.0,
1893,5,5,5,5,4,5,5,5,2,4,40.0,,2.0,3.0,3.0,,,,,,1.0,5.0,4.0,,,1.0,1.0,,1.0,1.0,1.0,1.0,1.0,1.0,7,2,4,5,3,6,6,4,3,1,66.0,50.0,50.0,40.0,45.0,25.0,30.0,30.0,45.0,57.0,2,1,2,2,2,2,2,1,2,2,2,2,2,1,1,1,2,2,1,2,2,1,1,1,1,1,1,1,2,2,1,2,2,2,1,1,1,2,2,2,5.0,1.0,30,1.0,400,10,,6.0,,,,,,,,,,,,3.0,,,,1.0,,,,,,,,
1894,4,4,5,5,5,3,5,5,4,5,81.0,4.0,2.0,3.0,2.0,,2.0,50,2.0,70,,,,20,,,1.0,5.0,2.0,1.0,1.0,2.0,1.0,2.0,6,2,6,6,5,4,5,6,3,2,58.0,90.0,60.0,79.0,99.0,51.0,75.0,96.0,78.0,83.0,2,2,2,2,2,2,1,1,1,1,1,1,2,1,1,1,1,1,1,2,2,1,2,2,1,2,2,1,2,2,2,2,2,1,2,2,2,2,1,2,3.0,,,,,,6.0,,,,,,,,,,,,,,5.0,4.0,5.0,1.0,,,,,,,,
1895,5,4,5,5,4,5,5,5,3,1,70.0,6.0,2.0,3.0,5.0,,1.0,73,2.0,600,,,,19,,,,,1.0,1.0,2.0,1.0,1.0,2.0,7,2,5,3,4,6,7,6,3,1,71.0,55.0,90.0,69.0,76.0,65.0,95.0,78.0,36.0,66.0,1,2,1,1,2,1,1,2,2,1,1,2,2,2,2,2,2,2,2,2,2,2,1,2,2,2,1,1,1,2,2,2,2,2,2,2,2,1,1,2,4.0,,,,,,,6.0,,,,,,,,,,,,,,,,1.0,1.0,,,,5.0,5.0,6.0,8.0
1896,4,4,5,5,4,5,3,4,5,4,91.0,4.0,,,,2.0,,,2.0,380,,,,12,1.0,,1.0,,,,,,,,6,6,5,7,1,2,6,5,3,1,47.0,26.0,55.0,47.0,54.0,58.0,58.0,61.0,69.0,50.0,2,1,1,1,1,1,1,1,1,1,1,2,1,1,1,2,2,2,2,1,1,1,2,2,1,1,2,2,1,1,1,1,2,1,1,2,1,2,1,2,,1.0,54,,,,6.0,4.0,1.0,1.0,2.0,2.0,1.0,2.0,1.0,2.0,1.0,1.0,,,5.0,5.0,4.0,,,1.0,2.0,1.0,,,,
1897,4,4,4,5,4,5,5,5,3,2,30.0,,,,,,,,,,4.0,4.0,4.0,,2.0,,,,,,,,,,7,2,3,5,1,5,5,5,2,1,30.0,15.0,20.0,70.0,25.0,40.0,80.0,55.0,30.0,20.0,2,1,1,2,1,2,1,1,1,2,2,2,2,1,1,2,2,2,2,1,1,1,2,1,2,1,2,2,2,2,2,1,1,1,1,2,2,2,2,2,6.0,1.0,45,1.0,120,0,8.0,4.0,1.0,1.0,1.0,1.0,1.0,1.0,1.0,1.0,1.0,1.0,,3.0,,,,,2.0,3.0,4.0,3.0,,,,
1898,4,3,4,4,1,4,4,4,4,1,,,,,,3.0,,,2.0,500,,,,,,1.0,1.0,4.0,,,,,,,6,4,5,3,6,6,7,6,3,1,20.0,10.0,80.0,90.0,38.0,60.0,80.0,90.0,60.0,50.0,1,2,1,1,2,2,1,1,2,2,2,2,2,2,1,1,1,2,2,2,2,1,1,2,1,1,2,2,1,2,1,2,1,1,1,1,2,2,1,2,,2.0,0,,,4,,,1.0,2.0,1.0,2.0,2.0,2.0,1.0,2.0,1.0,2.0,70.0,1.0,1.0,5.0,4.0,2.0,,3.0,4.0,4.0,,,,
1899,4,5,5,5,5,5,5,5,2,3,30.0,,2.0,1.0,3.0,6.0,2.0,60,2.0,800,,,,18,,,,6.0,1.0,1.0,1.0,2.0,1.0,2.0,7,3,5,2,2,5,4,6,3,1,35.0,25.0,10.0,35.0,39.0,27.0,70.0,80.0,45.0,30.0,1,1,2,1,2,1,1,1,1,2,1,1,2,2,2,1,2,2,2,2,1,2,1,1,2,2,2,2,2,2,2,2,2,2,2,2,2,1,2,1,,,,,,,,,,,,,,,,,,,,2.0,,,,2.0,2.0,,,,4.0,3.0,2.0,5.0
1900,4,4,5,4,4,4,5,5,5,4,81.0,3.0,4.0,5.0,3.0,6.0,,,1.0,1500,4.0,5.0,5.0,,,,,,1.0,2.0,1.0,2.0,1.0,1.0,6,1,4,5,1,7,5,5,4,2,50.0,52.0,51.0,41.0,41.0,64.0,70.0,45.0,47.0,50.0,1,1,1,2,2,1,2,1,2,2,2,1,1,2,2,2,1,2,2,2,2,1,2,1,1,2,2,1,2,1,2,1,2,1,1,1,2,2,2,1,,1.0,30,,,8,4.0,3.0,,,,,,,,,,,,,,,,1.0,2.0,,,,,,,
1901,1,1,1,1,3,3,4,1,5,3,,,,,,5.0,1.0,71,,,,,,18,,,1.0,,1.0,1.0,1.0,1.0,1.0,1.0,6,2,4,3,2,5,4,5,3,1,40.0,28.0,30.0,35.0,50.0,53.0,60.0,35.0,60.0,56.0,1,2,2,1,2,1,1,2,2,2,2,2,2,2,2,2,1,2,2,2,2,1,2,2,2,2,2,2,2,2,1,2,2,2,2,2,2,2,2,2,,,,1.0,200,,,2.0,,,,,,,,,,,70.0,3.0,,,,1.0,,1.0,6.0,3.0,4.0,5.0,6.0,4.0
1902,4,4,4,4,4,3,3,4,4,1,10.0,2.0,2.0,2.0,2.0,,2.0,55,2.0,380,1.0,5.0,5.0,15,,,,3.0,1.0,1.0,1.0,1.0,1.0,2.0,6,4,4,3,1,6,7,7,1,1,59.0,50.0,49.0,61.0,49.0,50.0,65.0,61.0,68.0,26.0,2,1,2,2,1,2,2,2,1,2,2,2,2,1,1,2,2,2,2,1,1,2,2,2,1,1,2,2,2,1,1,2,2,2,2,1,1,2,2,2,2.0,,,,,,9.0,,,,,,,,,,,,,,,,,2.0,2.0,,,,,,,
1903,4,3,3,3,3,3,5,2,1,3,30.0,4.0,,,,1.0,,,2.0,400,1.0,4.0,5.0,,,,1.0,,,,,,,,6,2,6,6,3,6,5,5,3,1,50.0,40.0,50.0,60.0,50.0,50.0,65.0,60.0,50.0,50.0,2,2,1,1,2,2,2,2,1,2,2,2,2,2,2,2,2,2,2,2,2,2,2,2,1,2,2,2,1,2,2,1,2,2,2,1,2,2,2,1,,1.0,50,,,0,,4.0,1.0,1.0,1.0,1.0,1.0,1.0,1.0,1.0,1.0,1.0,,,,,,1.0,,3.0,3.0,3.0,,,,4.0
1904,5,5,3,4,3,5,3,5,4,4,30.0,3.0,,,,4.0,2.0,32,1.0,1250,,,,,2.0,,1.0,,,,,,,,7,4,3,4,1,7,7,7,3,2,97.0,100.0,100.0,97.0,76.0,71.0,55.0,100.0,81.0,79.0,1,2,2,1,1,2,1,1,1,2,1,1,2,2,2,2,1,1,2,2,2,2,2,2,1,2,2,2,1,2,1,2,2,2,2,2,1,2,2,2,,,,,,12,10.0,5.0,1.0,2.0,1.0,2.0,1.0,2.0,1.0,2.0,1.0,2.0,,,,,,,,5.0,5.0,3.0,1.0,4.0,3.0,
1905,1,1,1,1,2,1,1,1,5,3,,4.0,,,,6.0,1.0,80,,,1.0,1.0,1.0,18,,,,,1.0,1.0,1.0,1.0,1.0,1.0,5,2,5,3,5,5,4,6,4,1,43.0,52.0,33.0,41.0,26.0,32.0,51.0,51.0,78.0,50.0,2,1,2,1,1,2,2,1,2,1,1,1,1,2,1,2,1,1,1,1,2,2,2,2,1,2,2,2,2,1,2,1,1,1,2,1,1,1,1,2,,,,1.0,100,,,2.0,,,,,,,,,,,84.0,,,,,1.0,1.0,5.0,5.0,2.0,,,,6.0
1906,4,4,4,5,4,5,5,4,3,4,,,5.0,3.0,4.0,,2.0,45,,,,,,,,,2.0,,1.0,1.0,2.0,1.0,2.0,1.0,6,4,4,4,1,4,5,5,3,1,38.0,31.0,25.0,32.0,29.0,37.0,63.0,54.0,28.0,23.0,1,2,2,1,2,1,1,1,1,2,1,1,1,1,1,2,1,1,2,1,1,1,1,1,1,1,1,1,2,1,1,1,1,1,1,1,1,1,2,1,4.0,,,1.0,118,0,7.0,2.0,,,,,,,,,,,88.0,2.0,,,,1.0,,,,,1.0,4.0,4.0,
1907,5,4,5,5,4,5,4,5,3,3,30.0,3.0,4.0,4.0,3.0,6.0,1.0,100,,,,,,20,1.0,,2.0,,,,,,,,6,4,6,5,3,5,4,4,3,1,61.0,38.0,42.0,55.0,70.0,25.0,50.0,90.0,60.0,50.0,1,1,2,2,2,1,1,1,2,1,2,2,2,2,1,2,2,2,2,2,1,1,2,2,2,2,2,2,2,2,2,1,2,1,2,1,1,2,1,2,,,,1.0,200,,,5.0,1.0,1.0,1.0,1.0,1.0,1.0,1.0,1.0,1.0,1.0,,,4.0,5.0,6.0,,,,,,,,,3.0
1908,4,3,4,4,4,3,4,5,4,4,65.0,4.0,,,,,2.0,55,,,,,,20,2.0,,,,1.0,1.0,2.0,1.0,2.0,1.0,7,1,2,5,2,6,5,3,2,1,72.0,30.0,25.0,25.0,35.0,15.0,55.0,75.0,65.0,75.0,2,2,2,2,2,2,1,2,2,1,2,1,1,2,2,1,2,1,1,1,2,1,1,2,2,2,1,1,1,2,2,2,2,2,1,2,1,1,1,1,4.0,,,1.0,300,,,4.0,,,,,,,,,,,,,,,,,2.0,4.0,3.0,2.0,2.0,4.0,4.0,2.0
1909,3,3,4,3,4,5,5,5,1,3,,,,,,4.0,,,2.0,500,,,,,1.0,,,,1.0,2.0,1.0,1.0,2.0,1.0,6,2,4,2,2,4,7,7,2,1,68.0,52.0,35.0,83.0,66.0,48.0,82.0,40.0,48.0,54.0,2,2,2,2,2,1,1,2,1,1,2,1,1,2,1,2,1,1,2,2,2,2,2,2,2,1,2,1,1,2,2,1,1,2,1,2,2,1,1,1,,1.0,20,,,15,,4.0,,,,,,,,,,,49.0,4.0,2.0,5.0,6.0,,1.0,3.0,4.0,3.0,,,,2.0
1910,2,1,2,2,2,1,4,5,5,4,40.0,,,,,5.0,,,,,2.0,2.0,3.0,,2.0,,,,,,,,,,6,5,6,6,3,5,5,3,2,1,45.0,50.0,55.0,50.0,60.0,55.0,70.0,60.0,75.0,50.0,2,2,1,1,2,2,1,2,2,1,2,2,1,2,2,1,2,2,1,2,1,1,1,1,1,1,1,1,1,2,1,2,1,2,2,2,1,1,1,2,,1.0,54,1.0,358,10,,1.0,1.0,2.0,1.0,1.0,1.0,1.0,1.0,1.0,2.0,1.0,,2.0,,,,,2.0,4.0,3.0,4.0,,,,4.0
1911,3,5,4,5,4,4,5,5,3,4,,4.0,,,,5.0,2.0,60,,,,,,12,,,1.0,4.0,,,,,,,6,2,4,2,3,6,7,7,2,1,25.0,12.0,7.0,30.0,35.0,8.0,95.0,55.0,30.0,50.0,1,2,1,2,2,1,2,1,2,2,2,2,2,1,1,2,1,1,2,2,2,2,1,2,1,2,1,1,2,2,1,2,2,2,1,2,2,1,1,2,,,,1.0,88,,3.0,,1.0,1.0,2.0,1.0,2.0,2.0,2.0,1.0,1.0,2.0,70.0,,2.0,5.0,4.0,1.0,,3.0,3.0,2.0,,,,
1912,3,4,3,5,5,5,4,4,3,2,70.0,3.0,3.0,3.0,3.0,6.0,2.0,46,2.0,500,2.0,4.0,5.0,,2.0,3.0,2.0,,,,,,,,5,2,6,6,3,6,5,5,3,1,42.0,52.0,47.0,58.0,58.0,50.0,57.0,67.0,46.0,46.0,1,1,1,2,1,2,2,2,2,2,2,2,1,2,2,1,2,2,2,1,1,1,1,2,2,2,2,2,2,2,1,2,2,2,2,1,2,2,2,2,,,,,,18,,4.0,1.0,1.0,1.0,1.0,1.0,1.0,1.0,1.0,1.0,1.0,,,,,,,,,,,,,,
1913,5,5,5,5,5,5,5,5,1,5,,6.0,,,,7.0,2.0,14,,,3.0,3.0,6.0,0,,,,,1.0,1.0,1.0,1.0,2.0,2.0,6,1,1,1,2,7,7,7,3,1,15.0,15.0,16.0,38.0,38.0,15.0,16.0,18.0,23.0,22.0,2,1,2,2,1,2,2,2,2,2,2,2,2,2,2,2,2,2,2,1,1,2,1,2,2,1,2,2,2,2,2,2,2,2,2,2,1,2,1,1,,,,1.0,500,,8.0,6.0,,,,,,,,,,,10.0,,,,,1.0,2.0,6.0,6.0,6.0,,,,
1914,2,4,4,5,5,1,5,5,5,4,81.0,,,,,,,,2.0,300,,,,15,,2.0,,,,,,,,,6,4,5,5,5,3,5,5,3,2,25.0,47.0,50.0,58.0,70.0,15.0,95.0,75.0,67.0,85.0,1,2,1,1,1,1,1,1,1,2,2,2,1,1,1,1,1,1,1,2,1,2,2,1,2,2,1,2,2,2,1,1,1,2,1,2,2,1,2,2,3.0,1.0,30,,,,,5.0,1.0,1.0,2.0,1.0,1.0,1.0,2.0,1.0,2.0,1.0,,3.0,,,,1.0,1.0,3.0,6.0,3.0,4.0,4.0,5.0,
1915,4,5,3,4,5,4,4,5,3,2,,2.0,3.0,5.0,4.0,2.0,,,2.0,250,,,,13,,2.0,,5.0,1.0,1.0,1.0,1.0,2.0,2.0,5,1,1,2,3,6,5,5,3,1,47.0,56.0,42.0,66.0,73.0,50.0,91.0,97.0,56.0,46.0,1,1,2,1,2,2,2,2,2,1,1,1,1,2,2,1,2,2,1,2,2,1,2,2,2,1,2,2,1,1,1,1,2,1,1,1,2,2,2,1,,1.0,60,,,,,,,,,,,,,,,,95.0,,1.0,5.0,6.0,1.0,2.0,,,,,,,
1916,4,2,4,5,5,1,5,2,5,5,,4.0,,,,6.0,,,,,,,,20,,3.0,1.0,6.0,,,,,,,6,1,4,6,2,7,6,6,2,2,51.0,76.0,88.0,94.0,97.0,8.0,86.0,76.0,100.0,99.0,2,1,2,1,2,2,2,1,1,2,2,2,1,2,2,2,1,2,1,2,2,2,2,1,1,2,1,2,2,1,2,2,2,1,1,2,2,2,1,2,,1.0,54,1.0,375,,,,1.0,1.0,1.0,2.0,1.0,2.0,1.0,1.0,2.0,1.0,91.0,,1.0,5.0,6.0,1.0,,3.0,2.0,1.0,,,,
1917,5,5,5,4,5,1,4,4,5,5,,,,,,,,,,,4.0,5.0,5.0,,1.0,,1.0,,1.0,2.0,2.0,1.0,1.0,2.0,6,5,4,3,1,5,6,7,3,1,61.0,75.0,87.0,100.0,98.0,0.0,92.0,85.0,100.0,99.0,2,1,2,1,2,1,2,1,1,2,1,2,1,2,1,2,1,1,1,2,1,2,1,1,1,2,1,2,1,1,1,2,1,2,1,1,2,1,2,2,7.0,1.0,15,1.0,90,10,,6.0,,,,,,,,,,,80.0,1.0,,,,,,5.0,2.0,1.0,,,,2.0
1918,4,4,4,4,5,4,2,2,4,4,,,,,,,,,2.0,100,,,,15,1.0,,,,1.0,1.0,2.0,1.0,1.0,2.0,6,5,6,6,2,5,6,6,2,1,39.0,36.0,45.0,37.0,52.0,32.0,34.0,37.0,52.0,54.0,2,1,1,2,1,2,1,1,2,1,1,2,2,2,1,2,2,2,2,1,1,1,2,2,2,2,2,2,2,2,1,2,1,1,1,1,2,2,2,2,6.0,1.0,20,,,,3.0,2.0,,,,,,,,,,,100.0,3.0,,,,,1.0,3.0,5.0,3.0,3.0,2.0,5.0,
1919,1,3,1,2,3,2,2,3,5,4,,2.0,,,,5.0,,,1.0,1200,,,,,1.0,,2.0,,1.0,1.0,1.0,1.0,1.0,1.0,6,3,2,3,1,5,5,5,1,2,29.0,38.0,29.0,37.0,53.0,33.0,31.0,49.0,55.0,56.0,2,1,1,1,1,2,2,2,1,1,2,2,1,2,2,2,2,2,1,2,2,1,2,2,1,2,2,1,2,1,1,2,1,2,2,2,1,2,1,2,,1.0,50,,,0,3.0,3.0,,,,,,,,,,,80.0,,3.0,2.0,1.0,,,3.0,4.0,3.0,,,,
1920,3,3,2,4,4,3,3,2,4,3,,,4.0,1.0,4.0,,2.0,56,,,,,,,2.0,3.0,,3.0,1.0,1.0,2.0,1.0,1.0,2.0,6,3,4,3,3,6,5,5,3,2,29.0,14.0,11.0,68.0,72.0,43.0,71.0,20.0,66.0,59.0,1,1,2,2,2,2,2,1,2,1,2,1,2,1,1,1,1,2,2,1,2,2,2,1,1,1,1,2,1,1,1,1,2,1,1,1,1,2,2,2,3.0,,,1.0,300,15,,,,,,,,,,,,,82.0,2.0,3.0,3.0,4.0,,2.0,,,,,,,
1921,4,4,4,5,4,2,4,4,4,4,,3.0,3.0,3.0,5.0,6.0,2.0,52,,,,,,,,2.0,1.0,,1.0,1.0,1.0,1.0,2.0,2.0,6,2,6,6,2,7,6,6,3,1,45.0,45.0,40.0,80.0,70.0,40.0,90.0,95.0,70.0,75.0,1,1,1,1,1,2,1,1,1,1,1,2,1,1,2,2,2,1,1,1,2,2,1,2,1,2,1,1,2,1,1,1,1,1,1,1,1,1,2,1,,,,1.0,300,8,,2.0,,,,,,,,,,,70.0,,2.0,5.0,5.0,1.0,,,,,,,,
1922,3,4,4,4,4,3,4,4,4,4,,,,,,,2.0,55,,,,,,,2.0,1.0,,5.0,,,,,,,6,2,3,5,3,5,7,5,2,2,34.0,30.0,35.0,40.0,35.0,25.0,50.0,65.0,75.0,55.0,1,1,2,1,1,2,1,2,2,2,1,2,1,2,1,2,1,2,2,2,1,1,2,1,1,2,1,2,1,2,2,1,1,1,1,2,2,2,1,1,5.0,,,1.0,200,15,,,1.0,2.0,1.0,1.0,2.0,1.0,1.0,2.0,1.0,1.0,70.0,4.0,2.0,4.0,6.0,,2.0,3.0,3.0,3.0,,,,
1923,4,4,4,4,4,4,4,5,3,2,,4.0,,,,6.0,,,,,,,,15,,1.0,,,1.0,1.0,2.0,1.0,1.0,2.0,7,5,4,5,2,5,5,6,3,1,31.0,32.0,32.0,40.0,45.0,41.0,61.0,46.0,53.0,41.0,1,2,1,2,2,1,1,2,1,2,2,1,2,2,2,1,2,2,1,1,1,1,1,2,2,2,1,1,2,1,1,1,1,2,1,1,1,2,1,1,,1.0,40,1.0,250,,,4.0,,,,,,,,,,,70.0,,,,,2.0,2.0,3.0,4.0,3.0,2.0,5.0,5.0,
1924,5,5,5,5,5,5,5,5,1,3,,5.0,,,,6.0,1.0,90,1.0,3000,,,,9,,2.0,,5.0,,,,,,,7,2,3,6,1,6,5,4,3,2,70.0,75.0,60.0,80.0,80.0,65.0,85.0,80.0,56.0,74.0,1,1,1,2,2,2,1,1,1,1,1,2,2,1,1,1,1,2,2,2,2,1,2,1,1,2,1,2,1,1,2,1,2,2,1,2,1,1,1,1,,,,,,,,,1.0,1.0,1.0,1.0,1.0,1.0,1.0,1.0,1.0,1.0,70.0,,,,,2.0,2.0,4.0,4.0,3.0,2.0,5.0,4.0,
1925,4,3,4,3,4,4,4,4,5,4,,6.0,,,,5.0,,,2.0,380,,,,,2.0,,,,2.0,2.0,1.0,2.0,2.0,2.0,6,1,4,2,2,7,5,5,2,2,45.0,49.0,44.0,31.0,45.0,54.0,67.0,64.0,92.0,45.0,1,1,1,2,1,1,2,1,1,1,1,1,1,1,1,1,1,2,1,1,2,2,1,1,1,1,1,1,1,1,2,1,1,1,1,2,1,1,2,1,,1.0,20,,,15,3.0,3.0,,,,,,,,,,,83.0,,,,,,2.0,2.0,2.0,5.0,4.0,4.0,5.0,
1926,2,3,4,4,4,4,4,5,2,3,,4.0,,,,6.0,,,1.0,1200,,,,,2.0,,,6.0,,,,,,,6,2,6,5,2,3,6,6,3,2,71.0,62.0,55.0,50.0,60.0,41.0,50.0,70.0,53.0,53.0,2,2,1,2,2,1,2,1,2,1,2,2,2,2,1,1,2,1,2,1,1,1,2,1,1,2,1,1,2,1,2,1,1,1,1,1,1,2,1,1,,1.0,15,,,5,9.0,,1.0,2.0,1.0,1.0,1.0,2.0,1.0,2.0,1.0,1.0,70.0,,,,,,2.0,2.0,2.0,2.0,4.0,5.0,6.0,
1927,1,3,1,3,3,1,5,5,5,4,,3.0,3.0,5.0,4.0,6.0,2.0,50,,,4.0,5.0,3.0,,,,,5.0,1.0,1.0,1.0,1.0,1.0,1.0,6,4,5,3,3,5,5,6,1,1,4.0,32.0,2.0,34.0,34.0,1.0,93.0,92.0,89.0,78.0,2,2,1,1,1,2,2,2,2,2,1,2,2,2,1,1,1,2,1,1,1,2,2,2,1,2,2,1,2,2,2,1,2,1,1,2,2,2,1,1,,,,1.0,350,0,10.0,,,,,,,,,,,,90.0,,,,,1.0,2.0,,,,,,,
1928,4,4,5,5,5,5,5,5,1,3,,,3.0,1.0,4.0,6.0,2.0,55,2.0,400,,,,15,2.0,,,,,,,,,,6,2,3,2,1,6,6,7,2,1,82.0,55.0,70.0,52.0,60.0,30.0,42.0,78.0,20.0,69.0,1,2,1,1,2,2,2,1,1,2,2,2,1,1,1,2,1,2,2,1,2,1,2,1,2,2,1,2,1,1,2,1,1,2,2,1,1,2,2,2,,,,,,,,4.0,1.0,1.0,1.0,2.0,1.0,1.0,2.0,1.0,1.0,1.0,85.0,3.0,,,,,1.0,,,,3.0,5.0,5.0,3.0
1929,1,3,1,2,2,1,4,4,5,4,,,2.0,4.0,3.0,,,,,,,,,16,,,,4.0,1.0,1.0,2.0,1.0,1.0,2.0,6,2,3,3,5,6,5,3,2,1,36.0,62.0,14.0,53.0,61.0,27.0,76.0,82.0,57.0,78.0,2,1,1,1,1,1,1,1,2,2,2,1,1,2,1,1,1,1,2,1,1,1,1,2,2,2,1,1,1,1,1,2,1,1,2,1,1,1,1,1,6.0,2.0,5,1.0,400,,4.0,,,,,,,,,,,,70.0,1.0,3.0,4.0,4.0,1.0,2.0,,,,,,,
1930,4,4,3,3,4,4,4,5,3,3,,5.0,,,,6.0,,,2.0,200,4.0,3.0,3.0,18,2.0,,,,,,,,,,5,2,5,6,2,5,5,3,3,1,57.0,52.0,63.0,60.0,71.0,66.0,61.0,77.0,68.0,77.0,1,2,2,2,1,1,2,2,2,2,2,2,2,2,2,2,1,1,1,2,1,1,1,1,1,2,1,2,1,2,1,2,2,2,2,1,1,2,1,1,,2.0,6,,,,,3.0,1.0,2.0,1.0,1.0,1.0,1.0,2.0,1.0,1.0,1.0,91.0,,,,,,2.0,4.0,4.0,2.0,,,,4.0
1931,2,1,1,2,3,1,4,4,5,3,,,,,,,,,2.0,850,,,,,2.0,1.0,,4.0,,,,,,,6,2,6,6,2,5,6,6,2,1,48.0,27.0,18.0,34.0,48.0,22.0,73.0,76.0,55.0,41.0,2,2,1,1,2,1,2,2,1,2,2,2,2,2,1,2,1,1,1,2,2,1,1,2,2,2,1,2,1,2,2,1,1,2,2,2,2,2,1,1,6.0,1.0,45,,,9,,,2.0,1.0,1.0,1.0,2.0,1.0,1.0,1.0,1.0,2.0,95.0,3.0,5.0,3.0,5.0,,2.0,4.0,4.0,2.0,,,,
1932,4,4,4,5,5,4,5,5,4,5,,,,,,6.0,2.0,50,,,,,,15,1.0,3.0,,5.0,,,,,,,6,5,5,6,5,5,5,5,2,1,45.0,35.0,35.0,70.0,85.0,30.0,70.0,90.0,40.0,50.0,1,1,1,2,1,2,1,2,1,2,2,2,1,2,2,2,2,2,2,2,1,1,1,2,2,1,1,1,2,2,2,2,2,2,1,1,1,2,1,1,,,,1.0,100,,,,1.0,1.0,2.0,1.0,1.0,2.0,1.0,1.0,2.0,1.0,70.0,3.0,4.0,5.0,4.0,,2.0,5.0,5.0,3.0,,,,
1933,4,5,5,5,3,3,5,4,3,5,,,,,,,,,1.0,1200,3.0,5.0,4.0,12,,2.0,,6.0,,,,,,,6,3,4,4,4,5,6,5,2,2,57.0,38.0,76.0,60.0,44.0,23.0,56.0,62.0,73.0,50.0,2,2,1,2,2,1,1,1,2,2,1,1,1,2,1,1,2,1,1,2,1,1,1,2,1,1,2,1,1,2,1,1,1,1,1,1,1,1,1,2,3.0,1.0,24,,,,,,1.0,1.0,1.0,2.0,1.0,2.0,1.0,1.0,2.0,1.0,90.0,3.0,,,,1.0,2.0,4.0,3.0,2.0,,,,
1934,3,2,2,3,3,3,4,3,3,4,,,3.0,4.0,4.0,5.0,,,,,4.0,3.0,4.0,17,,2.0,1.0,4.0,1.0,2.0,1.0,1.0,2.0,1.0,6,2,3,2,4,6,6,6,1,2,40.0,71.0,58.0,67.0,80.0,52.0,33.0,56.0,81.0,42.0,1,2,1,1,1,1,1,2,2,2,1,2,1,1,1,2,1,2,2,1,1,2,1,2,2,1,1,1,1,1,2,1,1,1,1,2,2,2,1,2,,1.0,22,1.0,220,,,,,,,,,,,,,,68.0,4.0,,,,1.0,,,,,,,,
1935,1,3,1,4,5,3,5,4,4,4,,,,,,,1.0,75,,,,,,,,,,4.0,,,,,,,7,2,6,5,5,6,5,5,3,1,30.0,25.0,20.0,49.0,75.0,55.0,50.0,40.0,55.0,49.0,2,1,1,2,2,1,1,1,1,1,1,2,2,2,2,1,2,2,2,2,2,2,2,2,1,2,2,1,1,2,2,1,2,1,2,1,2,1,1,2,5.0,,,1.0,150,8,10.0,,1.0,1.0,1.0,1.0,1.0,1.0,2.0,2.0,2.0,2.0,70.0,3.0,4.0,2.0,4.0,1.0,2.0,3.0,4.0,2.0,,,,
1936,1,2,1,1,2,1,1,1,5,1,100.0,4.0,5.0,2.0,2.0,,2.0,40,,,,,,,2.0,,1.0,,1.0,1.0,2.0,1.0,2.0,2.0,6,4,6,6,3,5,3,3,3,2,10.0,5.0,10.0,15.0,15.0,25.0,15.0,20.0,75.0,10.0,1,2,2,1,1,1,1,2,2,1,1,1,1,2,2,2,1,1,1,1,2,1,1,2,1,2,1,2,1,1,1,1,1,1,2,1,1,1,1,1,6.0,,,1.0,200,12,,3.0,,,,,,,,,,,,,4.0,4.0,4.0,,,,,,,,,3.0
1937,5,4,4,4,3,2,4,5,4,4,,4.0,,,,7.0,,,,,,,,,2.0,1.0,,5.0,2.0,2.0,1.0,1.0,1.0,1.0,7,2,1,1,1,3,7,7,4,1,57.0,57.0,32.0,51.0,34.0,10.0,63.0,60.0,62.0,60.0,2,2,2,1,2,1,1,2,2,1,2,1,1,2,2,2,1,2,2,1,1,1,2,2,1,2,2,1,1,2,1,2,2,1,2,2,2,1,1,1,,1.0,15,1.0,120,2,,,,,,,,,,,,,70.0,,4.0,5.0,6.0,,1.0,3.0,3.0,2.0,,,,
1938,4,4,3,4,4,4,5,4,3,4,,4.0,,,,,2.0,35,2.0,100,,,,14,1.0,3.0,,,,,,,,,6,3,3,6,5,6,7,7,3,1,72.0,52.0,28.0,41.0,36.0,30.0,37.0,58.0,17.0,30.0,1,1,2,1,1,1,1,1,1,2,2,1,2,2,2,1,1,2,2,2,1,2,2,1,1,1,2,1,2,1,1,1,1,2,2,1,2,1,2,1,6.0,,,,,,,6.0,1.0,1.0,2.0,1.0,1.0,1.0,2.0,1.0,2.0,1.0,70.0,,5.0,5.0,6.0,,2.0,4.0,4.0,4.0,,,,
1939,3,4,3,2,3,4,4,4,3,3,80.0,3.0,,,,6.0,1.0,70,,,,,,15,2.0,3.0,2.0,4.0,,,,,,,6,2,3,4,2,5,4,5,3,1,50.0,35.0,31.0,45.0,50.0,40.0,60.0,30.0,55.0,50.0,2,1,1,2,1,1,1,1,1,2,2,2,2,1,1,2,2,2,1,2,2,2,1,1,2,1,1,2,2,2,2,1,2,2,1,2,1,2,1,2,,,,1.0,120,,,,1.0,1.0,1.0,1.0,1.0,1.0,1.0,1.0,1.0,1.0,,,,,,,,4.0,5.0,2.0,4.0,5.0,5.0,
1940,1,5,1,5,5,1,5,5,5,5,55.0,4.0,4.0,3.0,4.0,6.0,,,2.0,150,1.0,5.0,6.0,18,2.0,1.0,,,,,,,,,7,1,7,6,1,6,3,5,1,2,52.0,60.0,45.0,70.0,90.0,45.0,65.0,95.0,55.0,65.0,1,2,2,2,1,2,1,1,2,2,1,1,2,2,2,2,1,2,2,2,2,2,2,1,1,2,1,2,2,1,2,1,1,2,2,1,1,1,2,1,,1.0,50,,,,,1.0,1.0,2.0,2.0,2.0,1.0,1.0,2.0,1.0,1.0,2.0,,,,,,,2.0,,,,,,,
1941,4,3,3,3,4,4,4,4,4,4,70.0,,4.0,4.0,4.0,6.0,,,,,2.0,4.0,5.0,15,,,,3.0,1.0,1.0,2.0,1.0,1.0,2.0,5,3,5,5,3,5,5,3,3,1,62.0,43.0,49.0,53.0,75.0,78.0,65.0,73.0,49.0,79.0,1,1,1,1,1,2,2,2,2,2,1,2,1,2,2,2,2,2,2,2,2,1,2,2,2,2,2,1,1,2,2,1,2,2,1,2,1,2,2,2,,2.0,8,1.0,125,,,,,,,,,,,,,,,3.0,,,,2.0,2.0,,,,,,,5.0
1942,1,3,1,3,3,1,4,4,5,3,91.0,4.0,,,,6.0,2.0,42,,,1.0,2.0,5.0,,,,,,1.0,1.0,2.0,1.0,1.0,2.0,7,1,7,5,3,6,5,6,1,1,13.0,10.0,9.0,44.0,39.0,5.0,53.0,40.0,89.0,47.0,1,2,1,1,1,1,2,1,2,1,1,1,2,2,1,2,1,2,1,2,1,1,2,2,2,1,1,1,1,2,2,2,1,1,2,1,1,2,1,1,,,,1.0,350,20,7.0,4.0,,,,,,,,,,,,,,,,1.0,2.0,6.0,6.0,4.0,,,,
1943,4,4,4,5,4,4,5,4,4,4,78.0,,3.0,3.0,4.0,,,,2.0,300,1.0,5.0,3.0,18,1.0,,1.0,,1.0,1.0,2.0,1.0,2.0,1.0,7,1,5,5,5,7,7,5,1,1,53.0,49.0,41.0,42.0,42.0,28.0,46.0,52.0,53.0,58.0,2,2,1,1,1,1,2,1,1,1,2,2,2,1,1,1,1,1,2,1,1,2,1,2,2,1,1,2,1,2,2,1,1,2,1,1,1,1,1,1,5.0,1.0,50,,,,10.0,2.0,,,,,,,,,,,,4.0,,,,,,,,,,,,
1944,5,5,4,5,5,5,3,5,1,3,,4.0,4.0,5.0,6.0,,,,,,2.0,5.0,4.0,15,2.0,,,3.0,,,,,,,7,2,5,6,3,6,7,5,4,1,30.0,23.0,24.0,62.0,93.0,16.0,97.0,47.0,92.0,96.0,1,2,2,1,1,1,1,1,1,2,2,1,1,2,2,2,2,1,1,2,1,2,2,1,1,2,1,1,1,2,1,1,1,2,1,1,2,1,2,1,6.0,1.0,30,1.0,200,,5.0,,1.0,1.0,1.0,1.0,2.0,1.0,1.0,1.0,2.0,1.0,82.0,,,,,,1.0,,,,,,,
1945,4,5,3,4,4,5,5,5,1,5,30.0,3.0,3.0,4.0,4.0,,,,,,,,,,2.0,,2.0,,1.0,1.0,1.0,2.0,1.0,1.0,7,2,2,5,3,6,6,5,2,1,61.0,65.0,25.0,34.0,63.0,55.0,60.0,95.0,25.0,59.0,2,2,1,1,1,2,2,2,1,2,1,2,2,2,2,2,2,1,1,2,1,1,2,1,1,1,2,2,1,2,2,1,2,2,2,1,2,2,1,1,6.0,1.0,45,1.0,130,4,10.0,4.0,,,,,,,,,,,,,1.0,5.0,4.0,,,,,,,,,
1946,5,5,5,5,4,5,5,5,1,4,93.0,3.0,4.0,4.0,4.0,5.0,2.0,31,2.0,470,3.0,4.0,3.0,18,2.0,,2.0,4.0,1.0,1.0,2.0,2.0,1.0,1.0,7,2,3,5,5,5,7,6,2,1,55.0,49.0,12.0,73.0,55.0,55.0,80.0,85.0,34.0,35.0,2,2,2,2,1,1,2,2,1,2,2,1,2,1,1,2,2,1,2,1,1,2,1,1,1,1,1,2,2,1,2,1,2,1,1,2,2,2,2,2,,,,,,,,,,,,,,,,,,,,,,,,,,,,,,,,4.0
1947,4,3,4,5,3,3,3,5,5,3,30.0,4.0,,,,,1.0,90,1.0,1750,2.0,5.0,4.0,15,,,2.0,5.0,,,,,,,7,2,4,5,1,2,2,4,3,2,60.0,54.0,75.0,99.0,40.0,5.0,48.0,100.0,99.0,49.0,1,2,1,1,1,2,1,2,1,1,1,1,2,2,1,1,1,1,2,1,1,2,1,2,1,1,1,1,2,2,1,2,1,1,1,1,1,1,1,2,4.0,,,,,,4.0,,1.0,1.0,1.0,1.0,1.0,1.0,1.0,1.0,1.0,1.0,,,,,,1.0,,4.0,3.0,4.0,,,,
1948,5,4,5,4,5,5,5,5,2,5,30.0,4.0,5.0,5.0,5.0,,2.0,5,2.0,650,,,,,2.0,,,6.0,,,,,,,6,2,2,2,5,6,6,7,3,2,30.0,8.0,35.0,20.0,45.0,29.0,36.0,49.0,69.0,16.0,2,2,1,2,1,2,2,2,1,1,1,1,2,2,2,1,2,1,2,2,2,2,1,2,1,1,1,2,2,2,1,2,1,2,1,2,1,1,2,1,6.0,,,,,4,5.0,,1.0,1.0,2.0,1.0,1.0,2.0,1.0,1.0,1.0,2.0,,,,,,,1.0,,,,4.0,5.0,5.0,
1949,5,5,5,5,5,5,5,5,2,5,30.0,,2.0,3.0,3.0,,2.0,52,2.0,600,2.0,5.0,6.0,19,2.0,,,3.0,1.0,1.0,2.0,1.0,1.0,2.0,7,5,6,4,3,5,6,6,4,2,91.0,100.0,92.0,95.0,92.0,97.0,96.0,89.0,98.0,94.0,2,1,2,1,1,2,1,2,1,2,2,1,2,1,2,2,1,1,2,1,1,1,2,2,1,2,2,1,1,2,1,2,1,2,2,1,1,2,2,2,7.0,,,,,,,,,,,,,,,,,,,6.0,,,,,1.0,,,,,,,6.0
1950,4,4,5,5,5,5,5,5,4,5,,,,,,,2.0,30,,,5.0,5.0,5.0,15,2.0,2.0,,4.0,,,,,,,5,1,4,2,5,6,6,6,3,2,41.0,27.0,69.0,44.0,84.0,77.0,28.0,91.0,11.0,41.0,1,1,2,2,1,2,1,2,2,2,2,1,2,2,2,1,1,2,2,2,2,1,2,2,2,2,1,2,2,1,1,2,2,2,2,2,2,1,2,2,3.0,,,1.0,110,,,,2.0,1.0,1.0,1.0,2.0,1.0,1.0,1.0,2.0,1.0,70.0,1.0,,,,,1.0,2.0,3.0,2.0,,,,
1951,2,3,4,3,4,3,5,3,3,4,,5.0,3.0,3.0,3.0,4.0,2.0,25,,,,,,,,,,,,,,,,,5,2,4,4,2,5,4,5,2,2,25.0,55.0,76.0,35.0,65.0,45.0,85.0,50.0,30.0,70.0,2,2,1,2,2,2,2,2,2,2,1,2,2,2,2,1,2,1,2,2,2,1,1,2,2,2,2,1,1,2,2,2,1,2,1,1,2,2,2,1,,,,1.0,400,16,10.0,5.0,1.0,1.0,2.0,1.0,1.0,2.0,1.0,1.0,1.0,1.0,80.0,,,,,1.0,2.0,,,,5.0,5.0,4.0,
1952,4,5,4,5,5,5,5,5,3,5,50.0,4.0,3.0,4.0,4.0,,2.0,50,,,,,,15,,,2.0,6.0,,,,,,,6,2,6,5,5,7,5,5,2,1,51.0,45.0,40.0,69.0,65.0,40.0,62.0,60.0,37.0,49.0,2,2,1,1,1,1,2,1,2,2,2,1,1,1,1,1,1,2,1,1,1,2,2,1,1,2,2,1,1,1,1,2,2,1,1,1,2,2,1,2,6.0,,,1.0,300,,,,1.0,1.0,1.0,1.0,1.0,1.0,1.0,1.0,1.0,1.0,,,,,,1.0,,,,,5.0,5.0,5.0,9.0
1953,4,4,4,5,5,4,4,5,3,4,,2.0,,,,5.0,2.0,54,2.0,400,,,,,,,,,,,,,,,6,1,5,3,3,7,4,3,4,1,60.0,50.0,45.0,50.0,50.0,45.0,50.0,90.0,51.0,67.0,2,2,2,2,2,2,2,1,1,1,2,1,2,1,2,1,2,1,2,1,2,2,2,1,2,1,2,2,2,2,2,2,2,2,1,2,1,2,2,1,,,,,,10,,3.0,1.0,1.0,1.0,1.0,1.0,1.0,1.0,1.0,1.0,1.0,70.0,,,,,1.0,2.0,3.0,3.0,3.0,5.0,5.0,6.0,3.0
1954,4,3,4,3,4,4,3,4,3,4,,,4.0,5.0,4.0,,,,,,,,,,1.0,,,4.0,,,,,,,5,6,5,7,5,6,5,5,2,1,49.0,50.0,47.0,38.0,47.0,38.0,45.0,76.0,68.0,51.0,1,1,2,2,1,1,1,2,1,1,2,1,1,1,1,2,2,2,1,2,1,1,1,2,1,1,2,2,1,2,1,2,1,1,1,1,2,1,1,1,5.0,1.0,54,1.0,370,15,,,1.0,2.0,1.0,1.0,2.0,1.0,2.0,2.0,1.0,2.0,69.0,5.0,3.0,4.0,5.0,,1.0,,,,,,,4.0
1955,3,4,4,2,4,1,4,3,5,3,,,,,,6.0,1.0,70,1.0,1001,2.0,5.0,3.0,19,2.0,,2.0,5.0,,,,,,,6,1,2,1,2,7,7,7,1,2,33.0,79.0,87.0,43.0,85.0,67.0,74.0,60.0,81.0,36.0,2,2,1,2,2,1,2,1,2,1,1,1,2,1,2,2,2,2,1,2,2,1,1,1,2,2,2,2,1,1,2,1,1,2,2,2,2,1,2,2,,,,,,,,,1.0,1.0,1.0,1.0,1.0,1.0,1.0,1.0,1.0,1.0,82.0,2.0,,,,,,4.0,6.0,2.0,,,,2.0
1956,5,4,4,5,4,5,5,5,2,2,,,,,,7.0,1.0,72,1.0,2000,,,,,,,,,,,,,,,6,4,6,7,2,5,7,3,4,2,60.0,30.0,35.0,73.0,43.0,67.0,80.0,45.0,50.0,43.0,2,2,1,1,1,1,2,1,2,2,1,2,2,2,1,1,2,2,1,2,1,1,2,2,1,2,2,1,2,1,1,2,2,2,2,1,1,1,1,1,,,,,,5,9.0,6.0,1.0,1.0,1.0,1.0,1.0,1.0,1.0,1.0,1.0,1.0,70.0,4.0,,,,2.0,2.0,3.0,3.0,3.0,4.0,5.0,5.0,
1957,3,4,1,1,3,3,4,3,4,5,,,,,,6.0,,,,,3.0,5.0,6.0,15,1.0,,,,1.0,1.0,1.0,2.0,1.0,2.0,7,5,5,5,4,6,7,6,1,1,30.0,52.0,25.0,35.0,56.0,25.0,75.0,80.0,70.0,85.0,2,1,1,1,2,1,2,1,2,1,2,1,2,1,1,1,2,1,1,2,2,1,1,1,2,1,1,1,1,1,1,1,1,2,1,1,1,1,2,2,,1.0,15,1.0,180,,,6.0,,,,,,,,,,,96.0,3.0,,,,,2.0,2.0,4.0,2.0,,,,4.0
1958,5,5,5,5,5,4,5,5,4,4,,5.0,5.0,2.0,3.0,,,,2.0,350,3.0,5.0,6.0,,,,2.0,,1.0,1.0,1.0,1.0,1.0,1.0,6,4,4,6,2,6,6,5,4,2,50.0,50.0,60.0,70.0,50.0,30.0,70.0,40.0,70.0,90.0,1,1,1,2,1,1,1,1,1,1,1,1,1,1,2,1,2,1,1,1,1,1,1,1,1,1,1,1,1,1,1,2,2,2,1,1,2,1,2,1,5.0,1.0,54,,,5,,4.0,,,,,,,,,,,70.0,,,,,1.0,,,,,,,,3.0
1959,3,4,3,2,3,3,4,3,2,3,60.0,,3.0,3.0,2.0,4.0,,,,,,,,20,,4.0,2.0,5.0,2.0,1.0,1.0,1.0,2.0,2.0,5,6,6,4,4,3,2,3,4,1,62.0,34.0,40.0,69.0,46.0,35.0,50.0,52.0,41.0,40.0,1,1,1,2,1,1,2,2,1,2,1,1,1,1,1,1,1,2,2,1,1,2,1,2,2,2,2,1,1,1,2,1,2,1,2,1,1,2,1,2,,1.0,30,1.0,85,,,,,,,,,,,,,,,5.0,,,,2.0,,,,,4.0,4.0,4.0,
1960,5,5,5,5,5,5,5,5,2,1,30.0,4.0,,,,,,,2.0,500,,,,20,,4.0,1.0,5.0,,,,,,,7,3,3,4,5,5,6,6,4,1,40.0,30.0,20.0,45.0,70.0,60.0,60.0,75.0,55.0,60.0,2,2,2,2,2,1,1,2,2,2,1,1,2,2,1,2,2,1,1,2,2,1,2,1,2,2,1,1,2,1,1,2,2,1,1,1,1,2,1,2,6.0,1.0,25,,,,,,1.0,1.0,1.0,1.0,1.0,1.0,1.0,1.0,1.0,1.0,,,5.0,5.0,6.0,2.0,,3.0,4.0,2.0,,,,
1961,5,5,5,5,3,4,5,5,3,2,30.0,,4.0,2.0,3.0,6.0,2.0,40,2.0,250,,,,,,,1.0,5.0,1.0,1.0,2.0,1.0,2.0,1.0,7,2,2,1,2,6,5,6,3,2,70.0,80.0,80.0,75.0,50.0,60.0,79.0,75.0,60.0,50.0,1,2,2,2,2,1,2,1,2,1,2,1,2,1,2,2,2,2,1,1,2,2,2,1,1,1,2,2,1,2,1,2,2,1,2,2,2,2,2,2,,,,,,15,10.0,,,,,,,,,,,,,2.0,,,,1.0,,,,,3.0,5.0,6.0,
1962,4,4,4,5,4,4,3,4,3,2,,4.0,,,,,,,,,,,,16,,2.0,1.0,4.0,1.0,1.0,1.0,1.0,1.0,1.0,7,2,5,4,3,5,6,6,3,1,20.0,20.0,20.0,70.0,60.0,33.0,20.0,67.0,33.0,33.0,2,2,2,2,2,2,2,2,2,2,2,2,2,2,2,2,2,2,2,2,2,1,2,2,2,2,2,2,2,2,1,2,2,2,2,2,2,2,2,2,6.0,1.0,50,1.0,300,,,,,,,,,,,,,,80.0,,,,,1.0,,4.0,5.0,2.0,4.0,2.0,3.0,
1963,5,4,5,4,4,5,5,5,1,1,,,,,,5.0,,,,,,,,,,,2.0,5.0,,,,,,,6,3,2,4,4,5,4,4,4,1,40.0,40.0,40.0,40.0,50.0,40.0,45.0,40.0,60.0,40.0,2,2,2,1,2,2,2,2,2,2,2,1,1,2,2,1,2,1,2,1,2,2,2,2,2,2,2,2,2,1,1,2,2,2,2,2,1,2,1,1,,1.0,35,1.0,95,15,,,1.0,1.0,1.0,1.0,1.0,1.0,1.0,1.0,1.0,1.0,70.0,3.0,,,,1.0,,3.0,3.0,3.0,3.0,4.0,5.0,2.0
1964,5,5,5,4,5,5,5,5,3,4,,,,,,,2.0,54,1.0,3000,1.0,5.0,6.0,19,2.0,,2.0,4.0,,,,,,,7,2,3,3,2,5,5,5,3,1,46.0,48.0,67.0,38.0,62.0,49.0,80.0,98.0,58.0,66.0,2,1,2,2,2,1,2,1,1,1,1,1,1,2,2,2,1,1,1,1,1,2,2,1,1,2,1,1,1,1,1,2,1,1,1,1,1,1,1,2,6.0,,,,,,4.0,,1.0,1.0,1.0,1.0,1.0,1.0,1.0,1.0,1.0,1.0,73.0,2.0,,,,,,3.0,3.0,2.0,,,,
1965,3,2,2,4,4,3,2,4,5,3,30.0,,4.0,4.0,3.0,,2.0,25,,,,,,,,1.0,,,,,,,,,4,4,4,5,5,6,5,5,3,1,50.0,50.0,25.0,85.0,85.0,21.0,45.0,90.0,84.0,65.0,2,2,2,1,1,2,1,2,2,2,2,2,1,2,2,2,1,1,1,1,1,2,2,1,1,2,1,2,1,2,2,2,2,2,1,1,2,2,2,1,6.0,,,1.0,100,15,,5.0,1.0,1.0,1.0,1.0,1.0,1.0,1.0,1.0,1.0,1.0,,2.0,3.0,5.0,6.0,2.0,1.0,,,,,,,
1966,4,4,5,5,4,5,5,5,1,2,75.0,,,,,6.0,2.0,45,2.0,800,,,,,,,,6.0,,,,,,,6,2,3,3,5,7,5,5,4,2,35.0,25.0,30.0,70.0,90.0,65.0,90.0,95.0,35.0,40.0,1,1,2,1,1,2,1,2,2,2,1,2,1,1,1,2,1,2,2,1,2,2,2,1,2,1,2,2,1,1,1,1,2,2,1,1,2,1,2,2,,,,,,5,,,1.0,1.0,1.0,1.0,1.0,2.0,2.0,2.0,1.0,1.0,,3.0,,,,1.0,2.0,3.0,5.0,2.0,4.0,5.0,5.0,3.0
1967,4,4,4,4,4,5,5,5,2,4,45.0,,3.0,4.0,4.0,5.0,,,,,2.0,4.0,5.0,,,,1.0,,1.0,1.0,2.0,1.0,1.0,2.0,6,2,1,1,4,5,7,7,1,2,40.0,50.0,56.0,52.0,50.0,51.0,65.0,59.0,49.0,50.0,2,2,2,1,2,1,2,2,2,2,2,2,2,1,2,2,2,2,2,2,2,2,2,2,2,2,1,2,2,1,2,2,1,1,2,2,2,2,2,1,,1.0,20,1.0,100,10,9.0,4.0,,,,,,,,,,,,3.0,,,,1.0,,,,,,,,
1968,5,5,5,5,4,5,5,5,1,1,60.0,4.0,3.0,4.0,5.0,,,,2.0,600,2.0,4.0,4.0,20,,,,,1.0,1.0,1.0,1.0,2.0,2.0,7,1,3,3,5,6,7,7,3,2,50.0,42.0,55.0,42.0,36.0,45.0,52.0,36.0,54.0,25.0,1,2,1,1,2,1,1,1,2,1,1,1,1,1,1,1,1,1,1,2,1,2,1,1,1,1,1,1,1,1,1,1,2,1,1,1,1,2,1,2,3.0,1.0,15,,,,8.0,4.0,,,,,,,,,,,,,,,,2.0,2.0,,,,,,,
1969,5,5,5,5,5,5,5,5,1,2,,2.0,,,,,1.0,70,2.0,750,,,,18,,,2.0,5.0,1.0,2.0,1.0,1.0,2.0,1.0,7,2,4,4,6,7,4,5,4,2,30.0,20.0,30.0,30.0,45.0,30.0,45.0,30.0,50.0,10.0,2,1,2,2,2,2,2,1,1,1,2,1,2,1,2,2,1,1,1,1,1,2,2,1,2,1,1,1,2,2,1,1,2,1,1,2,2,2,2,1,5.0,,,,,,5.0,,,,,,,,,,,,95.0,,2.0,5.0,6.0,1.0,,5.0,5.0,5.0,,,,
1970,4,5,5,5,4,5,5,5,1,3,,3.0,,,,6.0,2.0,25,1.0,1100,,,,,2.0,,1.0,,,,,,,,7,2,2,3,2,5,6,6,3,1,29.0,51.0,29.0,23.0,32.0,11.0,43.0,53.0,51.0,27.0,2,2,2,2,1,1,1,2,1,2,2,2,1,2,1,1,2,2,2,1,2,2,1,2,2,1,2,1,1,1,1,2,1,2,1,1,1,2,2,1,,,,,,15,6.0,4.0,1.0,2.0,2.0,1.0,1.0,2.0,2.0,1.0,1.0,2.0,50.0,,4.0,5.0,6.0,,,4.0,3.0,2.0,,,,
1971,4,3,4,4,2,4,4,3,5,4,,4.0,3.0,1.0,1.0,,,,,,,,,0,2.0,,,,,,,,,,6,2,2,5,5,6,6,6,1,1,71.0,51.0,49.0,71.0,62.0,91.0,93.0,52.0,99.0,81.0,2,1,1,2,2,1,2,2,1,1,1,2,1,1,2,2,2,1,1,1,1,2,1,2,1,1,2,1,1,1,1,1,2,1,2,2,1,1,1,1,5.0,1.0,54,1.0,400,,,5.0,1.0,1.0,1.0,1.0,1.0,1.0,1.0,1.0,1.0,1.0,70.0,,4.0,4.0,5.0,,1.0,,,,,,,10.0
1972,4,4,4,4,4,5,5,4,3,3,,4.0,4.0,1.0,5.0,5.0,,,,,3.0,5.0,5.0,15,1.0,,,,1.0,1.0,1.0,2.0,1.0,2.0,6,2,4,5,2,7,4,7,2,1,20.0,30.0,13.0,45.0,34.0,40.0,60.0,34.0,55.0,41.0,1,2,1,1,1,2,2,1,1,2,1,1,1,2,1,1,1,1,1,2,1,2,1,2,1,1,1,2,1,1,1,1,1,1,1,2,1,1,1,1,,2.0,10,1.0,95,,9.0,5.0,,,,,,,,,,,100.0,,,,,,2.0,,,,,,,
1973,4,3,3,4,3,4,3,4,2,3,,3.0,3.0,4.0,3.0,,,,1.0,1500,,,,,,3.0,,,,,,,,,6,3,4,6,3,5,6,4,3,1,61.0,62.0,64.0,88.0,58.0,89.0,87.0,87.0,17.0,77.0,2,1,1,2,1,1,1,1,2,1,2,2,1,1,1,2,2,1,1,2,1,2,1,2,2,2,1,1,2,2,1,1,2,1,1,1,2,1,2,2,6.0,1.0,20,,,15,,5.0,1.0,1.0,1.0,1.0,1.0,2.0,2.0,2.0,2.0,2.0,70.0,,,,,2.0,1.0,,,,1.0,4.0,4.0,
1974,5,3,5,4,5,4,5,5,4,5,,,3.0,5.0,5.0,6.0,,,,,,,,,,,,4.0,1.0,1.0,2.0,1.0,1.0,2.0,5,2,4,3,5,7,6,5,3,1,52.0,50.0,45.0,48.0,60.0,70.0,75.0,65.0,68.0,75.0,2,1,1,2,1,1,1,2,1,1,1,1,2,1,1,1,1,1,1,1,1,2,2,1,2,1,1,1,2,1,2,1,1,1,1,1,1,2,1,1,,1.0,25,1.0,350,15,8.0,,,,,,,,,,,,60.0,2.0,,,,1.0,1.0,,,,2.0,5.0,6.0,
1975,4,4,5,5,3,4,5,5,3,2,30.0,4.0,,,,,,,2.0,250,,,,10,,3.0,,5.0,1.0,2.0,1.0,2.0,1.0,1.0,6,3,4,5,5,7,6,5,3,1,51.0,21.0,17.0,25.0,30.0,41.0,17.0,15.0,68.0,55.0,1,2,1,2,2,2,2,2,2,2,1,2,1,2,2,2,2,2,2,2,2,1,1,1,2,2,2,2,1,2,1,2,2,2,2,1,1,1,2,2,6.0,1.0,31,,,,,,,,,,,,,,,,,,,,,1.0,1.0,5.0,3.0,3.0,2.0,5.0,5.0,
1976,4,3,3,3,4,4,4,4,5,4,,,,,,,,,2.0,500,,,,20,2.0,,,,,,,,,,6,1,5,4,1,6,7,6,2,2,54.0,59.0,48.0,45.0,56.0,48.0,53.0,54.0,55.0,59.0,2,1,2,1,1,2,1,2,2,1,2,2,1,1,2,2,1,1,2,2,1,1,1,2,2,1,1,1,1,2,2,1,1,1,2,1,1,1,1,1,6.0,2.0,7,,,,9.0,4.0,1.0,1.0,1.0,2.0,1.0,1.0,2.0,1.0,1.0,2.0,91.0,4.0,,,,,2.0,4.0,3.0,3.0,2.0,5.0,5.0,
1977,4,4,4,3,5,2,5,5,5,4,,,2.0,4.0,4.0,5.0,,,1.0,1200,,,,19,2.0,,,4.0,1.0,2.0,1.0,1.0,1.0,2.0,6,3,2,3,3,5,6,5,2,2,80.0,50.0,35.0,60.0,75.0,30.0,95.0,90.0,50.0,30.0,1,2,1,2,2,2,2,2,1,1,1,1,2,1,1,1,2,1,1,1,1,2,2,2,2,2,2,2,1,1,2,2,1,2,2,2,2,1,2,1,,1.0,20,,,,10.0,,,,,,,,,,,,80.0,5.0,2.0,4.0,4.0,,2.0,,,,,,,
1978,3,3,2,2,3,3,2,3,3,3,74.0,,,,,4.0,,,,,,,,20,,3.0,1.0,,1.0,1.0,1.0,1.0,2.0,2.0,4,4,4,4,4,4,4,4,4,1,87.0,53.0,60.0,68.0,68.0,62.0,65.0,53.0,1.0,48.0,1,2,2,1,2,2,1,2,2,2,1,1,1,2,2,2,2,2,1,2,2,1,1,2,1,2,2,1,1,1,2,2,1,2,2,2,1,2,2,2,,1.0,13,1.0,150,,,4.0,,,,,,,,,,,,4.0,,,,1.0,,4.0,3.0,3.0,1.0,3.0,4.0,
1979,5,5,5,5,5,5,5,5,2,5,,,,,,7.0,,,2.0,500,,,,5,1.0,2.0,,,1.0,1.0,1.0,1.0,1.0,1.0,6,1,5,2,3,6,6,7,4,1,40.0,40.0,45.0,40.0,65.0,30.0,25.0,45.0,40.0,75.0,1,1,1,1,2,1,1,1,1,1,1,1,1,1,1,1,2,1,1,1,1,1,1,1,1,1,1,2,1,1,2,2,2,1,1,2,1,2,1,1,,1.0,31,,,,,4.0,,,,,,,,,,,95.0,2.0,,,,,2.0,4.0,4.0,2.0,2.0,5.0,6.0,
1980,5,4,5,5,4,5,5,5,1,4,,,,,,,,,2.0,400,1.0,4.0,3.0,2,2.0,1.0,1.0,4.0,1.0,1.0,2.0,1.0,1.0,2.0,7,3,1,2,2,5,7,7,4,1,38.0,25.0,38.0,40.0,25.0,40.0,50.0,45.0,40.0,50.0,1,2,2,2,2,2,1,2,1,2,1,2,2,2,2,2,2,1,2,1,2,1,2,1,2,2,2,2,2,2,1,1,2,2,2,1,1,2,2,2,6.0,1.0,54,,,,,,,,,,,,,,,,60.0,2.0,,,,,,3.0,3.0,1.0,,,,
1981,5,4,5,5,3,5,5,3,1,1,,,4.0,3.0,3.0,,,,2.0,700,1.0,5.0,6.0,12,,1.0,2.0,6.0,,,,,,,6,2,5,5,3,6,5,5,3,2,58.0,38.0,41.0,38.0,52.0,42.0,45.0,33.0,27.0,26.0,1,1,1,2,1,2,1,2,2,1,2,2,1,2,2,2,2,1,2,2,2,1,2,1,2,1,2,2,1,2,2,2,2,1,2,1,2,1,2,1,7.0,1.0,50,,,,,,1.0,1.0,1.0,1.0,1.0,1.0,1.0,1.0,1.0,1.0,92.0,2.0,,,,2.0,,,,,,,,
1982,2,3,4,5,5,4,4,3,3,3,93.0,,,,,,,,2.0,625,,,,,,2.0,1.0,,1.0,1.0,1.0,1.0,1.0,1.0,6,1,5,5,5,6,5,5,2,1,40.0,22.0,64.0,60.0,60.0,40.0,88.0,65.0,51.0,66.0,2,2,1,1,2,2,1,2,1,2,2,1,2,1,2,1,2,2,1,2,1,2,2,1,1,2,2,2,2,1,2,1,2,2,1,1,1,2,2,2,6.0,2.0,10,,,12,,4.0,,,,,,,,,,,,2.0,5.0,5.0,5.0,1.0,,3.0,5.0,3.0,,,,
1983,2,3,4,1,4,5,4,3,4,4,30.0,2.0,,,,6.0,2.0,45,,,,,,,,,,,,,,,,,6,2,5,3,3,6,7,5,1,2,45.0,55.0,45.0,50.0,55.0,75.0,90.0,70.0,45.0,55.0,1,1,1,1,2,1,1,1,2,1,2,2,2,1,1,2,1,2,2,1,1,1,2,1,1,1,1,2,2,1,1,1,2,1,1,1,2,2,2,1,,,,1.0,380,10,4.0,2.0,1.0,1.0,1.0,1.0,1.0,1.0,1.0,1.0,1.0,1.0,,,,,,2.0,1.0,3.0,4.0,2.0,5.0,2.0,2.0,
1984,2,1,1,4,4,2,3,5,5,4,,4.0,,,,6.0,,,2.0,350,,,,18,2.0,,,6.0,,,,,,,6,1,6,6,1,7,7,7,3,1,60.0,9.0,11.0,64.0,64.0,28.0,78.0,91.0,95.0,52.0,2,2,2,1,1,1,2,2,2,2,1,1,2,2,2,2,1,2,2,2,1,2,1,2,1,2,1,2,2,1,2,1,1,2,2,2,2,1,2,2,,1.0,50,,,,1.0,,1.0,1.0,2.0,1.0,1.0,2.0,1.0,1.0,2.0,1.0,70.0,,1.0,5.0,6.0,,2.0,2.0,6.0,2.0,,,,
1985,3,5,4,4,5,2,5,5,5,1,80.0,3.0,4.0,3.0,3.0,,,,,,4.0,4.0,4.0,,,,,5.0,1.0,2.0,1.0,1.0,2.0,1.0,7,2,2,3,1,5,6,5,3,2,30.0,75.0,68.0,53.0,80.0,30.0,93.0,87.0,70.0,45.0,1,2,2,1,2,1,2,2,2,2,2,2,2,2,2,2,2,1,2,2,2,1,2,2,2,2,2,2,2,2,2,1,1,2,2,2,1,2,2,2,5.0,1.0,50,1.0,300,5,,,,,,,,,,,,,,,,,,1.0,2.0,,,,,,,2.0
1986,2,4,1,2,4,1,5,2,5,2,76.0,,3.0,5.0,4.0,6.0,2.0,10,2.0,350,,,,,,2.0,,,,,,,,,6,1,5,5,5,7,6,5,2,1,30.0,39.0,20.0,20.0,27.0,34.0,73.0,36.0,60.0,30.0,1,1,1,2,1,2,1,1,1,2,2,2,2,1,1,1,2,2,1,1,1,1,2,1,2,1,1,2,2,1,2,2,2,1,1,2,2,2,1,1,,,,,,8,,3.0,1.0,1.0,1.0,1.0,1.0,1.0,1.0,1.0,1.0,1.0,,4.0,,,,2.0,2.0,,,,2.0,5.0,5.0,
1987,4,4,4,4,4,3,4,5,3,3,,3.0,,,,,2.0,45,1.0,1296,,,,8,1.0,,,4.0,,,,,,,5,2,4,4,3,5,5,5,3,1,60.0,45.0,45.0,60.0,64.0,40.0,69.0,73.0,60.0,47.0,1,1,2,1,1,2,2,2,2,2,2,2,1,1,2,2,2,1,2,1,2,2,2,2,2,1,2,1,2,2,1,2,2,2,1,2,2,2,2,2,5.0,,,,,,,,1.0,1.0,1.0,1.0,1.0,1.0,1.0,1.0,1.0,1.0,70.0,,,,,,2.0,3.0,4.0,2.0,4.0,2.0,3.0,6.0
1988,4,5,5,5,5,3,5,5,5,5,,,,,,7.0,2.0,7,,,5.0,5.0,6.0,,,1.0,1.0,,1.0,1.0,1.0,1.0,2.0,2.0,7,2,1,4,5,4,6,5,3,1,30.0,70.0,80.0,90.0,95.0,30.0,95.0,40.0,95.0,100.0,2,2,1,1,1,2,2,1,1,1,1,2,1,2,1,2,1,2,2,1,1,2,2,2,1,1,1,1,2,2,2,1,1,2,1,2,1,1,1,1,,,,2.0,80,10,,6.0,,,,,,,,,,,40.0,2.0,,,,1.0,,1.0,3.0,1.0,,,,
1989,4,2,3,1,4,5,5,5,2,4,,,4.0,3.0,3.0,6.0,,,,,,,,,2.0,2.0,,5.0,1.0,1.0,1.0,1.0,1.0,1.0,7,1,6,7,5,7,5,5,1,1,20.0,15.0,65.0,20.0,75.0,50.0,40.0,90.0,65.0,85.0,2,2,2,2,2,2,2,1,2,2,2,1,1,1,2,1,2,1,2,2,1,1,2,2,1,2,2,1,2,2,2,1,2,1,2,2,2,2,2,2,,1.0,16,1.0,300,15,,,,,,,,,,,,,100.0,1.0,,,,,2.0,,,,1.0,5.0,5.0,
1990,5,5,5,5,5,5,5,5,1,1,30.0,2.0,1.0,1.0,1.0,,2.0,36,,,,,,15,,2.0,1.0,,1.0,1.0,1.0,1.0,1.0,1.0,7,4,5,5,2,6,6,6,2,1,35.0,30.0,35.0,25.0,45.0,30.0,60.0,45.0,65.0,35.0,2,1,2,2,1,2,1,1,2,2,2,2,1,2,2,1,1,2,2,2,1,2,2,2,2,1,2,2,2,2,2,2,1,2,1,1,1,2,2,1,6.0,,,1.0,100,,,5.0,,,,,,,,,,,,,1.0,5.0,6.0,1.0,,,,,,,,
1991,5,5,5,5,5,5,5,5,1,4,0.0,,2.0,3.0,5.0,6.0,2.0,40,,,,,,,,,,6.0,,,,,,,6,2,3,3,5,6,3,5,4,1,40.0,60.0,80.0,65.0,90.0,40.0,100.0,55.0,30.0,40.0,2,2,1,2,2,1,2,1,2,2,1,2,1,2,2,2,2,2,1,2,2,2,2,1,2,2,2,2,2,2,2,2,2,1,2,2,2,2,2,1,,,,1.0,150,20,,,1.0,1.0,1.0,1.0,1.0,1.0,1.0,1.0,1.0,1.0,,2.0,1.0,5.0,5.0,2.0,2.0,,,,,,,3.0
1992,1,1,1,1,2,1,2,1,5,4,65.0,,3.0,5.0,5.0,,2.0,10,,,,,,17,2.0,,,3.0,1.0,1.0,2.0,1.0,2.0,1.0,5,2,3,2,2,5,6,7,1,2,12.0,32.0,12.0,20.0,55.0,25.0,70.0,40.0,78.0,62.0,2,2,2,2,2,2,2,1,2,2,2,2,2,2,1,2,2,2,2,2,1,2,2,2,1,2,1,1,2,1,1,2,2,2,2,1,2,2,2,2,3.0,,,1.0,200,,,,,,,,,,,,,,,2.0,,,,,1.0,,,,1.0,4.0,4.0,1.0
1993,4,3,4,5,5,4,5,5,2,1,100.0,4.0,3.0,3.0,3.0,6.0,2.0,40,2.0,259,,,,,,2.0,,,1.0,1.0,1.0,1.0,1.0,1.0,7,2,5,5,2,4,4,4,3,1,52.0,50.0,58.0,54.0,62.0,52.0,78.0,81.0,44.0,22.0,1,2,1,2,1,2,2,2,2,2,2,2,1,2,1,1,1,2,1,1,2,2,2,1,2,2,2,2,2,2,1,2,1,2,2,2,1,2,2,1,,,,,,20,,6.0,,,,,,,,,,,,,,,,1.0,2.0,,,,5.0,5.0,6.0,
1994,3,3,4,4,4,4,4,5,3,4,30.0,,1.0,1.0,4.0,6.0,,,2.0,380,,,,,1.0,,1.0,,1.0,1.0,1.0,1.0,2.0,2.0,5,2,4,5,5,6,4,4,3,1,56.0,38.0,37.0,76.0,68.0,60.0,70.0,92.0,58.0,66.0,2,1,1,1,1,2,1,1,1,2,1,1,1,2,1,1,1,2,1,1,1,1,2,2,2,2,1,2,2,1,2,2,2,2,1,2,1,2,2,2,,1.0,53,,,18,9.0,3.0,,,,,,,,,,,,2.0,4.0,5.0,4.0,,,,,,,,,
1995,3,4,2,3,4,4,3,4,3,3,,4.0,5.0,2.0,2.0,,,,,,,,,,,,1.0,4.0,,,,,,,4,5,4,4,4,5,4,5,3,1,33.0,41.0,48.0,40.0,41.0,52.0,63.0,49.0,62.0,51.0,1,2,1,2,2,1,2,2,2,1,1,2,1,2,1,2,1,1,1,2,1,2,1,2,2,1,2,1,2,2,2,2,1,2,2,1,2,2,2,1,3.0,1.0,54,1.0,379,12,,,1.0,1.0,2.0,1.0,2.0,1.0,2.0,2.0,1.0,2.0,58.0,,,,,1.0,,,,,4.0,3.0,4.0,2.0
1996,2,2,2,3,3,2,3,3,4,4,,4.0,,,,,,,,,,,,20,2.0,,1.0,3.0,,,,,,,7,2,5,5,2,5,5,6,1,1,30.0,15.0,20.0,45.0,55.0,30.0,35.0,35.0,40.0,50.0,1,2,2,2,2,2,1,2,2,1,2,2,1,2,1,2,2,2,1,2,2,2,2,2,2,1,1,2,1,1,2,1,2,1,1,2,2,2,2,2,6.0,2.0,10,1.0,125,,,,1.0,1.0,1.0,1.0,2.0,1.0,2.0,1.0,2.0,1.0,70.0,,4.0,3.0,5.0,,,2.0,3.0,1.0,,,,3.0
1997,4,5,4,5,3,5,5,5,1,3,30.0,,,,,,,,,,,,,20,,,1.0,6.0,1.0,1.0,1.0,1.0,1.0,1.0,7,3,5,5,2,7,6,7,4,1,33.0,19.0,36.0,53.0,46.0,34.0,27.0,53.0,45.0,42.0,2,2,1,1,2,2,1,2,2,2,2,1,2,2,2,2,2,2,1,2,1,2,2,2,2,2,1,2,2,1,1,2,1,2,2,2,1,1,1,2,5.0,1.0,20,1.0,200,,9.0,,,,,,,,,,,,,5.0,,,,1.0,,3.0,3.0,3.0,2.0,5.0,6.0,
1998,5,5,5,4,4,5,5,5,2,5,30.0,4.0,2.0,3.0,3.0,6.0,,,2.0,380,1.0,4.0,5.0,20,2.0,2.0,1.0,5.0,1.0,1.0,1.0,1.0,2.0,2.0,7,2,3,3,3,5,5,5,4,1,81.0,82.0,68.0,76.0,76.0,55.0,90.0,87.0,58.0,74.0,1,2,1,1,2,2,1,1,1,1,1,2,2,1,1,2,1,1,1,2,2,1,1,1,1,2,1,2,1,2,2,1,1,1,2,1,2,1,2,2,,1.0,50,,,,,,,,,,,,,,,,,,,,,,,,,,,,,
1999,4,4,5,5,5,5,5,4,3,5,90.0,3.0,2.0,3.0,5.0,,1.0,75,2.0,600,,,,15,,2.0,,4.0,,,,,,,6,2,4,3,3,5,5,6,3,1,71.0,60.0,76.0,82.0,75.0,49.0,65.0,82.0,49.0,82.0,2,1,1,2,2,1,2,1,1,1,1,2,1,2,1,2,2,2,1,1,1,1,1,2,1,1,1,2,1,1,2,2,2,1,1,1,2,1,2,2,6.0,,,,,,,,1.0,1.0,1.0,1.0,1.0,1.0,1.0,1.0,2.0,2.0,,,4.0,5.0,4.0,2.0,1.0,,,,,,,
2000,4,5,4,5,4,4,3,4,3,4,,,,,,,2.0,54,,,2.0,4.0,5.0,,,4.0,,3.0,1.0,1.0,2.0,1.0,1.0,2.0,5,2,4,3,2,6,5,5,3,1,71.0,53.0,82.0,68.0,58.0,35.0,81.0,58.0,62.0,60.0,2,2,1,1,2,2,2,1,1,2,1,2,2,2,1,1,2,1,2,1,2,1,2,1,1,2,2,2,1,1,1,2,2,1,2,1,2,2,1,2,3.0,,,1.0,180,5,,,,,,,,,,,,,32.0,2.0,,,,1.0,2.0,4.0,2.0,3.0,,,,
2001,4,4,5,5,5,5,5,5,1,3,,3.0,,,,,2.0,55,,,,,,20,,1.0,,,1.0,1.0,2.0,1.0,1.0,2.0,6,2,4,3,3,6,5,6,3,1,70.0,50.0,50.0,40.0,80.0,70.0,90.0,90.0,50.0,40.0,2,2,1,2,2,2,1,1,2,2,2,2,2,2,2,1,1,2,2,2,1,2,1,2,2,2,2,2,2,1,2,2,2,2,1,1,1,1,2,2,6.0,,,1.0,350,,,4.0,,,,,,,,,,,70.0,,1.0,5.0,6.0,2.0,2.0,5.0,5.0,4.0,,,,
2002,1,2,1,3,3,1,3,3,5,3,,4.0,3.0,4.0,1.0,,,,1.0,200,2.0,1.0,3.0,20,2.0,,,4.0,,,,,,,6,4,5,4,5,5,6,6,1,1,36.0,31.0,32.0,52.0,60.0,29.0,56.0,54.0,66.0,48.0,1,1,1,2,1,1,1,1,1,1,1,2,1,1,1,1,2,1,2,1,1,1,1,2,2,1,2,1,2,1,2,2,1,2,1,1,2,2,1,2,5.0,1.0,88,,,,10.0,,1.0,1.0,2.0,1.0,2.0,1.0,1.0,2.0,1.0,1.0,72.0,,,,,,1.0,,,,,,,
2003,4,3,2,4,4,4,4,4,5,4,,,4.0,4.0,4.0,5.0,2.0,54,2.0,400,2.0,2.0,3.0,,1.0,2.0,2.0,4.0,1.0,1.0,1.0,1.0,1.0,1.0,5,3,5,5,2,6,5,6,2,1,50.0,35.0,35.0,65.0,65.0,70.0,50.0,75.0,94.0,75.0,2,1,2,2,1,2,2,1,2,2,2,1,1,2,1,1,1,2,1,1,2,1,2,1,2,2,2,2,2,2,2,2,1,2,1,2,2,2,2,2,,,,,,20,,,,,,,,,,,,,80.0,4.0,,,,,,,,,,,,
2004,2,3,4,1,4,1,4,1,5,4,69.0,4.0,,,,6.0,,,2.0,940,,,,,1.0,,2.0,,,,,,,,7,4,5,6,2,3,3,3,2,1,42.0,32.0,67.0,30.0,69.0,29.0,58.0,38.0,76.0,70.0,1,1,1,1,2,2,2,1,2,2,2,1,2,1,2,2,1,1,2,1,2,2,1,1,2,2,1,1,1,2,2,2,1,1,1,1,2,1,1,1,,1.0,16,,,8,,6.0,1.0,1.0,1.0,1.0,1.0,1.0,1.0,2.0,2.0,2.0,,,,,,,,5.0,6.0,2.0,3.0,5.0,4.0,3.0
2005,3,2,4,4,4,4,4,5,4,4,,3.0,3.0,3.0,3.0,,,,2.0,300,4.0,3.0,5.0,,1.0,,2.0,3.0,1.0,1.0,1.0,1.0,1.0,1.0,6,1,6,5,4,6,6,6,3,1,29.0,11.0,41.0,41.0,53.0,53.0,66.0,38.0,37.0,44.0,2,1,2,1,1,2,2,2,2,2,2,1,2,2,2,2,2,2,1,2,1,2,1,2,2,2,2,1,2,2,2,2,2,1,2,2,2,2,2,1,3.0,1.0,40,,,15,,,,,,,,,,,,,81.0,,,,,,,,,,,,,3.0
2006,3,3,3,5,5,3,5,5,5,4,,4.0,,,,7.0,,,1.0,1500,,,,18,2.0,2.0,,,,,,,,,7,4,4,5,3,5,6,6,2,2,60.0,29.0,45.0,50.0,52.0,31.0,43.0,53.0,50.0,22.0,1,2,1,1,1,2,2,1,2,1,1,1,1,1,2,2,1,2,1,2,1,2,2,1,1,2,2,2,2,2,2,1,2,1,2,2,1,2,2,2,,2.0,9,,,,,3.0,1.0,1.0,2.0,2.0,1.0,1.0,1.0,2.0,1.0,1.0,70.0,,,,,,2.0,3.0,3.0,3.0,5.0,5.0,4.0,
2007,3,3,3,3,3,3,3,3,3,3,,,3.0,3.0,3.0,4.0,,,,,1.0,3.0,3.0,,,1.0,1.0,,,,,,,,4,1,4,4,4,4,4,4,4,1,50.0,50.0,50.0,50.0,50.0,50.0,74.0,84.0,0.0,50.0,1,2,2,1,1,1,2,2,2,1,2,2,1,1,2,2,1,2,1,1,2,1,1,1,2,2,2,2,2,2,1,2,1,1,1,1,1,2,1,1,,1.0,30,1.0,150,10,,4.0,1.0,1.0,1.0,1.0,1.0,1.0,1.0,2.0,2.0,2.0,70.0,3.0,,,,1.0,,,,,,,,
2008,3,3,3,4,4,4,4,3,3,3,,,2.0,2.0,5.0,6.0,2.0,53,2.0,300,,,,18,,,,5.0,1.0,1.0,1.0,1.0,1.0,1.0,7,6,6,6,5,7,7,7,2,1,50.0,36.0,24.0,61.0,63.0,41.0,50.0,78.0,71.0,51.0,1,1,1,1,1,1,1,2,2,2,2,1,2,1,1,2,2,1,2,1,2,1,1,1,1,1,1,2,1,1,2,2,2,1,1,2,1,1,2,1,,,,,,,,,,,,,,,,,,,80.0,3.0,,,,1.0,2.0,,,,1.0,4.0,6.0,2.0
2009,4,3,3,4,4,2,4,4,4,4,,4.0,3.0,2.0,3.0,6.0,,,,,,,,20,,3.0,1.0,,,,,,,,6,2,4,5,5,6,5,5,2,2,43.0,43.0,37.0,71.0,64.0,30.0,80.0,80.0,66.0,65.0,1,1,1,2,1,1,2,1,1,1,1,1,1,2,1,1,1,1,1,1,1,2,1,1,1,1,1,1,1,2,2,2,1,1,2,1,1,2,1,1,,1.0,43,1.0,102,,,2.0,1.0,1.0,2.0,1.0,1.0,2.0,1.0,1.0,2.0,1.0,70.0,,2.0,5.0,6.0,2.0,,,,,,,,
2010,5,5,5,5,4,4,5,5,3,2,,,,,,5.0,,,1.0,150,,,,20,,,1.0,,1.0,1.0,1.0,1.0,1.0,1.0,5,1,2,3,2,6,7,5,3,1,30.0,20.0,20.0,30.0,40.0,20.0,60.0,20.0,40.0,30.0,2,2,2,2,2,2,2,1,2,2,2,2,1,2,2,1,1,2,2,2,2,1,2,1,2,2,2,2,2,2,2,1,2,1,2,2,2,2,2,2,,1.0,20,,,,10.0,5.0,,,,,,,,,,,50.0,3.0,5.0,5.0,6.0,2.0,,6.0,4.0,3.0,,,,
2011,3,5,3,5,5,5,5,5,1,5,33.0,2.0,2.0,4.0,4.0,,,,2.0,300,1.0,5.0,2.0,,2.0,1.0,,4.0,,,,,,,7,4,4,4,7,7,7,7,1,1,29.0,100.0,0.0,100.0,100.0,100.0,100.0,100.0,0.0,100.0,2,1,2,1,1,1,1,1,1,2,2,2,2,2,1,2,2,1,1,2,1,1,2,1,1,1,1,1,1,1,1,2,1,1,1,1,1,1,2,1,6.0,1.0,54,,,20,,,1.0,1.0,2.0,2.0,1.0,1.0,2.0,1.0,1.0,1.0,,,,,,,1.0,,,,,,,
2012,3,2,1,1,3,1,2,2,5,3,41.0,5.0,5.0,4.0,4.0,4.0,,,1.0,1200,,,,,,,1.0,,1.0,1.0,1.0,1.0,1.0,1.0,6,1,4,3,4,5,5,6,1,2,67.0,60.0,68.0,75.0,64.0,49.0,62.0,84.0,51.0,58.0,2,2,2,2,2,2,1,2,2,2,2,1,1,1,2,1,2,2,2,2,2,2,2,2,2,2,2,1,2,2,2,2,2,2,2,2,2,2,2,1,,2.0,5,,,3,,3.0,,,,,,,,,,,,,4.0,3.0,6.0,1.0,,,,,,,,2.0
2013,5,4,5,5,3,5,5,5,3,3,50.0,,,,,,2.0,30,,,1.0,5.0,5.0,15,,,,4.0,1.0,1.0,1.0,2.0,1.0,2.0,6,2,4,4,3,6,6,5,3,1,68.0,52.0,49.0,46.0,52.0,65.0,90.0,75.0,55.0,58.0,2,2,2,2,1,1,2,2,2,1,1,2,1,1,2,2,1,2,2,2,2,2,1,1,1,1,1,2,2,2,1,2,2,2,1,2,2,2,2,2,3.0,,,1.0,115,,,,,,,,,,,,,,,3.0,,,,1.0,2.0,3.0,3.0,3.0,,,,3.0
2014,4,4,4,5,5,4,5,5,4,5,74.0,,2.0,4.0,3.0,,2.0,40,1.0,1200,2.0,4.0,4.0,,2.0,2.0,,,1.0,1.0,1.0,2.0,2.0,2.0,6,4,5,5,2,6,5,5,3,1,20.0,25.0,21.0,40.0,45.0,30.0,40.0,50.0,40.0,45.0,1,1,2,1,2,1,1,2,1,1,2,1,2,1,2,2,2,1,1,2,1,1,1,1,1,1,2,1,2,2,1,2,1,1,1,1,2,1,1,2,5.0,,,,,5,,4.0,,,,,,,,,,,,3.0,,,,,1.0,,,,,,,
2015,4,5,5,5,4,5,5,5,2,3,,,,,,6.0,2.0,56,2.0,500,,,,20,,,1.0,6.0,1.0,1.0,2.0,1.0,2.0,1.0,6,5,6,6,2,2,3,3,2,2,51.0,51.0,51.0,81.0,83.0,51.0,91.0,93.0,40.0,81.0,1,2,1,1,2,2,1,2,2,1,1,2,2,1,2,1,1,1,1,2,1,1,1,1,2,2,1,1,1,2,2,1,2,1,2,1,1,2,2,1,,,,,,,7.0,,,,,,,,,,,,81.0,4.0,,,,1.0,,2.0,2.0,2.0,5.0,5.0,6.0,
2016,5,5,5,5,5,5,5,5,4,1,92.0,5.0,,,,4.0,1.0,76,,,,,,13,,1.0,,5.0,,,,,,,6,1,7,6,1,7,6,6,2,1,44.0,34.0,35.0,57.0,98.0,88.0,79.0,41.0,51.0,24.0,1,2,1,1,1,2,2,1,2,2,2,2,2,2,2,2,2,1,2,2,1,2,2,2,2,2,2,2,2,2,2,2,2,2,2,2,2,2,2,2,,,,1.0,105,,,,1.0,1.0,2.0,1.0,1.0,1.0,2.0,1.0,2.0,1.0,,,2.0,5.0,4.0,1.0,1.0,4.0,4.0,4.0,,,,
2017,5,3,5,5,3,5,5,5,3,3,80.0,4.0,4.0,2.0,4.0,,1.0,100,,,3.0,5.0,1.0,15,2.0,,2.0,6.0,,,,,,,5,3,3,3,4,5,6,6,4,2,79.0,63.0,68.0,77.0,47.0,25.0,100.0,75.0,65.0,22.0,2,1,2,2,1,1,1,2,2,1,1,2,2,2,2,2,2,2,2,2,2,2,2,2,2,2,2,2,2,2,1,2,2,1,1,1,2,2,1,2,6.0,,,1.0,120,,4.0,,1.0,1.0,1.0,1.0,1.0,1.0,1.0,1.0,1.0,1.0,,,,,,,,,,,,,,
2018,4,5,4,5,5,5,5,5,2,4,70.0,,,,,,1.0,68,2.0,300,3.0,2.0,2.0,15,2.0,2.0,,,,,,,,,7,4,7,6,2,5,4,3,3,2,70.0,100.0,80.0,100.0,100.0,100.0,100.0,100.0,10.0,50.0,2,1,1,1,1,1,1,1,1,1,2,1,2,1,2,1,2,1,1,1,2,1,1,1,1,2,1,2,2,1,1,2,1,1,1,2,2,1,2,2,3.0,,,,,,,3.0,1.0,1.0,1.0,1.0,1.0,1.0,1.0,2.0,2.0,2.0,,2.0,,,,,1.0,5.0,3.0,2.0,,,,
2019,4,4,5,5,4,5,5,5,1,3,,,3.0,3.0,3.0,,2.0,50,,,,,,,,2.0,,,1.0,1.0,1.0,1.0,1.0,2.0,6,6,3,3,1,2,7,7,3,1,25.0,30.0,20.0,49.0,50.0,40.0,55.0,55.0,40.0,25.0,1,2,1,2,2,2,1,1,1,1,2,1,2,1,1,1,1,1,1,1,1,1,1,2,2,2,2,1,2,1,1,1,2,2,2,2,2,2,2,2,6.0,,,1.0,300,8,,5.0,,,,,,,,,,,75.0,3.0,3.0,5.0,4.0,2.0,1.0,,,,,,,
2020,1,2,1,1,3,1,3,1,5,5,90.0,6.0,,,,,,,2.0,450,,,,,,,1.0,5.0,1.0,1.0,1.0,1.0,1.0,1.0,4,5,4,4,1,6,4,4,3,1,30.0,30.0,11.0,11.0,81.0,50.0,94.0,20.0,100.0,89.0,2,2,2,2,2,2,2,2,1,1,2,2,2,2,1,2,2,1,2,2,2,2,2,1,2,2,2,2,2,2,2,2,2,1,2,2,2,2,1,2,5.0,1.0,40,,,20,10.0,,,,,,,,,,,,,,1.0,4.0,4.0,1.0,,5.0,5.0,2.0,,,,
2021,2,2,2,1,4,2,4,3,5,4,,3.0,,,,4.0,,,2.0,350,,,,,,,,,,,,,,,7,2,3,3,2,5,7,7,1,1,19.0,27.0,12.0,0.0,77.0,0.0,60.0,45.0,100.0,75.0,2,1,1,1,2,2,2,1,2,1,1,2,1,1,1,2,2,1,2,1,2,1,1,2,2,1,2,2,1,2,1,1,1,2,2,2,2,1,2,1,,1.0,25,,,14,,4.0,1.0,1.0,1.0,1.0,1.0,1.0,1.0,1.0,1.0,1.0,70.0,,4.0,5.0,5.0,1.0,2.0,5.0,4.0,1.0,,,,5.0
2022,3,4,4,5,5,4,4,5,4,3,,,,,,6.0,2.0,40,,,1.0,5.0,6.0,,,,1.0,4.0,1.0,1.0,2.0,1.0,2.0,1.0,7,5,5,5,2,3,5,6,2,1,53.0,52.0,54.0,49.0,44.0,40.0,58.0,60.0,70.0,66.0,2,2,1,1,1,1,1,1,2,1,1,1,1,1,1,1,1,1,2,1,1,1,2,2,1,1,1,1,2,1,1,1,2,1,1,2,2,2,2,2,,,,1.0,280,5,4.0,,,,,,,,,,,,70.0,2.0,,,,1.0,,2.0,2.0,2.0,,,,
2023,3,4,4,5,5,5,5,5,3,5,,4.0,4.0,2.0,3.0,5.0,,,1.0,2000,2.0,4.0,4.0,,,,,,1.0,2.0,1.0,2.0,1.0,1.0,6,4,2,2,2,4,6,6,3,1,20.0,60.0,50.0,70.0,70.0,60.0,80.0,80.0,50.0,80.0,1,2,2,1,1,2,1,1,1,2,2,2,1,1,1,2,2,2,1,1,1,1,2,2,2,2,1,1,1,1,2,2,1,1,1,1,1,1,2,1,,1.0,20,,,15,10.0,3.0,,,,,,,,,,,30.0,,,,,1.0,1.0,,,,,,,
2024,5,4,4,4,4,5,5,5,3,4,,5.0,,,,7.0,2.0,54,2.0,380,2.0,5.0,6.0,,,,2.0,,,,,,,,7,2,5,4,2,6,7,7,4,2,92.0,79.0,81.0,87.0,85.0,85.0,85.0,89.0,84.0,93.0,1,1,1,1,2,1,1,1,1,1,1,2,2,1,1,2,1,1,1,1,2,2,1,1,1,1,1,2,1,1,1,1,1,1,1,1,1,1,1,1,,,,,,10,,4.0,2.0,2.0,2.0,2.0,2.0,2.0,2.0,2.0,2.0,2.0,80.0,,,,,1.0,,5.0,4.0,1.0,,,,8.0
2025,5,5,5,5,5,5,5,5,2,4,,,2.0,4.0,3.0,7.0,,,,,1.0,2.0,5.0,15,,3.0,1.0,6.0,1.0,1.0,1.0,1.0,1.0,1.0,7,2,3,3,2,5,6,6,3,1,42.0,49.0,45.0,52.0,55.0,39.0,40.0,47.0,38.0,52.0,2,2,2,1,2,1,2,2,2,2,2,2,1,2,2,2,1,1,2,2,1,1,2,2,2,2,1,2,2,1,2,2,2,2,1,2,2,1,2,2,,1.0,23,1.0,103,,,,,,,,,,,,,,70.0,1.0,,,,1.0,,,,,,,,
2026,5,3,5,5,5,5,5,5,2,1,,4.0,3.0,3.0,3.0,6.0,2.0,40,,,,,,17,,,,5.0,1.0,1.0,2.0,1.0,1.0,2.0,6,2,5,6,3,5,6,5,1,2,55.0,45.0,45.0,75.0,65.0,50.0,60.0,50.0,55.0,40.0,2,2,2,1,2,2,1,2,1,1,2,1,2,1,2,2,2,2,2,1,2,1,2,2,1,2,1,2,2,2,1,2,2,1,1,1,2,2,2,1,,,,1.0,750,,,,,,,,,,,,,,75.0,,5.0,4.0,5.0,2.0,2.0,,,,,,,4.0
2027,2,4,4,5,5,4,5,2,2,1,30.0,4.0,3.0,3.0,4.0,,,,,,,,,5,1.0,1.0,1.0,3.0,1.0,1.0,1.0,1.0,1.0,1.0,7,1,5,6,3,5,5,5,4,1,40.0,60.0,60.0,75.0,99.0,30.0,99.0,99.0,25.0,25.0,2,1,2,2,2,2,1,2,2,1,2,1,2,1,1,1,2,2,2,2,1,2,1,2,2,1,1,1,1,2,1,2,2,2,2,2,1,2,2,1,5.0,1.0,20,1.0,100,,,,,,,,,,,,,,,,5.0,4.0,2.0,,,,,,,,,
2028,5,5,5,5,5,5,5,5,2,2,,4.0,3.0,3.0,3.0,,1.0,84,,,4.0,5.0,6.0,,,3.0,1.0,,,,,,,,7,5,6,6,5,5,5,5,3,1,65.0,60.0,40.0,60.0,75.0,55.0,70.0,70.0,50.0,40.0,2,1,1,2,1,2,1,1,1,1,1,2,1,1,1,2,2,2,2,1,2,1,2,2,1,2,1,2,1,2,1,1,2,2,1,2,1,1,1,1,5.0,,,1.0,350,16,,6.0,1.0,1.0,1.0,1.0,1.0,1.0,1.0,1.0,1.0,1.0,70.0,,,,,1.0,,,,,,,,
2029,4,4,5,5,5,4,5,5,1,3,,,5.0,5.0,2.0,6.0,1.0,70,,,3.0,4.0,4.0,5,1.0,,,3.0,,,,,,,7,2,4,5,5,6,5,4,3,1,32.0,14.0,45.0,86.0,93.0,54.0,82.0,98.0,46.0,33.0,1,1,1,2,2,2,1,1,1,1,2,1,1,1,2,2,2,2,1,2,1,1,2,1,1,1,1,1,1,1,1,2,2,2,1,1,1,1,2,1,,,,1.0,200,,,,1.0,1.0,1.0,1.0,2.0,2.0,2.0,2.0,2.0,2.0,44.0,4.0,,,,,2.0,,,,,,,2.0
2030,5,5,5,3,4,5,5,5,3,4,30.0,,,,,6.0,,,1.0,1200,,,,10,1.0,,1.0,,1.0,1.0,1.0,2.0,2.0,2.0,5,1,2,3,5,6,7,7,3,2,76.0,57.0,66.0,47.0,55.0,43.0,61.0,73.0,80.0,61.0,1,1,2,1,2,1,1,2,1,2,2,2,1,2,1,1,1,1,2,2,1,1,2,1,1,1,2,1,2,2,2,1,2,1,1,1,2,2,1,1,,2.0,4,,,,9.0,6.0,,,,,,,,,,,,3.0,5.0,5.0,6.0,,,3.0,2.0,2.0,,,,
2031,4,4,3,4,5,2,5,3,5,5,90.0,,,,,,2.0,35,,,,,,10,,,2.0,,1.0,1.0,1.0,1.0,1.0,2.0,6,1,6,5,1,1,6,7,3,2,61.0,73.0,23.0,73.0,43.0,29.0,90.0,63.0,85.0,66.0,2,1,2,2,1,2,2,2,1,2,1,1,1,2,2,1,1,1,2,1,2,2,1,1,1,2,1,2,1,2,1,2,2,1,1,1,1,2,2,2,7.0,,,1.0,105,,10.0,2.0,,,,,,,,,,,,2.0,4.0,5.0,6.0,1.0,,2.0,6.0,3.0,,,,
2032,5,5,5,5,4,5,5,5,1,2,80.0,4.0,,,,,2.0,52,1.0,1100,,,,,2.0,,2.0,,1.0,1.0,1.0,1.0,1.0,1.0,7,2,6,7,3,6,7,5,4,1,40.0,30.0,30.0,55.0,65.0,75.0,65.0,30.0,60.0,40.0,1,2,2,2,1,2,2,2,2,2,1,1,1,1,2,2,1,1,1,2,2,1,1,1,1,2,2,2,1,2,2,1,2,2,1,1,2,1,2,1,3.0,,,,,10,,6.0,,,,,,,,,,,,,,,,,,3.0,5.0,3.0,5.0,5.0,6.0,7.0
2033,4,5,4,5,4,5,5,5,1,4,,4.0,4.0,6.0,5.0,6.0,2.0,25,,,,,,15,,,1.0,,1.0,1.0,1.0,2.0,1.0,2.0,6,2,5,5,3,6,5,5,3,1,85.0,95.0,90.0,100.0,85.0,100.0,100.0,95.0,5.0,75.0,2,2,2,1,1,1,2,1,2,1,2,2,1,2,1,2,2,2,2,2,2,1,1,1,1,1,1,1,1,1,2,1,1,1,1,1,2,1,2,2,,,,1.0,110,,5.0,4.0,,,,,,,,,,,60.0,,,,,1.0,,,,,4.0,5.0,5.0,
2034,3,4,2,5,5,3,4,2,3,5,,3.0,,,,,1.0,66,2.0,650,,,,,,1.0,,4.0,1.0,1.0,1.0,1.0,1.0,1.0,5,2,7,6,5,6,5,6,2,2,20.0,18.0,11.0,42.0,70.0,32.0,86.0,55.0,45.0,82.0,1,2,2,2,2,2,2,2,2,2,2,2,2,1,2,2,2,1,1,2,2,2,2,2,1,2,1,1,1,2,2,2,2,1,2,2,2,1,2,1,5.0,,,,,2,,,,,,,,,,,,,70.0,,4.0,4.0,4.0,1.0,2.0,4.0,4.0,4.0,,,,
2035,4,4,4,5,4,4,5,4,2,4,91.0,,,,,3.0,,,1.0,5000,,,,,1.0,3.0,,,,,,,,,6,1,3,2,6,7,7,7,2,2,83.0,85.0,80.0,36.0,37.0,44.0,100.0,92.0,100.0,96.0,1,2,1,1,2,1,1,2,1,1,2,1,2,1,1,2,2,1,1,2,2,2,2,1,1,2,1,2,2,1,2,1,1,2,2,2,1,1,2,2,,1.0,15,,,10,,6.0,1.0,1.0,1.0,1.0,1.0,1.0,1.0,1.0,1.0,1.0,,2.0,4.0,5.0,5.0,,1.0,5.0,4.0,3.0,,,,
2036,1,3,2,4,4,3,5,1,3,3,,,5.0,1.0,2.0,,2.0,50,1.0,6000,1.0,5.0,1.0,,1.0,,,1.0,,,,,,,7,1,4,4,2,7,7,5,3,1,1.0,60.0,1.0,68.0,49.0,50.0,100.0,1.0,25.0,50.0,1,1,2,1,1,2,1,1,2,1,1,2,2,2,1,2,2,2,1,1,1,2,1,2,1,2,1,1,1,2,2,2,1,1,2,2,2,1,1,1,4.0,,,,,10,10.0,,1.0,1.0,2.0,1.0,2.0,2.0,1.0,2.0,1.0,1.0,51.0,4.0,,,,,1.0,,,,,,,
2037,2,3,3,2,5,2,4,2,5,5,80.0,,,,,5.0,2.0,54,2.0,400,1.0,5.0,5.0,,2.0,,,5.0,,,,,,,3,1,2,2,2,6,5,7,2,1,40.0,27.0,26.0,49.0,72.0,40.0,88.0,60.0,90.0,73.0,1,2,2,2,1,1,1,2,2,2,2,2,2,2,2,1,2,1,2,1,2,1,1,2,1,2,2,1,2,1,1,2,2,2,2,2,2,2,2,2,,,,,,10,,,1.0,1.0,1.0,1.0,1.0,1.0,1.0,1.0,1.0,1.0,,4.0,,,,,2.0,3.0,6.0,1.0,,,,2.0
2038,1,4,3,2,3,2,3,5,5,4,,,3.0,4.0,2.0,5.0,,,1.0,1300,4.0,5.0,5.0,5,1.0,,,,1.0,1.0,1.0,1.0,2.0,2.0,6,6,6,6,5,5,6,5,4,1,29.0,44.0,17.0,5.0,70.0,11.0,34.0,20.0,70.0,41.0,1,1,1,1,1,1,2,1,2,1,1,1,1,2,1,1,1,2,2,1,1,1,2,2,1,2,2,1,1,2,1,1,1,2,1,2,2,1,1,1,,1.0,50,,,,10.0,3.0,,,,,,,,,,,91.0,4.0,,,,,1.0,,,,,,,
2039,1,2,1,4,5,5,1,1,5,5,,4.0,,,,,,,,,,,,17,1.0,,,,,,,,,,7,5,5,5,2,2,3,5,1,1,19.0,41.0,30.0,64.0,43.0,43.0,33.0,34.0,52.0,46.0,2,2,2,1,2,2,2,2,1,2,2,2,2,1,2,2,2,1,2,1,1,2,2,1,2,1,2,2,2,1,1,2,1,1,2,1,2,2,1,1,3.0,1.0,22,1.0,135,,,3.0,1.0,1.0,1.0,1.0,1.0,1.0,1.0,1.0,1.0,1.0,70.0,,,,,,2.0,4.0,2.0,2.0,4.0,4.0,4.0,2.0
2040,4,4,4,5,3,5,5,5,1,1,,,,,,,,,2.0,700,,,,20,2.0,,,6.0,1.0,1.0,1.0,1.0,1.0,1.0,5,4,2,2,6,6,6,6,3,2,50.0,50.0,50.0,70.0,20.0,75.0,90.0,70.0,30.0,10.0,1,2,2,1,1,1,1,2,1,1,2,1,1,2,2,1,1,1,2,1,2,1,1,1,1,1,2,1,1,1,1,1,1,1,1,2,1,1,2,2,6.0,1.0,14,,,,10.0,,,,,,,,,,,,70.0,3.0,,,,,1.0,3.0,3.0,3.0,2.0,5.0,6.0,
2041,5,5,5,5,5,5,5,5,1,3,,,3.0,3.0,3.0,6.0,2.0,40,,,,,,,,,,,,,,,,,6,2,5,4,5,6,4,4,4,1,70.0,50.0,60.0,77.0,60.0,60.0,70.0,85.0,20.0,40.0,2,2,2,2,2,1,2,2,1,2,2,2,2,2,2,2,2,2,2,2,2,2,2,2,2,2,1,2,1,2,1,1,2,2,1,2,2,1,2,2,,,,1.0,100,20,7.0,6.0,1.0,1.0,1.0,1.0,1.0,1.0,1.0,1.0,1.0,1.0,70.0,1.0,,,,1.0,2.0,,,,1.0,5.0,6.0,
2042,4,4,4,5,5,4,5,5,2,4,,,3.0,4.0,4.0,6.0,2.0,45,,,,,,16,,,,5.0,,,,,,,6,2,3,3,1,5,5,5,3,1,40.0,40.0,37.0,53.0,56.0,42.0,64.0,55.0,59.0,57.0,2,2,2,1,1,2,2,1,2,2,2,2,2,2,2,1,2,2,2,1,2,1,1,1,2,2,1,2,1,2,1,2,2,2,1,2,1,2,2,1,,,,1.0,112,,8.0,,1.0,1.0,1.0,1.0,2.0,1.0,1.0,2.0,1.0,2.0,80.0,3.0,,,,2.0,2.0,,,,2.0,4.0,5.0,
2043,4,5,5,5,4,5,5,5,2,4,,4.0,,,,,,,,,2.0,4.0,4.0,7,2.0,,,,,,,,,,6,1,3,5,5,7,6,5,4,1,40.0,45.0,65.0,80.0,74.0,30.0,70.0,50.0,55.0,75.0,1,2,1,1,2,1,2,2,1,1,1,2,2,2,1,1,2,1,2,1,1,2,2,1,1,1,2,2,1,1,2,1,1,2,2,1,2,2,2,1,5.0,1.0,14,1.0,150,,5.0,5.0,2.0,1.0,1.0,1.0,1.0,2.0,1.0,2.0,1.0,2.0,85.0,,,,,,1.0,3.0,5.0,4.0,,,,
2044,2,3,3,3,3,3,3,3,3,3,33.0,4.0,,,,,1.0,70,1.0,4000,3.0,4.0,5.0,,2.0,,2.0,,2.0,1.0,2.0,2.0,1.0,1.0,7,1,1,4,3,7,7,7,1,1,54.0,81.0,45.0,48.0,87.0,54.0,100.0,38.0,100.0,53.0,2,2,1,1,1,1,1,2,1,2,1,1,2,2,2,1,1,1,2,1,1,2,1,2,1,1,2,2,1,2,1,2,1,1,2,1,2,2,2,1,6.0,,,,,15,5.0,3.0,,,,,,,,,,,,,,,,,,3.0,3.0,1.0,,,,
2045,3,4,4,5,4,5,4,3,3,3,33.0,,4.0,3.0,5.0,,2.0,50,2.0,300,3.0,4.0,4.0,,,,1.0,,2.0,1.0,1.0,2.0,1.0,1.0,6,1,1,3,2,7,5,5,2,2,25.0,95.0,44.0,91.0,62.0,83.0,46.0,40.0,8.0,52.0,2,1,1,2,1,1,2,2,1,1,1,1,1,1,1,1,1,1,1,1,1,1,1,1,2,1,1,1,2,1,1,1,2,2,1,1,1,1,1,1,3.0,,,,,12,4.0,3.0,,,,,,,,,,,,3.0,,,,1.0,,,,,,,,
2046,5,5,5,5,5,5,5,5,3,3,1.0,3.0,4.0,3.0,4.0,6.0,,,,,2.0,4.0,5.0,15,2.0,,,4.0,1.0,1.0,2.0,2.0,1.0,2.0,7,2,4,2,5,6,5,6,3,1,46.0,49.0,56.0,58.0,70.0,37.0,37.0,31.0,32.0,45.0,1,2,1,1,1,2,1,1,2,2,2,1,1,1,2,2,2,2,1,1,1,1,1,2,1,2,1,1,1,2,1,2,2,1,2,1,1,1,2,2,,2.0,9,1.0,105,,,,,,,,,,,,,,,,,,,,2.0,,,,,,,2.0
2047,1,1,1,1,3,1,1,1,5,2,30.0,3.0,3.0,5.0,3.0,7.0,1.0,84,,,1.0,2.0,5.0,17,2.0,,2.0,5.0,,,,,,,5,1,6,5,2,6,4,5,1,2,44.0,52.0,10.0,69.0,51.0,32.0,28.0,77.0,71.0,36.0,2,1,1,1,2,2,2,1,2,1,1,2,1,2,1,1,1,2,1,1,2,2,2,2,1,1,1,2,2,1,1,1,1,1,2,2,2,1,1,2,,,,1.0,87,,10.0,,1.0,1.0,2.0,1.0,2.0,2.0,2.0,1.0,2.0,1.0,,,,,,,,,,,,,,
2048,4,5,5,5,5,5,5,5,3,3,,4.0,,,,7.0,2.0,50,,,,,,20,2.0,3.0,1.0,6.0,1.0,1.0,1.0,1.0,2.0,2.0,6,2,2,3,3,5,5,5,2,2,75.0,50.0,60.0,70.0,70.0,55.0,80.0,80.0,70.0,50.0,1,2,2,2,2,2,1,1,2,2,1,2,2,1,2,2,2,1,1,2,1,2,2,2,1,1,1,1,2,1,2,2,2,1,2,1,1,2,2,1,,,,1.0,300,,,,,,,,,,,,,,70.0,,,,,,,3.0,5.0,2.0,3.0,5.0,6.0,
2049,3,5,5,2,5,5,5,4,4,5,38.0,4.0,2.0,3.0,3.0,5.0,2.0,44,,,,,,,,4.0,,,,,,,,,7,2,3,5,5,7,6,5,3,2,42.0,65.0,92.0,24.0,54.0,42.0,89.0,66.0,58.0,76.0,2,2,2,1,2,1,2,1,2,2,2,2,1,2,1,1,2,1,1,2,2,1,2,2,1,1,1,2,1,1,1,1,2,2,1,2,2,2,1,2,,,,1.0,200,13,,6.0,1.0,2.0,1.0,1.0,1.0,2.0,2.0,1.0,1.0,1.0,,,4.0,5.0,6.0,1.0,2.0,,,,,,,
2050,5,5,4,5,5,3,4,5,5,5,70.0,3.0,,,,6.0,,,2.0,200,,,,,,,,6.0,,,,,,,6,7,6,7,2,6,5,5,1,1,73.0,76.0,53.0,50.0,59.0,71.0,66.0,66.0,53.0,86.0,2,1,1,2,1,2,2,1,1,1,1,2,1,1,2,2,1,2,1,1,1,1,2,1,2,2,1,1,1,2,1,1,1,2,2,1,1,2,1,1,,1.0,54,,,10,,,1.0,1.0,1.0,2.0,2.0,1.0,2.0,1.0,2.0,2.0,,,,,,1.0,2.0,5.0,2.0,3.0,5.0,5.0,5.0,3.0
2051,4,5,4,5,4,4,5,5,4,5,,,6.0,4.0,2.0,,1.0,50,,,1.0,4.0,5.0,15,2.0,4.0,,6.0,,,,,,,6,7,6,7,2,5,6,5,1,1,67.0,89.0,65.0,89.0,79.0,93.0,88.0,67.0,93.0,97.0,2,1,1,1,2,2,1,1,2,1,1,1,2,1,2,2,1,1,1,1,1,2,1,1,2,1,1,2,1,1,2,1,1,2,2,1,2,1,2,2,5.0,,,2.0,300,,,,2.0,2.0,1.0,1.0,1.0,2.0,2.0,2.0,2.0,2.0,90.0,4.0,,,,,2.0,,,,,,,
2052,5,5,5,5,5,5,5,5,1,5,30.0,2.0,5.0,4.0,6.0,,2.0,52,,,,,,,,2.0,1.0,5.0,1.0,1.0,2.0,1.0,2.0,1.0,7,3,4,5,3,5,7,5,2,2,44.0,15.0,38.0,23.0,22.0,15.0,39.0,51.0,69.0,27.0,1,1,1,1,1,1,1,1,2,2,1,1,2,1,2,1,1,2,1,2,1,1,2,1,1,1,2,2,1,2,2,1,1,1,1,1,1,2,2,1,6.0,,,1.0,379,13,,,,,,,,,,,,,,,,,,1.0,,,,,2.0,5.0,6.0,
2053,2,4,4,4,5,2,4,4,5,4,66.0,5.0,,,,,1.0,67,,,,,,15,,,,4.0,1.0,1.0,2.0,2.0,1.0,1.0,6,2,2,4,3,7,6,6,3,1,53.0,23.0,46.0,21.0,34.0,58.0,16.0,85.0,17.0,92.0,1,1,2,1,1,2,1,1,1,2,1,1,1,2,1,1,1,2,1,1,1,1,2,2,1,1,1,1,1,2,1,1,1,1,1,2,1,2,1,2,3.0,,,1.0,90,,,,,,,,,,,,,,,,4.0,5.0,3.0,2.0,1.0,4.0,2.0,3.0,,,,2.0
2054,5,5,5,5,4,5,5,4,2,5,,,,,,,,,,,,,,15,,,,6.0,1.0,1.0,2.0,1.0,2.0,1.0,6,5,1,2,1,2,7,6,3,2,87.0,93.0,78.0,97.0,95.0,75.0,56.0,47.0,23.0,98.0,1,1,1,1,2,1,1,1,1,2,2,1,1,2,1,1,1,1,1,2,1,1,2,1,2,2,1,1,2,1,1,1,2,1,1,1,2,1,1,1,5.0,1.0,54,1.0,380,,,,,,,,,,,,,,100.0,1.0,4.0,5.0,6.0,2.0,1.0,3.0,1.0,1.0,,,,1.0
2055,5,5,5,5,5,5,5,5,1,1,,2.0,,,,,,,,,2.0,5.0,5.0,,,,1.0,,,,,,,,5,1,6,5,2,3,5,6,2,1,72.0,70.0,74.0,85.0,89.0,53.0,68.0,63.0,41.0,63.0,2,2,2,2,1,2,2,1,1,1,1,2,1,2,2,1,2,2,2,2,2,1,2,2,2,2,2,1,2,1,1,2,1,2,1,1,2,2,2,2,3.0,1.0,45,1.0,150,12,10.0,6.0,1.0,1.0,1.0,1.0,1.0,1.0,1.0,1.0,1.0,1.0,82.0,,,,,2.0,,2.0,2.0,2.0,,,,
2056,3,4,2,4,3,3,4,2,3,4,,4.0,,,,,,,,,,,,,1.0,2.0,,4.0,1.0,2.0,2.0,1.0,2.0,1.0,5,4,3,5,5,6,4,4,3,2,34.0,49.0,38.0,50.0,57.0,43.0,32.0,42.0,55.0,41.0,2,1,2,1,2,1,2,1,2,2,1,2,1,2,2,2,1,2,2,1,2,1,2,2,1,1,2,1,2,1,2,1,2,1,2,1,1,2,1,2,4.0,1.0,54,1.0,379,12,,,,,,,,,,,,,59.0,,3.0,4.0,3.0,,1.0,5.0,3.0,2.0,,,,
2057,4,4,4,5,3,5,5,5,3,4,,,,,,6.0,2.0,49,,,,,,16,,,,,1.0,2.0,1.0,1.0,1.0,2.0,7,1,4,5,2,7,4,3,3,2,36.0,39.0,38.0,42.0,30.0,44.0,76.0,68.0,49.0,43.0,2,1,1,1,2,2,2,1,2,2,1,1,2,2,1,2,1,1,2,1,2,2,1,1,1,1,1,2,1,2,2,1,2,2,2,2,2,1,2,2,,,,1.0,110,,,4.0,,,,,,,,,,,60.0,1.0,,,,1.0,2.0,3.0,3.0,3.0,1.0,4.0,3.0,3.0
2058,5,4,5,5,5,5,5,4,1,5,65.0,,5.0,4.0,1.0,6.0,1.0,82,2.0,700,,,,,,3.0,2.0,,1.0,1.0,1.0,1.0,1.0,1.0,7,2,3,5,1,5,6,3,3,2,40.0,35.0,55.0,52.0,55.0,51.0,90.0,60.0,59.0,54.0,1,2,1,1,1,1,1,2,2,1,1,2,1,1,2,1,1,2,1,2,1,1,1,1,1,1,2,1,1,2,2,2,1,1,1,2,2,1,1,2,,,,,,14,,5.0,,,,,,,,,,,,3.0,,,,1.0,,,,,4.0,5.0,6.0,
